Workbook

Sheet Sheet1
A1: OID | B1: PlotID | C1: AY | D1: 1.3 | E1: 1.9 | F1: 0.40518 | G1: 0.40837 | H1: 0.41156 | I1: 0.41475 | J1: 0.41794 | K1: 0.42114 | L1: 0.42433 | M1: 0.42752 | N1: 0.43072 | O1: 0.43392 | P1: 0.43711 | Q1: 0.44031 | R1: 0.44351 | S1: 0.4467 | T1: 0.4499 | U1: 0.45309 | V1: 0.45629 | W1: 0.45949 | X1: 0.46268 | Y1: 0.46588 | Z1: 0.46908 | AA1: 0.47227 | AB1: 0.47547 | AC1: 0.47867 | AD1: 0.48184 | AE1: 0.485 | AF1: 0.48816 | AG1: 0.49132 | AH1: 0.49449 | AI1: 0.49765 | AJ1: 0.50081 | AK1: 0.50397 | AL1: 0.50713 | AM1: 0.51029 | AN1: 0.51345 | AO1: 0.51661 | AP1: 0.51978 | AQ1: 0.52306 | AR1: 0.5264 | AS1: 0.52973 | AT1: 0.53306 | AU1: 0.53639 | AV1: 0.53972 | AW1: 0.54305 | AX1: 0.54639 | AY1: 0.54972 | AZ1: 0.55305 | BA1: 0.55638 | BB1: 0.55971 | BC1: 0.56305 | BD1: 0.56638 | BE1: 0.56971 | BF1: 0.57304 | BG1: 0.57638 | BH1: 0.57971 | BI1: 0.58304 | BJ1: 0.58637 | BK1: 0.5896 | BL1: 0.59281 | BM1: 0.59601 | BN1: 0.59922 | BO1: 0.60242 | BP1: 0.60563 | BQ1: 0.60883 | BR1: 0.61204 | BS1: 0.61524 | BT1: 0.61845 | BU1: 0.62165 | BV1: 0.62486 | BW1: 0.62806 | BX1: 0.63126 | BY1: 0.63447 | BZ1: 0.63767 | CA1: 0.64088 | CB1: 0.64408 | CC1: 0.64729 | CD1: 0.65049 | CE1: 0.6537 | CF1: 0.6569 | CG1: 0.66011 | CH1: 0.66331 | CI1: 0.66652 | CJ1: 0.66972 | CK1: 0.67293 | CL1: 0.67613 | CM1: 0.67934 | CN1: 0.68254 | CO1: 0.68575 | CP1: 0.68886 | CQ1: 0.69194 | CR1: 0.69503 | CS1: 0.69811 | CT1: 0.70119 | CU1: 0.70427 | CV1: 0.70735 | CW1: 0.71043 | CX1: 0.71351 | CY1: 0.71659 | CZ1: 0.71967 | DA1: 0.72276 | DB1: 0.72584 | DC1: 0.72892 | DD1: 0.732 | DE1: 0.73508 | DF1: 0.73816 | DG1: 0.74124 | DH1: 0.74432 | DI1: 0.74741 | DJ1: 0.75049 | DK1: 0.75357 | DL1: 0.75665 | DM1: 0.75973 | DN1: 0.76288 | DO1: 0.7661 | DP1: 0.76932 | DQ1: 0.77254 | DR1: 0.77575 | DS1: 0.77897 | DT1: 0.78219 | DU1: 0.78541 | DV1: 0.78863 | DW1: 0.79185 | DX1: 0.79507 | DY1: 0.79829 | DZ1: 0.80151 | EA1: 0.80473 | EB1: 0.80795 | EC1: 0.81116 | ED1: 0.81438 | EE1: 0.81759 | EF1: 0.82077 | EG1: 0.82395 | EH1: 0.82713 | EI1: 0.83031 | EJ1: 0.8335 | EK1: 0.83668 | EL1: 0.83986 | EM1: 0.84304 | EN1: 0.84622 | EO1: 0.8494 | EP1: 0.85258 | EQ1: 0.85576 | ER1: 0.85894 | ES1: 0.86212 | ET1: 0.8653 | EU1: 0.86848 | EV1: 0.87167 | EW1: 0.87485 | EX1: 0.87803 | EY1: 0.88121 | EZ1: 0.88439 | FA1: 0.88757 | FB1: 0.89075 | FC1: 0.89393 | FD1: 0.89711 | FE1: 0.90029 | FF1: 0.90347 | FG1: 0.90666 | FH1: 0.90984 | FI1: 0.91302 | FJ1: 0.9162 | FK1: 0.91938 | FL1: 0.92256 | FM1: 0.92574 | FN1: 0.92892 | FO1: 0.9321 | FP1: 0.93528 | FQ1: 0.93846 | FR1: 0.94165 | FS1: 0.94484 | FT1: 0.94804 | FU1: 0.9506 | FV1: 0.95123 | FW1: 0.95442 | FX1: 0.95605 | FY1: 0.95761 | FZ1: 0.9608 | GA1: 0.96151 | GB1: 0.964 | GC1: 0.96698 | GD1: 0.96719 | GE1: 0.97038 | GF1: 0.97245 | GG1: 0.97357 | GH1: 0.97676 | GI1: 0.97793 | GJ1: 0.97996 | GK1: 0.98315 | GL1: 0.9834 | GM1: 0.98634 | GN1: 0.98887 | GO1: 0.98953 | GP1: 0.99272 | GQ1: 0.99435 | GR1: 0.99592 | GS1: 0.99982 | GT1: 1.00529 | GU1: 1.01076 | GV1: 1.01624 | GW1: 1.02171 | GX1: 1.02719 | GY1: 1.03266 | GZ1: 1.03813 | HA1: 1.04361 | HB1: 1.04908 | HC1: 1.05455 | HD1: 1.06003 | HE1: 1.0655 | HF1: 1.07097 | HG1: 1.07645 | HH1: 1.08192 | HI1: 1.08739 | HJ1: 1.09286 | HK1: 1.09834 | HL1: 1.1038 | HM1: 1.10924 | HN1: 1.11469 | HO1: 1.12014 | HP1: 1.12559 | HQ1: 1.13104 | HR1: 1.13649 | HS1: 1.14194 | HT1: 1.14739 | HU1: 1.15283 | HV1: 1.15828 | HW1: 1.16373 | HX1: 1.16918 | HY1: 1.17463 | HZ1: 1.18008 | IA1: 1.18553 | IB1: 1.19097 | IC1: 1.19641 | ID1: 1.20186 | IE1: 1.20731 | IF1: 1.21276 | IG1: 1.21821 | IH1: 1.22366 | II1: 1.22911 | IJ1: 1.23456 | IK1: 1.24001 | IL1: 1.24545 | IM1: 1.2509 | IN1: 1.25635 | IO1: 1.2618 | IP1: 1.26724 | IQ1: 1.27269 | IR1: 1.27814 | IS1: 1.28358 | IT1: 1.28903 | IU1: 1.50116 | IV1: 1.50657 | IW1: 1.51197 | IX1: 1.51738 | IY1: 1.52278 | IZ1: 1.52819 | JA1: 1.53359 | JB1: 1.539 | JC1: 1.5444 | JD1: 1.5498 | JE1: 1.55521 | JF1: 1.56062 | JG1: 1.56602 | JH1: 1.57143 | JI1: 1.57683 | JJ1: 1.58224 | JK1: 1.5877 | JL1: 1.59317 | JM1: 1.59865 | JN1: 1.60412 | JO1: 1.6096 | JP1: 1.61507 | JQ1: 1.62055 | JR1: 1.62603 | JS1: 1.63149 | JT1: 1.63698 | JU1: 1.64244 | JV1: 1.64793 | JW1: 1.65339 | JX1: 1.65887 | JY1: 1.66435 | JZ1: 1.66982 | KA1: 1.6753 | KB1: 1.68077 | KC1: 1.68625 | KD1: 1.69172 | KE1: 1.6972 | KF1: 1.70268 | KG1: 1.70815 | KH1: 1.71363 | KI1: 1.7191 | KJ1: 1.72458 | KK1: 1.73005 | KL1: 1.73553 | KM1: 1.741 | KN1: 1.74648 | KO1: 1.75195 | KP1: 1.75742 | KQ1: 1.7629 | KR1: 1.76837 | KS1: 1.77385 | KT1: 1.77933 | KU1: 1.7848 | KV1: 1.79028 | KW1: 1.79575 | KX1: 1.80123 | KY1: 1.8067 | KZ1: 1.81218 | LA1: 1.81766 | LB1: 1.82313 | LC1: 1.99286 | LD1: 1.99833 | LE1: 2.00379 | LF1: 2.00918 | LG1: 2.01457 | LH1: 2.01996 | LI1: 2.02536 | LJ1: 2.03075 | LK1: 2.03614 | LL1: 2.04153 | LM1: 2.04692 | LN1: 2.05231 | LO1: 2.05773 | LP1: 2.0632 | LQ1: 2.06868 | LR1: 2.07415 | LS1: 2.07962 | LT1: 2.08508 | LU1: 2.09056 | LV1: 2.09603 | LW1: 2.1015 | LX1: 2.10697 | LY1: 2.11245 | LZ1: 2.11792 | MA1: 2.12339 | MB1: 2.12886 | MC1: 2.13434 | MD1: 2.13981 | ME1: 2.14528 | MF1: 2.15075 | MG1: 2.15623 | MH1: 2.1617 | MI1: 2.16717 | MJ1: 2.17264 | MK1: 2.17812 | ML1: 2.18358 | MM1: 2.18905 | MN1: 2.19453 | MO1: 2.2 | MP1: 2.20545 | MQ1: 2.2109 | MR1: 2.21636 | MS1: 2.22181 | MT1: 2.22727 | MU1: 2.23273 | MV1: 2.23818 | MW1: 2.24364 | MX1: 2.24909 | MY1: 2.25455 | MZ1: 2.26 | NA1: 2.26546 | NB1: 2.27091 | NC1: 2.27637 | ND1: 2.28182 | NE1: 2.28728 | NF1: 2.29273 | NG1: 2.29819 | NH1: 2.30364 | NI1: 2.30909 | NJ1: 2.31455 | NK1: 2.32001 | NL1: 2.32547 | NM1: 2.33094 | NN1: 2.3364 | NO1: 2.34186 | NP1: 2.34732 | NQ1: 2.35279 | NR1: 2.35825 | NS1: 2.36371 | NT1: 2.36917 | NU1: 2.37464 | NV1: 2.3801 | NW1: 2.38556 | NX1: 2.39102 | NY1: 2.39649
A2: 0 | B2: H-102 | C2: NEG | F2: =AVERAGE('2'!C2,'3'!C2,'5'!C2) -> 1.1543779 | G2: =AVERAGE('2'!D2,'3'!D2,'5'!D2) -> 1.2292277 | H2: =AVERAGE('2'!E2,'3'!E2,'5'!E2) -> 1.2968377 | I2: =AVERAGE('2'!F2,'3'!F2,'5'!F2) -> 1.3572078 | J2: =AVERAGE('2'!G2,'3'!G2,'5'!G2) -> 1.4103381 | K2: =AVERAGE('2'!H2,'3'!H2,'5'!H2) -> 1.4562287 | L2: =AVERAGE('2'!I2,'3'!I2,'5'!I2) -> 1.4774055 | M2: =AVERAGE('2'!J2,'3'!J2,'5'!J2) -> 1.5035711 | ... NY2: =AVERAGE('2'!NV2,'3'!NV2,'5'!NV2) -> 7.3850101
A3: 1 | B3: H-115 | C3: NEG | F3: =AVERAGE('2'!C3,'3'!C3,'5'!C3) -> 1.2208707 | G3: =AVERAGE('2'!D3,'3'!D3,'5'!D3) -> 1.2924396 | H3: =AVERAGE('2'!E3,'3'!E3,'5'!E3) -> 1.3581071 | I3: =AVERAGE('2'!F3,'3'!F3,'5'!F3) -> 1.417873 | J3: =AVERAGE('2'!G3,'3'!G3,'5'!G3) -> 1.4717375 | K3: =AVERAGE('2'!H3,'3'!H3,'5'!H3) -> 1.5197005 | L3: =AVERAGE('2'!I3,'3'!I3,'5'!I3) -> 1.5476851 | M3: =AVERAGE('2'!J3,'3'!J3,'5'!J3) -> 1.5775943 | ... NY3: =AVERAGE('2'!NV3,'3'!NV3,'5'!NV3) -> 7.4670277
A4: 2 | B4: H-207 | C4: NEG | F4: =AVERAGE('2'!C4,'3'!C4,'5'!C4) -> 1.2057202 | G4: =AVERAGE('2'!D4,'3'!D4,'5'!D4) -> 1.2693672 | H4: =AVERAGE('2'!E4,'3'!E4,'5'!E4) -> 1.3275519 | I4: =AVERAGE('2'!F4,'3'!F4,'5'!F4) -> 1.3802745 | J4: =AVERAGE('2'!G4,'3'!G4,'5'!G4) -> 1.4275348 | K4: =AVERAGE('2'!H4,'3'!H4,'5'!H4) -> 1.4693328 | L4: =AVERAGE('2'!I4,'3'!I4,'5'!I4) -> 1.4929234 | M4: =AVERAGE('2'!J4,'3'!J4,'5'!J4) -> 1.5130666 | ... NY4: =AVERAGE('2'!NV4,'3'!NV4,'5'!NV4) -> 7.3299422
A5: 3 | B5: H-217 | C5: NEG | F5: =AVERAGE('2'!C5,'3'!C5,'5'!C5) -> 1.1757817 | G5: =AVERAGE('2'!D5,'3'!D5,'5'!D5) -> 1.2448729 | H5: =AVERAGE('2'!E5,'3'!E5,'5'!E5) -> 1.3072015 | I5: =AVERAGE('2'!F5,'3'!F5,'5'!F5) -> 1.3627678 | J5: =AVERAGE('2'!G5,'3'!G5,'5'!G5) -> 1.4115718 | K5: =AVERAGE('2'!H5,'3'!H5,'5'!H5) -> 1.4536133 | L5: =AVERAGE('2'!I5,'3'!I5,'5'!I5) -> 1.4713497 | M5: =AVERAGE('2'!J5,'3'!J5,'5'!J5) -> 1.4929461 | ... NY5: =AVERAGE('2'!NV5,'3'!NV5,'5'!NV5) -> 7.8698441
A6: 4 | B6: H-306 | C6: NEG | F6: =AVERAGE('2'!C6,'3'!C6,'5'!C6) -> 1.1830877 | G6: =AVERAGE('2'!D6,'3'!D6,'5'!D6) -> 1.2567793 | H6: =AVERAGE('2'!E6,'3'!E6,'5'!E6) -> 1.3231576 | I6: =AVERAGE('2'!F6,'3'!F6,'5'!F6) -> 1.3822222 | J6: =AVERAGE('2'!G6,'3'!G6,'5'!G6) -> 1.4339734 | K6: =AVERAGE('2'!H6,'3'!H6,'5'!H6) -> 1.478411 | L6: =AVERAGE('2'!I6,'3'!I6,'5'!I6) -> 1.4988715 | M6: =AVERAGE('2'!J6,'3'!J6,'5'!J6) -> 1.5213227 | ... NY6: =AVERAGE('2'!NV6,'3'!NV6,'5'!NV6) -> 7.3770869
A7: 5 | B7: H-312 | C7: NEG | F7: =AVERAGE('2'!C7,'3'!C7,'5'!C7) -> 1.1873581 | G7: =AVERAGE('2'!D7,'3'!D7,'5'!D7) -> 1.2577153 | H7: =AVERAGE('2'!E7,'3'!E7,'5'!E7) -> 1.3217116 | I7: =AVERAGE('2'!F7,'3'!F7,'5'!F7) -> 1.379347 | J7: =AVERAGE('2'!G7,'3'!G7,'5'!G7) -> 1.4306216 | K7: =AVERAGE('2'!H7,'3'!H7,'5'!H7) -> 1.4755352 | L7: =AVERAGE('2'!I7,'3'!I7,'5'!I7) -> 1.4985474 | M7: =AVERAGE('2'!J7,'3'!J7,'5'!J7) -> 1.5217241 | ... NY7: =AVERAGE('2'!NV7,'3'!NV7,'5'!NV7) -> 7.8072441
A8: 6 | B8: H-405 | C8: NEG | F8: =AVERAGE('2'!C8,'3'!C8,'5'!C8) -> 1.1668083 | G8: =AVERAGE('2'!D8,'3'!D8,'5'!D8) -> 1.2385772 | H8: =AVERAGE('2'!E8,'3'!E8,'5'!E8) -> 1.3035413 | I8: =AVERAGE('2'!F8,'3'!F8,'5'!F8) -> 1.3617003 | J8: =AVERAGE('2'!G8,'3'!G8,'5'!G8) -> 1.4130544 | K8: =AVERAGE('2'!H8,'3'!H8,'5'!H8) -> 1.4576037 | L8: =AVERAGE('2'!I8,'3'!I8,'5'!I8) -> 1.4796421 | M8: =AVERAGE('2'!J8,'3'!J8,'5'!J8) -> 1.5031454 | ... NY8: =AVERAGE('2'!NV8,'3'!NV8,'5'!NV8) -> 7.5025288
A9: 7 | B9: H-411 | C9: NEG | F9: =AVERAGE('2'!C9,'3'!C9,'5'!C9) -> 1.148489 | G9: =AVERAGE('2'!D9,'3'!D9,'5'!D9) -> 1.2196983 | H9: =AVERAGE('2'!E9,'3'!E9,'5'!E9) -> 1.2839041 | I9: =AVERAGE('2'!F9,'3'!F9,'5'!F9) -> 1.3411067 | J9: =AVERAGE('2'!G9,'3'!G9,'5'!G9) -> 1.391306 | K9: =AVERAGE('2'!H9,'3'!H9,'5'!H9) -> 1.4345021 | L9: =AVERAGE('2'!I9,'3'!I9,'5'!I9) -> 1.4531011 | M9: =AVERAGE('2'!J9,'3'!J9,'5'!J9) -> 1.4731104 | ... NY9: =AVERAGE('2'!NV9,'3'!NV9,'5'!NV9) -> 6.8969558
A10: 8 | B10: H-502 | C10: NEG | F10: =AVERAGE('2'!C10,'3'!C10,'5'!C10) -> 1.132133 | G10: =AVERAGE('2'!D10,'3'!D10,'5'!D10) -> 1.2023252 | H10: =AVERAGE('2'!E10,'3'!E10,'5'!E10) -> 1.265813 | I10: =AVERAGE('2'!F10,'3'!F10,'5'!F10) -> 1.3225968 | J10: =AVERAGE('2'!G10,'3'!G10,'5'!G10) -> 1.3726763 | K10: =AVERAGE('2'!H10,'3'!H10,'5'!H10) -> 1.4160516 | L10: =AVERAGE('2'!I10,'3'!I10,'5'!I10) -> 1.43636 | M10: =AVERAGE('2'!J10,'3'!J10,'5'!J10) -> 1.4595253 | ... NY10: =AVERAGE('2'!NV10,'3'!NV10,'5'!NV10) -> 7.5522907
A11: 9 | B11: H-509 | C11: NEG | F11: =AVERAGE('2'!C11,'3'!C11,'5'!C11) -> 1.1305023 | G11: =AVERAGE('2'!D11,'3'!D11,'5'!D11) -> 1.1917518 | H11: =AVERAGE('2'!E11,'3'!E11,'5'!E11) -> 1.2473939 | I11: =AVERAGE('2'!F11,'3'!F11,'5'!F11) -> 1.2974286 | J11: =AVERAGE('2'!G11,'3'!G11,'5'!G11) -> 1.3418558 | K11: =AVERAGE('2'!H11,'3'!H11,'5'!H11) -> 1.3806754 | L11: =AVERAGE('2'!I11,'3'!I11,'5'!I11) -> 1.3984417 | M11: =AVERAGE('2'!J11,'3'!J11,'5'!J11) -> 1.4181462 | ... NY11: =AVERAGE('2'!NV11,'3'!NV11,'5'!NV11) -> 8.0054224
A12: 10 | B12: L-108 | C12: NEG | F12: =AVERAGE('2'!C12,'3'!C12,'5'!C12) -> 1.7382009 | G12: =AVERAGE('2'!D12,'3'!D12,'5'!D12) -> 1.8495253 | H12: =AVERAGE('2'!E12,'3'!E12,'5'!E12) -> 1.9528862 | I12: =AVERAGE('2'!F12,'3'!F12,'5'!F12) -> 2.0482838 | J12: =AVERAGE('2'!G12,'3'!G12,'5'!G12) -> 2.1357182 | K12: =AVERAGE('2'!H12,'3'!H12,'5'!H12) -> 2.215189 | L12: =AVERAGE('2'!I12,'3'!I12,'5'!I12) -> 2.2661759 | M12: =AVERAGE('2'!J12,'3'!J12,'5'!J12) -> 2.3141344 | ... NY12: =AVERAGE('2'!NV12,'3'!NV12,'5'!NV12) -> 11.887531
A13: 11 | B13: L-111 | C13: NEG | F13: =AVERAGE('2'!C13,'3'!C13,'5'!C13) -> 1.6423577 | G13: =AVERAGE('2'!D13,'3'!D13,'5'!D13) -> 1.7461325 | H13: =AVERAGE('2'!E13,'3'!E13,'5'!E13) -> 1.8424338 | I13: =AVERAGE('2'!F13,'3'!F13,'5'!F13) -> 1.9312614 | J13: =AVERAGE('2'!G13,'3'!G13,'5'!G13) -> 2.0126158 | K13: =AVERAGE('2'!H13,'3'!H13,'5'!H13) -> 2.0864966 | L13: =AVERAGE('2'!I13,'3'!I13,'5'!I13) -> 2.1315872 | M13: =AVERAGE('2'!J13,'3'!J13,'5'!J13) -> 2.1827081 | ... NY13: =AVERAGE('2'!NV13,'3'!NV13,'5'!NV13) -> 10.888921
... A35: 33 | B35: L-511 | C35: POS | F35: =AVERAGE('2'!C35,'3'!C35,'5'!C35) -> 1.243398 | G35: =AVERAGE('2'!D35,'3'!D35,'5'!D35) -> 1.3077439 | H35: =AVERAGE('2'!E35,'3'!E35,'5'!E35) -> 1.3682027 | I35: =AVERAGE('2'!F35,'3'!F35,'5'!F35) -> 1.4247744 | J35: =AVERAGE('2'!G35,'3'!G35,'5'!G35) -> 1.477459 | K35: =AVERAGE('2'!H35,'3'!H35,'5'!H35) -> 1.5262566 | L35: =AVERAGE('2'!I35,'3'!I35,'5'!I35) -> 1.5519567 | M35: =AVERAGE('2'!J35,'3'!J35,'5'!J35) -> 1.5824289 | ... NY35: =AVERAGE('2'!NV35,'3'!NV35,'5'!NV35) -> 8.52781

Sheet 2
B1: PlotID | C1: 0.40518 | D1: 0.40837 | E1: 0.41156 | F1: 0.41475 | G1: 0.41794 | H1: 0.42114 | I1: 0.42433 | J1: 0.42752 | K1: 0.43072 | L1: 0.43392 | M1: 0.43711 | N1: 0.44031 | O1: 0.44351 | P1: 0.4467 | Q1: 0.4499 | R1: 0.45309 | S1: 0.45629 | T1: 0.45949 | U1: 0.46268 | V1: 0.46588 | W1: 0.46908 | X1: 0.47227 | Y1: 0.47547 | Z1: 0.47867 | AA1: 0.48184 | AB1: 0.485 | AC1: 0.48816 | AD1: 0.49132 | AE1: 0.49449 | AF1: 0.49765 | AG1: 0.50081 | AH1: 0.50397 | AI1: 0.50713 | AJ1: 0.51029 | AK1: 0.51345 | AL1: 0.51661 | AM1: 0.51978 | AN1: 0.52306 | AO1: 0.5264 | AP1: 0.52973 | AQ1: 0.53306 | AR1: 0.53639 | AS1: 0.53972 | AT1: 0.54305 | AU1: 0.54639 | AV1: 0.54972 | AW1: 0.55305 | AX1: 0.55638 | AY1: 0.55971 | AZ1: 0.56305 | BA1: 0.56638 | BB1: 0.56971 | BC1: 0.57304 | BD1: 0.57638 | BE1: 0.57971 | BF1: 0.58304 | BG1: 0.58637 | BH1: 0.5896 | BI1: 0.59281 | BJ1: 0.59601 | BK1: 0.59922 | BL1: 0.60242 | BM1: 0.60563 | BN1: 0.60883 | BO1: 0.61204 | BP1: 0.61524 | BQ1: 0.61845 | BR1: 0.62165 | BS1: 0.62486 | BT1: 0.62806 | BU1: 0.63126 | BV1: 0.63447 | BW1: 0.63767 | BX1: 0.64088 | BY1: 0.64408 | BZ1: 0.64729 | CA1: 0.65049 | CB1: 0.6537 | CC1: 0.6569 | CD1: 0.66011 | CE1: 0.66331 | CF1: 0.66652 | CG1: 0.66972 | CH1: 0.67293 | CI1: 0.67613 | CJ1: 0.67934 | CK1: 0.68254 | CL1: 0.68575 | CM1: 0.68886 | CN1: 0.69194 | CO1: 0.69503 | CP1: 0.69811 | CQ1: 0.70119 | CR1: 0.70427 | CS1: 0.70735 | CT1: 0.71043 | CU1: 0.71351 | CV1: 0.71659 | CW1: 0.71967 | CX1: 0.72276 | CY1: 0.72584 | CZ1: 0.72892 | DA1: 0.732 | DB1: 0.73508 | DC1: 0.73816 | DD1: 0.74124 | DE1: 0.74432 | DF1: 0.74741 | DG1: 0.75049 | DH1: 0.75357 | DI1: 0.75665 | DJ1: 0.75973 | DK1: 0.76288 | DL1: 0.7661 | DM1: 0.76932 | DN1: 0.77254 | DO1: 0.77575 | DP1: 0.77897 | DQ1: 0.78219 | DR1: 0.78541 | DS1: 0.78863 | DT1: 0.79185 | DU1: 0.79507 | DV1: 0.79829 | DW1: 0.80151 | DX1: 0.80473 | DY1: 0.80795 | DZ1: 0.81116 | EA1: 0.81438 | EB1: 0.81759 | EC1: 0.82077 | ED1: 0.82395 | EE1: 0.82713 | EF1: 0.83031 | EG1: 0.8335 | EH1: 0.83668 | EI1: 0.83986 | EJ1: 0.84304 | EK1: 0.84622 | EL1: 0.8494 | EM1: 0.85258 | EN1: 0.85576 | EO1: 0.85894 | EP1: 0.86212 | EQ1: 0.8653 | ER1: 0.86848 | ES1: 0.87167 | ET1: 0.87485 | EU1: 0.87803 | EV1: 0.88121 | EW1: 0.88439 | EX1: 0.88757 | EY1: 0.89075 | EZ1: 0.89393 | FA1: 0.89711 | FB1: 0.90029 | FC1: 0.90347 | FD1: 0.90666 | FE1: 0.90984 | FF1: 0.91302 | FG1: 0.9162 | FH1: 0.91938 | FI1: 0.92256 | FJ1: 0.92574 | FK1: 0.92892 | FL1: 0.9321 | FM1: 0.93528 | FN1: 0.93846 | FO1: 0.94165 | FP1: 0.94484 | FQ1: 0.94804 | FR1: 0.9506 | FS1: 0.95123 | FT1: 0.95442 | FU1: 0.95605 | FV1: 0.95761 | FW1: 0.9608 | FX1: 0.96151 | FY1: 0.964 | FZ1: 0.96698 | GA1: 0.96719 | GB1: 0.97038 | GC1: 0.97245 | GD1: 0.97357 | GE1: 0.97676 | GF1: 0.97793 | GG1: 0.97996 | GH1: 0.98315 | GI1: 0.9834 | GJ1: 0.98634 | GK1: 0.98887 | GL1: 0.98953 | GM1: 0.99272 | GN1: 0.99435 | GO1: 0.99592 | GP1: 0.99982 | GQ1: 1.00529 | GR1: 1.01076 | GS1: 1.01624 | GT1: 1.02171 | GU1: 1.02719 | GV1: 1.03266 | GW1: 1.03813 | GX1: 1.04361 | GY1: 1.04908 | GZ1: 1.05455 | HA1: 1.06003 | HB1: 1.0655 | HC1: 1.07097 | HD1: 1.07645 | HE1: 1.08192 | HF1: 1.08739 | HG1: 1.09286 | HH1: 1.09834 | HI1: 1.1038 | HJ1: 1.10924 | HK1: 1.11469 | HL1: 1.12014 | HM1: 1.12559 | HN1: 1.13104 | HO1: 1.13649 | HP1: 1.14194 | HQ1: 1.14739 | HR1: 1.15283 | HS1: 1.15828 | HT1: 1.16373 | HU1: 1.16918 | HV1: 1.17463 | HW1: 1.18008 | HX1: 1.18553 | HY1: 1.19097 | HZ1: 1.19641 | IA1: 1.20186 | IB1: 1.20731 | IC1: 1.21276 | ID1: 1.21821 | IE1: 1.22366 | IF1: 1.22911 | IG1: 1.23456 | IH1: 1.24001 | II1: 1.24545 | IJ1: 1.2509 | IK1: 1.25635 | IL1: 1.2618 | IM1: 1.26724 | IN1: 1.27269 | IO1: 1.27814 | IP1: 1.28358 | IQ1: 1.28903 | IR1: 1.50116 | IS1: 1.50657 | IT1: 1.51197 | IU1: 1.51738 | IV1: 1.52278 | IW1: 1.52819 | IX1: 1.53359 | IY1: 1.539 | IZ1: 1.5444 | JA1: 1.5498 | JB1: 1.55521 | JC1: 1.56062 | JD1: 1.56602 | JE1: 1.57143 | JF1: 1.57683 | JG1: 1.58224 | JH1: 1.5877 | JI1: 1.59317 | JJ1: 1.59865 | JK1: 1.60412 | JL1: 1.6096 | JM1: 1.61507 | JN1: 1.62055 | JO1: 1.62603 | JP1: 1.63149 | JQ1: 1.63698 | JR1: 1.64244 | JS1: 1.64793 | JT1: 1.65339 | JU1: 1.65887 | JV1: 1.66435 | JW1: 1.66982 | JX1: 1.6753 | JY1: 1.68077 | JZ1: 1.68625 | KA1: 1.69172 | KB1: 1.6972 | KC1: 1.70268 | KD1: 1.70815 | KE1: 1.71363 | KF1: 1.7191 | KG1: 1.72458 | KH1: 1.73005 | KI1: 1.73553 | KJ1: 1.741 | KK1: 1.74648 | KL1: 1.75195 | KM1: 1.75742 | KN1: 1.7629 | KO1: 1.76837 | KP1: 1.77385 | KQ1: 1.77933 | KR1: 1.7848 | KS1: 1.79028 | KT1: 1.79575 | KU1: 1.80123 | KV1: 1.8067 | KW1: 1.81218 | KX1: 1.81766 | KY1: 1.82313 | KZ1: 1.99286 | LA1: 1.99833 | LB1: 2.00379 | LC1: 2.00918 | LD1: 2.01457 | LE1: 2.01996 | LF1: 2.02536 | LG1: 2.03075 | LH1: 2.03614 | LI1: 2.04153 | LJ1: 2.04692 | LK1: 2.05231 | LL1: 2.05773 | LM1: 2.0632 | LN1: 2.06868 | LO1: 2.07415 | LP1: 2.07962 | LQ1: 2.08508 | LR1: 2.09056 | LS1: 2.09603 | LT1: 2.1015 | LU1: 2.10697 | LV1: 2.11245 | LW1: 2.11792 | LX1: 2.12339 | LY1: 2.12886 | LZ1: 2.13434 | MA1: 2.13981 | MB1: 2.14528 | MC1: 2.15075 | MD1: 2.15623 | ME1: 2.1617 | MF1: 2.16717 | MG1: 2.17264 | MH1: 2.17812 | MI1: 2.18358 | MJ1: 2.18905 | MK1: 2.19453 | ML1: 2.2 | MM1: 2.20545 | MN1: 2.2109 | MO1: 2.21636 | MP1: 2.22181 | MQ1: 2.22727 | MR1: 2.23273 | MS1: 2.23818 | MT1: 2.24364 | MU1: 2.24909 | MV1: 2.25455 | MW1: 2.26 | MX1: 2.26546 | MY1: 2.27091 | MZ1: 2.27637 | NA1: 2.28182 | NB1: 2.28728 | NC1: 2.29273 | ND1: 2.29819 | NE1: 2.30364 | NF1: 2.30909 | NG1: 2.31455 | NH1: 2.32001 | NI1: 2.32547 | NJ1: 2.33094 | NK1: 2.3364 | NL1: 2.34186 | NM1: 2.34732 | NN1: 2.35279 | NO1: 2.35825 | NP1: 2.36371 | NQ1: 2.36917 | NR1: 2.37464 | NS1: 2.3801 | NT1: 2.38556 | NU1: 2.39102 | NV1: 2.39649
A2: 0 | B2: H-102_NEG | C2: 1.5444355 | D2: 1.5785292 | E2: 1.6094759 | F2: 1.6372752 | G2: 1.6619278 | H2: 1.6834331 | I2: 1.6820355 | J2: 1.6890245 | K2: 1.7209698 | L2: 1.7487486 | M2: 1.778871 | N2: 1.8115326 | O2: 1.8361489 | P2: 1.8680399 | Q2: 1.9054572 | R2: 1.9299105 | S2: 1.9384397 | T2: 1.9441627 | U2: 1.9453517 | V2: 1.9513533 | W2: 1.9710144 | X2: 1.9754327 | Y2: 1.9964504 | Z2: 2.0184959 | AA2: 2.0358353 | AB2: 2.0394925 | AC2: 2.0472685 | AD2: 2.0619466 | AE2: 2.0853176 | AF2: 2.1424995 | AG2: 2.2306109 | AH2: 2.355184 | AI2: 2.5702165 | AJ2: 2.8303408 | AK2: 3.1486428 | AL2: 3.5468661 | AM2: 4.002096 | AN2: 4.4927099 | AO2: 4.9772653 | AP2: 5.4239775 | AQ2: 5.7971894 | AR2: 6.0975812 | AS2: 6.3253972 | AT2: 6.4907895 | AU2: 6.6266783 | AV2: 6.7207311 | AW2: 6.7418704 | AX2: 6.7334584 | AY2: 6.6368865 | AZ2: 6.4595061 | BA2: 6.1905327 | BB2: 5.8452087 | BC2: 5.4890866 | BD2: 5.2213653 | BE2: 4.9758874 | BF2: 4.7494459 | BG2: 4.5544502 | BH2: 4.4201899 | BI2: 4.298793 | BJ2: 4.2071826 | BK2: 4.1109503 | BL2: 4.0235643 | BM2: 3.9445347 | BN2: 3.8789069 | BO2: 3.7754295 | BP2: 3.6707184 | BQ2: 3.5573833 | BR2: 3.4531959 | BS2: 3.3628059 | BT2: 3.3032854 | BU2: 3.2517918 | BV2: 3.2255512 | BW2: 3.1614431 | BX2: 3.0687863 | BY2: 2.9931341 | BZ2: 2.8829578 | CA2: 2.7499137 | CB2: 2.6185599 | CC2: 2.4928988 | CD2: 2.3875068 | CE2: 2.2997027 | CF2: 2.2385068 | CG2: 2.1691386 | CH2: 2.1293057 | CI2: 2.1787594 | CJ2: 2.2048664 | CK2: 2.2443757 | CL2: 2.3378797 | CM2: 2.6042694 | CN2: 3.0694648 | CO2: 3.7928719 | CP2: 4.8214514 | CQ2: 6.0537628 | CR2: 7.8147491 | CS2: 10.168551 | CT2: 12.470835 | CU2: 15.060274 | CV2: 17.901463 | CW2: 20.759224 | CX2: 23.653394 | CY2: 26.634766 | CZ2: 29.569112 | DA2: 32.355155 | DB2: 35.295287 | DC2: 38.106492 | DD2: 40.394613 | DE2: 42.219487 | DF2: 43.929338 | DG2: 45.462953 | DH2: 46.667232 | DI2: 47.5558 | DJ2: 48.140598 | DK2: 48.534916 | DL2: 48.875022 | DM2: 49.050989 | DN2: 49.099462 | DO2: 48.874329 | DP2: 49.065397 | DQ2: 49.403735 | DR2: 49.507016 | DS2: 49.551774 | DT2: 49.567972 | DU2: 49.559652 | DV2: 49.486219 | DW2: 49.492766 | DX2: 49.6444 | DY2: 49.753448 | DZ2: 50.023939 | EA2: 50.287617 | EB2: 50.454483 | EC2: 50.581093 | ED2: 50.602954 | EE2: 50.581409 | EF2: 50.534747 | EG2: 50.604001 | EH2: 50.792298 | EI2: 50.861192 | EJ2: 51.127351 | EK2: 51.293072 | EL2: 51.286302 | EM2: 51.361557 | EN2: 51.512166 | EO2: 51.553716 | EP2: 51.593908 | EQ2: 51.598546 | ER2: 51.670282 | ES2: 51.703671 | ET2: 51.844339 | EU2: 51.875895 | EV2: 51.819074 | EW2: 51.804873 | EX2: 52.069816 | EY2: 52.077623 | EZ2: 52.053749 | FA2: 52.161968 | FB2: 52.291092 | FC2: 52.494713 | FD2: 52.58261 | FE2: 52.608628 | FF2: 52.396692 | FG2: 51.896632 | FH2: 51.747032 | FI2: 52.237245 | FJ2: 53.006656 | FK2: 53.49659 | FL2: 54.113963 | FM2: 54.973709 | FN2: 54.375147 | FO2: 53.618906 | FP2: 53.344808 | FQ2: 50.986121 | FR2: 49.093204 | FS2: 48.94385 | FT2: 47.196191 | FU2: 46.302794 | FV2: 45.386315 | FW2: 45.243099 | FX2: 45.14948 | FY2: 45.072418 | FZ2: 45.873887 | GA2: 45.714713 | GB2: 45.814562 | GC2: 46.553656 | GD2: 46.373718 | GE2: 46.594405 | GF2: 46.45079 | GG2: 46.460337 | GH2: 46.78346 | GI2: 46.690315 | GJ2: 46.736099 | GK2: 47.581158 | GL2: 47.33244 | GM2: 47.327285 | GN2: 47.339691 | GO2: 46.573411 | GP2: 46.611126 | GQ2: 46.437816 | GR2: 47.011882 | GS2: 47.939748 | GT2: 48.197277 | GU2: 48.944963 | GV2: 49.015658 | GW2: 48.920189 | GX2: 48.940599 | GY2: 49.341802 | GZ2: 50.14829 | HA2: 51.134995 | HB2: 51.87608 | HC2: 52.240294 | HD2: 51.999667 | HE2: 51.51892 | HF2: 50.965798 | HG2: 50.666823 | HH2: 50.458111 | HI2: 50.996863 | HJ2: 51.175481 | HK2: 51.377739 | HL2: 50.584323 | HM2: 49.403664 | HN2: 47.78394 | HO2: 45.986972 | HP2: 44.117891 | HQ2: 42.432966 | HR2: 41.124539 | HS2: 40.735652 | HT2: 40.271381 | HU2: 40.251342 | HV2: 39.778067 | HW2: 39.565604 | HX2: 39.262553 | HY2: 38.932088 | HZ2: 38.68792 | IA2: 38.653588 | IB2: 38.904002 | IC2: 39.353191 | ID2: 39.845288 | IE2: 40.288184 | IF2: 40.679998 | IG2: 40.957882 | IH2: 41.037557 | II2: 41.176859 | IJ2: 41.224822 | IK2: 41.260494 | IL2: 41.255063 | IM2: 41.225297 | IN2: 41.165432 | IO2: 41.075471 | IP2: 40.955411 | IQ2: 40.805258 | IR2: 11.17822 | IS2: 11.743746 | IT2: 12.306807 | IU2: 12.867402 | IV2: 13.42553 | IW2: 13.981194 | IX2: 14.570685 | IY2: 15.098469 | IZ2: 15.575795 | JA2: 16.160282 | JB2: 16.618691 | JC2: 17.028517 | JD2: 17.457292 | JE2: 17.823542 | JF2: 18.162759 | JG2: 18.440196 | JH2: 18.892794 | JI2: 19.275828 | JJ2: 19.588109 | JK2: 19.990054 | JL2: 20.313482 | JM2: 20.554127 | JN2: 20.870472 | JO2: 21.116391 | JP2: 21.298645 | JQ2: 21.526566 | JR2: 21.870934 | JS2: 22.096906 | JT2: 22.244273 | JU2: 22.464882 | JV2: 22.596292 | JW2: 22.653454 | JX2: 22.729176 | JY2: 22.679222 | JZ2: 22.575551 | KA2: 22.486971 | KB2: 22.282273 | KC2: 22.059293 | KD2: 21.729922 | KE2: 21.523229 | KF2: 21.263381 | KG2: 21.103537 | KH2: 20.849521 | KI2: 20.583251 | KJ2: 20.293709 | KK2: 20.045286 | KL2: 19.684868 | KM2: 19.452889 | KN2: 19.066575 | KO2: 18.714353 | KP2: 18.288382 | KQ2: 17.973395 | KR2: 17.505158 | KS2: 16.848004 | KT2: 15.841445 | KU2: 14.488885 | KV2: 12.859816 | KW2: 10.954234 | KX2: 8.7721391 | KY2: 6.3135345 | KZ2: 5.5293177 | LA2: 5.7260654 | LB2: 5.9013788 | LC2: 6.0552576 | LD2: 6.1877019 | LE2: 6.2987129 | LF2: 6.1777467 | LG2: 6.1971476 | LH2: 6.4036176 | LI2: 6.5431829 | LJ2: 6.8402222 | LK2: 7.0658177 | LL2: 7.2630049 | LM2: 7.4203583 | LN2: 7.5559396 | LO2: 7.6673359 | LP2: 7.8021984 | LQ2: 7.9794895 | LR2: 8.0924236 | LS2: 8.2672337 | LT2: 8.4520291 | LU2: 8.6425829 | LV2: 8.8366754 | LW2: 9.029391 | LX2: 9.1940372 | LY2: 9.3763619 | LZ2: 9.550784 | MA2: 9.6987155 | MB2: 9.8430026 | MC2: 9.9781951 | MD2: 10.086337 | ME2: 10.20727 | MF2: 10.309225 | MG2: 10.462642 | MH2: 10.690364 | MI2: 10.957254 | MJ2: 11.172436 | MK2: 11.3408 | ML2: 11.451866 | MM2: 11.482569 | MN2: 11.43605 | MO2: 11.356243 | MP2: 11.248851 | MQ2: 11.208761 | MR2: 11.215112 | MS2: 11.194403 | MT2: 11.083565 | MU2: 10.903659 | MV2: 10.71359 | MW2: 10.498762 | MX2: 10.308479 | MY2: 10.115191 | MZ2: 9.9486514 | NA2: 9.7840324 | NB2: 9.5991477 | NC2: 9.4291583 | ND2: 9.2466004 | NE2: 9.0278389 | NF2: 8.8098131 | NG2: 8.6047888 | NH2: 8.4963529 | NI2: 8.3970068 | NJ2: 8.3415896 | NK2: 8.2196672 | NL2: 8.0330245 | NM2: 8.0176681 | NN2: 8.0025273 | NO2: 7.9509877 | NP2: 7.9146094 | NQ2: 7.879505 | NR2: 7.8064933 | NS2: 7.7265366 | NT2: 7.6396355 | NU2: 7.5457893 | NV2: 7.4449988
A3: 1 | B3: H-115_NEG | C3: 1.5760002 | D3: 1.6074854 | E3: 1.6370569 | F3: 1.6647142 | G3: 1.6904577 | H3: 1.7142872 | I3: 1.7166973 | J3: 1.727453 | K3: 1.7672617 | L3: 1.8025022 | M3: 1.8350111 | N3: 1.8703031 | O3: 1.8940649 | P3: 1.9258044 | Q3: 1.9712334 | R3: 1.9921537 | S3: 2.0061429 | T3: 2.012294 | U3: 2.0127685 | V3: 2.0238036 | W3: 2.0483886 | X3: 2.058769 | Y3: 2.0816828 | Z3: 2.1083478 | AA3: 2.13031 | AB3: 2.1355766 | AC3: 2.1478346 | AD3: 2.1647217 | AE3: 2.1880059 | AF3: 2.2496875 | AG3: 2.3428599 | AH3: 2.4718742 | AI3: 2.6970097 | AJ3: 2.9681803 | AK3: 3.2937482 | AL3: 3.6985899 | AM3: 4.1687397 | AN3: 4.672433 | AO3: 5.1747311 | AP3: 5.6355211 | AQ3: 6.0188924 | AR3: 6.3300335 | AS3: 6.5658135 | AT3: 6.7346822 | AU3: 6.8670929 | AV3: 6.9589254 | AW3: 6.980785 | AX3: 6.9797997 | AY3: 6.8956558 | AZ3: 6.7326862 | BA3: 6.4741136 | BB3: 6.1428952 | BC3: 5.7881028 | BD3: 5.51746 | BE3: 5.2649541 | BF3: 5.0264462 | BG3: 4.8225831 | BH3: 4.6897416 | BI3: 4.5658834 | BJ3: 4.4818108 | BK3: 4.3888205 | BL3: 4.3138348 | BM3: 4.2358163 | BN3: 4.1735676 | BO3: 4.0715981 | BP3: 3.9630756 | BQ3: 3.8488095 | BR3: 3.7459201 | BS3: 3.6530989 | BT3: 3.5948224 | BU3: 3.5404358 | BV3: 3.5132396 | BW3: 3.4440785 | BX3: 3.3473646 | BY3: 3.2646152 | BZ3: 3.1412325 | CA3: 2.998352 | CB3: 2.8584838 | CC3: 2.7267401 | CD3: 2.6174881 | CE3: 2.5245525 | CF3: 2.4614298 | CG3: 2.3883029 | CH3: 2.3463295 | CI3: 2.401121 | CJ3: 2.4289161 | CK3: 2.4782241 | CL3: 2.5868932 | CM3: 2.8798003 | CN3: 3.3667134 | CO3: 4.1280015 | CP3: 5.2046342 | CQ3: 6.4903498 | CR3: 8.2816786 | CS3: 10.691663 | CT3: 13.013568 | CU3: 15.571088 | CV3: 18.341697 | CW3: 21.098104 | CX3: 23.801065 | CY3: 26.552044 | CZ3: 29.177052 | DA3: 31.625997 | DB3: 34.192995 | DC3: 36.666327 | DD3: 38.618835 | DE3: 40.059656 | DF3: 41.571667 | DG3: 43.049284 | DH3: 44.186768 | DI3: 44.986043 | DJ3: 45.481746 | DK3: 45.831199 | DL3: 46.080099 | DM3: 46.167822 | DN3: 46.119769 | DO3: 45.757439 | DP3: 45.98116 | DQ3: 46.377971 | DR3: 46.495697 | DS3: 46.536907 | DT3: 46.605306 | DU3: 46.667961 | DV3: 46.642285 | DW3: 46.673455 | DX3: 46.859783 | DY3: 46.96832 | DZ3: 47.228546 | EA3: 47.450285 | EB3: 47.606767 | EC3: 47.718473 | ED3: 47.785906 | EE3: 47.835717 | EF3: 47.876444 | EG3: 47.978768 | EH3: 48.252289 | EI3: 48.315838 | EJ3: 48.595406 | EK3: 48.776753 | EL3: 48.777605 | EM3: 48.825895 | EN3: 49.006371 | EO3: 49.080806 | EP3: 49.16517 | EQ3: 49.190661 | ER3: 49.313333 | ES3: 49.343506 | ET3: 49.543856 | EU3: 49.629176 | EV3: 49.576025 | EW3: 49.566551 | EX3: 49.812605 | EY3: 49.821659 | EZ3: 49.821507 | FA3: 49.961575 | FB3: 50.055474 | FC3: 50.274944 | FD3: 50.416895 | FE3: 50.492451 | FF3: 50.356034 | FG3: 49.803347 | FH3: 49.594421 | FI3: 49.98943 | FJ3: 50.795976 | FK3: 51.191717 | FL3: 51.751783 | FM3: 52.512492 | FN3: 52.096939 | FO3: 51.437347 | FP3: 51.174845 | FQ3: 48.983217 | FR3: 47.324957 | FS3: 47.244662 | FT3: 46.01907 | FU3: 45.220093 | FV3: 44.702429 | FW3: 44.80212 | FX3: 44.89276 | FY3: 44.877085 | FZ3: 45.601043 | GA3: 45.337363 | GB3: 45.392819 | GC3: 46.015359 | GD3: 45.800964 | GE3: 45.936917 | GF3: 45.890326 | GG3: 46.082136 | GH3: 46.398952 | GI3: 46.350924 | GJ3: 46.48255 | GK3: 47.147339 | GL3: 47.007593 | GM3: 47.018297 | GN3: 46.992773 | GO3: 46.479215 | GP3: 46.637445 | GQ3: 46.757338 | GR3: 47.415334 | GS3: 48.303022 | GT3: 48.64202 | GU3: 49.22459 | GV3: 49.25587 | GW3: 49.168157 | GX3: 49.231112 | GY3: 49.702511 | GZ3: 50.547973 | HA3: 51.522413 | HB3: 52.22272 | HC3: 52.524699 | HD3: 52.227164 | HE3: 51.743508 | HF3: 51.226244 | HG3: 50.939547 | HH3: 50.702751 | HI3: 51.269099 | HJ3: 51.331234 | HK3: 51.59052 | HL3: 50.756333 | HM3: 49.657688 | HN3: 48.196349 | HO3: 46.66071 | HP3: 45.016685 | HQ3: 43.537373 | HR3: 42.410866 | HS3: 42.178529 | HT3: 41.674041 | HU3: 41.717715 | HV3: 41.107543 | HW3: 40.851483 | HX3: 40.515484 | HY3: 40.204971 | HZ3: 39.956982 | IA3: 39.983413 | IB3: 40.311423 | IC3: 40.829062 | ID3: 41.34929 | IE3: 41.827812 | IF3: 42.222142 | IG3: 42.468853 | IH3: 42.539577 | II3: 42.661462 | IJ3: 42.685643 | IK3: 42.729088 | IL3: 42.72887 | IM3: 42.712697 | IN3: 42.673699 | IO3: 42.611857 | IP3: 42.527184 | IQ3: 42.419679 | IR3: 12.246163 | IS3: 12.874557 | IT3: 13.495633 | IU3: 14.10939 | IV3: 14.715828 | IW3: 15.31495 | IX3: 15.942157 | IY3: 16.507927 | IZ3: 16.997643 | JA3: 17.611013 | JB3: 18.068295 | JC3: 18.492177 | JD3: 18.932228 | JE3: 19.307043 | JF3: 19.672403 | JG3: 19.942515 | JH3: 20.440087 | JI3: 20.85751 | JJ3: 21.18694 | JK3: 21.615026 | JL3: 21.949181 | JM3: 22.192537 | JN3: 22.521345 | JO3: 22.77632 | JP3: 22.958949 | JQ3: 23.188191 | JR3: 23.566911 | JS3: 23.833916 | JT3: 23.994608 | JU3: 24.238782 | JV3: 24.383069 | JW3: 24.430512 | JX3: 24.522835 | JY3: 24.463504 | JZ3: 24.325574 | KA3: 24.213847 | KB3: 23.979477 | KC3: 23.736082 | KD3: 23.359132 | KE3: 23.137056 | KF3: 22.852069 | KG3: 22.669986 | KH3: 22.413935 | KI3: 22.117596 | KJ3: 21.824907 | KK3: 21.581726 | KL3: 21.20058 | KM3: 20.959435 | KN3: 20.557169 | KO3: 20.194897 | KP3: 19.737867 | KQ3: 19.409336 | KR3: 18.921856 | KS3: 18.212866 | KT3: 17.150174 | KU3: 15.67279 | KV3: 13.881072 | KW3: 11.77502 | KX3: 9.3546343 | KY3: 6.6199154 | KZ3: 6.0264968 | LA3: 6.2344059 | LB3: 6.4226122 | LC3: 6.5911169 | LD3: 6.7399173 | LE3: 6.8690153 | LF3: 6.7641122 | LG3: 6.8127294 | LH3: 7.0833933 | LI3: 7.2439117 | LJ3: 7.509626 | LK3: 7.7321733 | LL3: 7.942108 | LM3: 8.0895644 | LN3: 8.2421205 | LO3: 8.3845517 | LP3: 8.5124763 | LQ3: 8.6966609 | LR3: 8.8294078 | LS3: 8.9896507 | LT3: 9.173339 | LU3: 9.4014854 | LV3: 9.5976343 | LW3: 9.7993911 | LX3: 9.9766869 | LY3: 10.161823 | LZ3: 10.345072 | MA3: 10.488747 | MB3: 10.651813 | MC3: 10.789091 | MD3: 10.915657 | ME3: 11.051316 | MF3: 11.15672 | MG3: 11.315016 | MH3: 11.551638 | MI3: 11.869716 | MJ3: 12.101903 | MK3: 12.281106 | ML3: 12.391007 | MM3: 12.404181 | MN3: 12.354465 | MO3: 12.222696 | MP3: 12.104437 | MQ3: 12.008092 | MR3: 12.025017 | MS3: 12.065782 | MT3: 11.937112 | MU3: 11.72115 | MV3: 11.470486 | MW3: 11.185554 | MX3: 10.958772 | MY3: 10.67551 | MZ3: 10.453408 | NA3: 10.246852 | NB3: 10.047221 | NC3: 9.9282947 | ND3: 9.7268318 | NE3: 9.4747113 | NF3: 9.2678575 | NG3: 9.0902444 | NH3: 8.9819648 | NI3: 8.8379185 | NJ3: 8.7345991 | NK3: 8.6020265 | NL3: 8.384975 | NM3: 8.4015511 | NN3: 8.3767681 | NO3: 8.3431493 | NP3: 8.3370678 | NQ3: 8.3063696 | NR3: 8.2289532 | NS3: 8.1298138 | NT3: 8.0089531 | NU3: 7.8663706 | NV3: 7.7020653
A4: 2 | B4: H-207_NEG | C4: 1.5946479 | D4: 1.6153365 | E4: 1.6357991 | F4: 1.6560359 | G4: 1.6760467 | H4: 1.6958316 | I4: 1.7069476 | J4: 1.7157578 | K4: 1.7471641 | L4: 1.7715935 | M4: 1.8080154 | N4: 1.8438251 | O4: 1.8777549 | P4: 1.908938 | Q4: 1.9481736 | R4: 1.9677823 | S4: 1.985333 | T4: 1.9889984 | U4: 1.9902561 | V4: 1.997866 | W4: 2.0253613 | X4: 2.0354249 | Y4: 2.060812 | Z4: 2.0799822 | AA4: 2.1006955 | AB4: 2.1059171 | AC4: 2.1217326 | AD4: 2.1421544 | AE4: 2.1723482 | AF4: 2.2382147 | AG4: 2.3357046 | AH4: 2.4750532 | AI4: 2.6985614 | AJ4: 2.9598999 | AK4: 3.2841058 | AL4: 3.6851591 | AM4: 4.1432096 | AN4: 4.633538 | AO4: 5.1195689 | AP4: 5.5616034 | AQ4: 5.9305252 | AR4: 6.2325694 | AS4: 6.4522664 | AT4: 6.6160168 | AU4: 6.7590467 | AV4: 6.8603522 | AW4: 6.896236 | AX4: 6.9079095 | AY4: 6.8298613 | AZ4: 6.6650308 | BA4: 6.4105522 | BB4: 6.078771 | BC4: 5.7270682 | BD4: 5.4707736 | BE4: 5.2334067 | BF4: 5.013766 | BG4: 4.8284622 | BH4: 4.7012077 | BI4: 4.582679 | BJ4: 4.4996391 | BK4: 4.4099827 | BL4: 4.3305662 | BM4: 4.2515303 | BN4: 4.1887342 | BO4: 4.0869109 | BP4: 3.9761116 | BQ4: 3.863683 | BR4: 3.7624642 | BS4: 3.6746044 | BT4: 3.6150593 | BU4: 3.5678355 | BV4: 3.540793 | BW4: 3.4728207 | BX4: 3.3794391 | BY4: 3.2979748 | BZ4: 3.1745138 | CA4: 3.0376014 | CB4: 2.8973861 | CC4: 2.7637026 | CD4: 2.6482568 | CE4: 2.5573096 | CF4: 2.4897215 | CG4: 2.4147739 | CH4: 2.3756834 | CI4: 2.4272207 | CJ4: 2.447183 | CK4: 2.4873678 | CL4: 2.5892869 | CM4: 2.8893026 | CN4: 3.3869934 | CO4: 4.166203 | CP4: 5.2643176 | CQ4: 6.5639384 | CR4: 8.3642686 | CS4: 10.754584 | CT4: 13.016206 | CU4: 15.548072 | CV4: 18.257551 | CW4: 20.933891 | CX4: 23.558252 | CY4: 26.219143 | CZ4: 28.788844 | DA4: 31.185472 | DB4: 33.69862 | DC4: 36.133846 | DD4: 38.033237 | DE4: 39.544609 | DF4: 41.024124 | DG4: 42.383218 | DH4: 43.427343 | DI4: 44.201637 | DJ4: 44.701038 | DK4: 45.061099 | DL4: 45.377714 | DM4: 45.551719 | DN4: 45.581066 | DO4: 45.380127 | DP4: 45.601115 | DQ4: 45.968941 | DR4: 46.084603 | DS4: 46.153586 | DT4: 46.178679 | DU4: 46.187702 | DV4: 46.158034 | DW4: 46.166603 | DX4: 46.343246 | DY4: 46.478799 | DZ4: 46.750716 | EA4: 47.048641 | EB4: 47.219896 | EC4: 47.395917 | ED4: 47.457054 | EE4: 47.455841 | EF4: 47.420594 | EG4: 47.50862 | EH4: 47.722368 | EI4: 47.83893 | EJ4: 48.126818 | EK4: 48.310212 | EL4: 48.261175 | EM4: 48.356777 | EN4: 48.514635 | EO4: 48.583434 | EP4: 48.66934 | EQ4: 48.758056 | ER4: 48.875649 | ES4: 49.012966 | ET4: 49.195359 | EU4: 49.255899 | EV4: 49.133958 | EW4: 49.166069 | EX4: 49.469413 | EY4: 49.505966 | EZ4: 49.570874 | FA4: 49.703713 | FB4: 49.804594 | FC4: 50.012881 | FD4: 50.065229 | FE4: 50.071949 | FF4: 49.913607 | FG4: 49.401588 | FH4: 49.335621 | FI4: 49.815959 | FJ4: 50.569273 | FK4: 51.009799 | FL4: 51.615437 | FM4: 52.365339 | FN4: 52.027893 | FO4: 51.546789 | FP4: 51.346224 | FQ4: 49.34142 | FR4: 47.761407 | FS4: 47.487061 | FT4: 45.963381 | FU4: 44.951024 | FV4: 44.250626 | FW4: 44.175502 | FX4: 44.15379 | FY4: 44.27723 | FZ4: 45.035024 | GA4: 44.882425 | GB4: 45.054518 | GC4: 45.601031 | GD4: 45.315626 | GE4: 45.467826 | GF4: 45.422278 | GG4: 45.684901 | GH4: 46.048643 | GI4: 46.019035 | GJ4: 46.20597 | GK4: 46.808538 | GL4: 46.852015 | GM4: 46.872351 | GN4: 46.913821 | GO4: 46.590426 | GP4: 46.824012 | GQ4: 47.203947 | GR4: 47.987266 | GS4: 48.849004 | GT4: 49.319127 | GU4: 49.854174 | GV4: 49.894028 | GW4: 49.769562 | GX4: 49.778984 | GY4: 50.195083 | GZ4: 51.015404 | HA4: 52.017567 | HB4: 52.775281 | HC4: 53.127357 | HD4: 52.864671 | HE4: 52.377279 | HF4: 51.82199 | HG4: 51.531951 | HH4: 51.254049 | HI4: 51.728754 | HJ4: 51.745822 | HK4: 51.889432 | HL4: 51.039104 | HM4: 49.832716 | HN4: 48.234357 | HO4: 46.551461 | HP4: 44.88352 | HQ4: 43.426924 | HR4: 42.298015 | HS4: 42.080121 | HT4: 41.698931 | HU4: 41.810061 | HV4: 41.380949 | HW4: 41.188857 | HX4: 40.873044 | HY4: 40.541339 | HZ4: 40.322703 | IA4: 40.318541 | IB4: 40.616383 | IC4: 41.122464 | ID4: 41.659152 | IE4: 42.140243 | IF4: 42.563239 | IG4: 42.847032 | IH4: 42.911736 | II4: 43.040926 | IJ4: 43.084524 | IK4: 43.121013 | IL4: 43.105177 | IM4: 43.084736 | IN4: 43.041987 | IO4: 42.976926 | IP4: 42.889559 | IQ4: 42.779879 | IR4: 12.282018 | IS4: 12.903095 | IT4: 13.520035 | IU4: 14.132842 | IV4: 14.741513 | IW4: 15.346051 | IX4: 15.981306 | IY4: 16.561224 | IZ4: 17.06587 | JA4: 17.694568 | JB4: 18.169612 | JC4: 18.60223 | JD4: 19.062349 | JE4: 19.43485 | JF4: 19.80845 | JG4: 20.082908 | JH4: 20.58744 | JI4: 21.010058 | JJ4: 21.348079 | JK4: 21.7932 | JL4: 22.116355 | JM4: 22.370464 | JN4: 22.701641 | JO4: 22.940374 | JP4: 23.133924 | JQ4: 23.360909 | JR4: 23.736892 | JS4: 23.995607 | JT4: 24.152767 | JU4: 24.405174 | JV4: 24.536017 | JW4: 24.593135 | JX4: 24.672606 | JY4: 24.592423 | JZ4: 24.451914 | KA4: 24.335052 | KB4: 24.100067 | KC4: 23.863447 | KD4: 23.49262 | KE4: 23.26912 | KF4: 22.98487 | KG4: 22.803669 | KH4: 22.552017 | KI4: 22.2654 | KJ4: 21.960411 | KK4: 21.723317 | KL4: 21.347394 | KM4: 21.102052 | KN4: 20.662096 | KO4: 20.248233 | KP4: 19.749858 | KQ4: 19.385982 | KR4: 18.87586 | KS4: 18.153416 | KT4: 17.052647 | KU4: 15.54781 | KV4: 13.731973 | KW4: 11.605133 | KX4: 9.1672914 | KY4: 6.4184493 | KZ4: 5.7648983 | LA4: 6.0034573 | LB4: 6.2213126 | LC4: 6.4184638 | LD4: 6.5949114 | LE4: 6.7506549 | LF4: 6.7263168 | LG4: 6.8560786 | LH4: 7.0121111 | LI4: 7.2149121 | LJ4: 7.4416664 | LK4: 7.65804 | LL4: 7.8519672 | LM4: 8.0226657 | LN4: 8.1888392 | LO4: 8.3379128 | LP4: 8.4921333 | LQ4: 8.6813204 | LR4: 8.8143048 | LS4: 9.0375387 | LT4: 9.2161243 | LU4: 9.4010404 | LV4: 9.5923548 | LW4: 9.8062771 | LX4: 9.9723959 | LY4: 10.150043 | LZ4: 10.318364 | MA4: 10.472271 | MB4: 10.649843 | MC4: 10.780925 | MD4: 10.883949 | ME4: 11.008529 | MF4: 11.129955 | MG4: 11.299955 | MH4: 11.515567 | MI4: 11.777959 | MJ4: 11.979792 | MK4: 12.168354 | ML4: 12.288384 | MM4: 12.302867 | MN4: 12.260286 | MO4: 12.180728 | MP4: 12.075258 | MQ4: 12.034491 | MR4: 12.06099 | MS4: 12.012465 | MT4: 11.881269 | MU4: 11.679084 | MV4: 11.447725 | MW4: 11.169558 | MX4: 10.886411 | MY4: 10.653366 | MZ4: 10.450499 | NA4: 10.31753 | NB4: 10.163455 | NC4: 9.9692217 | ND4: 9.7975749 | NE4: 9.5753147 | NF4: 9.3652112 | NG4: 9.1389615 | NH4: 8.9191312 | NI4: 8.7567385 | NJ4: 8.6234696 | NK4: 8.4690578 | NL4: 8.2695471 | NM4: 8.1827289 | NN4: 8.2036941 | NO4: 8.1373182 | NP4: 8.1029286 | NQ4: 8.0790242 | NR4: 7.9979136 | NS4: 7.899596 | NT4: 7.7840721 | NU4: 7.6513419 | NV4: 7.5014044
A5: 3 | B5: H-217_NEG | C5: 1.4966694 | D5: 1.5257968 | E5: 1.5521361 | F5: 1.5756878 | G5: 1.5964517 | H5: 1.6144279 | I5: 1.608577 | J5: 1.6118576 | K5: 1.6407965 | L5: 1.6691905 | M5: 1.7011912 | N5: 1.7360391 | O5: 1.7653363 | P5: 1.8022678 | Q5: 1.8407879 | R5: 1.8646847 | S5: 1.8766792 | T5: 1.8820166 | U5: 1.8848758 | V5: 1.8932162 | W5: 1.9142354 | X5: 1.9228161 | Y5: 1.9455012 | Z5: 1.9694256 | AA5: 1.9873045 | AB5: 1.9919798 | AC5: 2.0025982 | AD5: 2.0180608 | AE5: 2.0431848 | AF5: 2.1002478 | AG5: 2.189755 | AH5: 2.3184394 | AI5: 2.5401632 | AJ5: 2.8070458 | AK5: 3.1358116 | AL5: 3.5438415 | AM5: 4.0130506 | AN5: 4.5152451 | AO5: 5.0139644 | AP5: 5.4778179 | AQ5: 5.8677081 | AR5: 6.1851112 | AS5: 6.4282065 | AT5: 6.6048345 | AU5: 6.7519293 | AV5: 6.8482357 | AW5: 6.8698303 | AX5: 6.8606953 | AY5: 6.7623116 | AZ5: 6.5854731 | BA5: 6.3141564 | BB5: 5.9650051 | BC5: 5.6013092 | BD5: 5.3241518 | BE5: 5.0695948 | BF5: 4.8303837 | BG5: 4.6254174 | BH5: 4.4849159 | BI5: 4.3598352 | BJ5: 4.2695646 | BK5: 4.1771507 | BL5: 4.0910227 | BM5: 4.0122204 | BN5: 3.9444184 | BO5: 3.8382421 | BP5: 3.7266635 | BQ5: 3.6044175 | BR5: 3.4926169 | BS5: 3.3946119 | BT5: 3.3302346 | BU5: 3.2749476 | BV5: 3.2428905 | BW5: 3.1743262 | BX5: 3.0760463 | BY5: 2.9938453 | BZ5: 2.8741476 | CA5: 2.734003 | CB5: 2.5963315 | CC5: 2.4647978 | CD5: 2.3569904 | CE5: 2.2673392 | CF5: 2.2068429 | CG5: 2.1384642 | CH5: 2.0952503 | CI5: 2.1410815 | CJ5: 2.1606219 | CK5: 2.1980998 | CL5: 2.2933539 | CM5: 2.5667426 | CN5: 3.0500053 | CO5: 3.8076901 | CP5: 4.8835432 | CQ5: 6.1774664 | CR5: 7.9722942 | CS5: 10.393896 | CT5: 12.719749 | CU5: 15.299347 | CV5: 18.099151 | CW5: 20.894296 | CX5: 23.654398 | CY5: 26.461434 | CZ5: 29.187924 | DA5: 31.74336 | DB5: 34.4265 | DC5: 37.026813 | DD5: 39.086824 | DE5: 40.597729 | DF5: 42.244977 | DG5: 43.835059 | DH5: 44.995468 | DI5: 45.794363 | DJ5: 46.291307 | DK5: 46.607865 | DL5: 46.852775 | DM5: 46.933953 | DN5: 46.858314 | DO5: 46.49308 | DP5: 46.795444 | DQ5: 47.228179 | DR5: 47.33903 | DS5: 47.363781 | DT5: 47.411408 | DU5: 47.456925 | DV5: 47.430552 | DW5: 47.464563 | DX5: 47.656963 | DY5: 47.773061 | DZ5: 48.045494 | EA5: 48.290387 | EB5: 48.44524 | EC5: 48.554833 | ED5: 48.576464 | EE5: 48.574179 | EF5: 48.559913 | EG5: 48.664029 | EH5: 48.918653 | EI5: 49.01558 | EJ5: 49.325184 | EK5: 49.513605 | EL5: 49.518802 | EM5: 49.595647 | EN5: 49.774167 | EO5: 49.85003 | EP5: 49.927633 | EQ5: 49.962554 | ER5: 50.077553 | ES5: 50.134047 | ET5: 50.298031 | EU5: 50.341763 | EV5: 50.280099 | EW5: 50.285106 | EX5: 50.551202 | EY5: 50.543272 | EZ5: 50.51659 | FA5: 50.616941 | FB5: 50.719362 | FC5: 50.902546 | FD5: 50.969502 | FE5: 51.018701 | FF5: 50.852315 | FG5: 50.369489 | FH5: 50.19204 | FI5: 50.691664 | FJ5: 51.412817 | FK5: 51.810581 | FL5: 52.348532 | FM5: 53.181702 | FN5: 52.4874 | FO5: 51.722892 | FP5: 51.462329 | FQ5: 49.203989 | FR5: 47.449466 | FS5: 47.392746 | FT5: 45.879776 | FU5: 45.120914 | FV5: 44.48845 | FW5: 44.551514 | FX5: 44.514559 | FY5: 44.513576 | FZ5: 45.326363 | GA5: 45.187828 | GB5: 45.272253 | GC5: 45.960873 | GD5: 45.828341 | GE5: 46.004605 | GF5: 45.952339 | GG5: 46.020031 | GH5: 46.364322 | GI5: 46.302687 | GJ5: 46.336336 | GK5: 47.197288 | GL5: 46.981995 | GM5: 46.963474 | GN5: 46.957079 | GO5: 46.24521 | GP5: 46.344154 | GQ5: 46.228956 | GR5: 46.792015 | GS5: 47.644711 | GT5: 47.809991 | GU5: 48.484914 | GV5: 48.519834 | GW5: 48.436159 | GX5: 48.505904 | GY5: 48.974862 | GZ5: 49.829534 | HA5: 50.80228 | HB5: 51.485307 | HC5: 51.758144 | HD5: 51.432213 | HE5: 50.923155 | HF5: 50.401109 | HG5: 50.106939 | HH5: 49.854778 | HI5: 50.323938 | HJ5: 50.282249 | HK5: 50.406935 | HL5: 49.495325 | HM5: 48.326671 | HN5: 46.810912 | HO5: 45.248117 | HP5: 43.661481 | HQ5: 42.261458 | HR5: 41.198711 | HS5: 40.973877 | HT5: 40.51187 | HU5: 40.575344 | HV5: 40.029701 | HW5: 39.798581 | HX5: 39.469586 | HY5: 39.160482 | HZ5: 38.945167 | IA5: 38.960326 | IB5: 39.270749 | IC5: 39.77603 | ID5: 40.280832 | IE5: 40.748468 | IF5: 41.141082 | IG5: 41.38946 | IH5: 41.447134 | II5: 41.572064 | IJ5: 41.602042 | IK5: 41.633017 | IL5: 41.646338 | IM5: 41.627941 | IN5: 41.584969 | IO5: 41.517415 | IP5: 41.425287 | IQ5: 41.30858 | IR5: 11.804039 | IS5: 12.407806 | IT5: 13.004445 | IU5: 13.593955 | IV5: 14.176338 | IW5: 14.751591 | IX5: 15.345803 | IY5: 15.893361 | IZ5: 16.368007 | JA5: 16.956624 | JB5: 17.4027 | JC5: 17.81777 | JD5: 18.247373 | JE5: 18.616346 | JF5: 18.96944 | JG5: 19.235172 | JH5: 19.715402 | JI5: 20.121769 | JJ5: 20.441088 | JK5: 20.853493 | JL5: 21.172477 | JM5: 21.41947 | JN5: 21.73195 | JO5: 21.978681 | JP5: 22.158662 | JQ5: 22.378783 | JR5: 22.74707 | JS5: 22.984738 | JT5: 23.136437 | JU5: 23.373626 | JV5: 23.514879 | JW5: 23.570279 | JX5: 23.642704 | JY5: 23.586019 | JZ5: 23.462703 | KA5: 23.365072 | KB5: 23.150182 | KC5: 22.917683 | KD5: 22.570815 | KE5: 22.360471 | KF5: 22.095841 | KG5: 21.917834 | KH5: 21.661486 | KI5: 21.393297 | KJ5: 21.095625 | KK5: 20.858055 | KL5: 20.48978 | KM5: 20.249336 | KN5: 19.838957 | KO5: 19.462095 | KP5: 19.010095 | KQ5: 18.67213 | KR5: 18.194443 | KS5: 17.528901 | KT5: 16.511757 | KU5: 15.14111 | KV5: 13.491605 | KW5: 11.563244 | KX5: 9.3560244 | KY5: 6.869946 | KZ5: 5.9501027 | LA5: 6.166553 | LB5: 6.3624646 | LC5: 6.537839 | LD5: 6.6926761 | LE5: 6.8269752 | LF5: 6.7620015 | LG5: 6.7916891 | LH5: 7.0153893 | LI5: 7.1634844 | LJ5: 7.4384008 | LK5: 7.6520589 | LL5: 7.8414475 | LM5: 7.9990922 | LN5: 8.1318886 | LO5: 8.2478252 | LP5: 8.3987069 | LQ5: 8.580022 | LR5: 8.7195098 | LS5: 8.8926637 | LT5: 9.0792145 | LU5: 9.2807435 | LV5: 9.4754961 | LW5: 9.6613664 | LX5: 9.8129111 | LY5: 9.9888151 | LZ5: 10.168159 | MA5: 10.315497 | MB5: 10.469402 | MC5: 10.607522 | MD5: 10.725991 | ME5: 10.861323 | MF5: 10.976225 | MG5: 11.138866 | MH5: 11.363048 | MI5: 11.640262 | MJ5: 11.863873 | MK5: 12.029267 | ML5: 12.13879 | MM5: 12.156003 | MN5: 12.115789 | MO5: 12.035611 | MP5: 11.933849 | MQ5: 11.886862 | MR5: 11.87962 | MS5: 11.855495 | MT5: 11.742937 | MU5: 11.557558 | MV5: 11.356012 | MW5: 11.127465 | MX5: 10.90749 | MY5: 10.701188 | MZ5: 10.514515 | NA5: 10.319142 | NB5: 10.119188 | NC5: 9.9238204 | ND5: 9.7218551 | NE5: 9.4625174 | NF5: 9.2581422 | NG5: 9.0595156 | NH5: 8.9179673 | NI5: 8.828386 | NJ5: 8.7499719 | NK5: 8.6280447 | NL5: 8.4395359 | NM5: 8.4047459 | NN5: 8.3993467 | NO5: 8.3455362 | NP5: 8.3593392 | NQ5: 8.3521258 | NR5: 8.2916547 | NS5: 8.2182631 | NT5: 8.1319524 | NU5: 8.0327205 | NV5: 7.920568
A6: 4 | B6: H-306_NEG | C6: 1.5528076 | D6: 1.5835909 | E6: 1.6113807 | F6: 1.6361763 | G6: 1.6579783 | H6: 1.6767862 | I6: 1.6730002 | J6: 1.6759177 | K6: 1.7050451 | L6: 1.7315482 | M6: 1.7657403 | N6: 1.7983042 | O6: 1.8232335 | P6: 1.8530372 | Q6: 1.8920715 | R6: 1.9168574 | S6: 1.9275118 | T6: 1.9306497 | U6: 1.9316945 | V6: 1.9401199 | W6: 1.9619799 | X6: 1.9677854 | Y6: 1.9873273 | Z6: 2.0091053 | AA6: 2.0245764 | AB6: 2.0298439 | AC6: 2.0396566 | AD6: 2.053673 | AE6: 2.076793 | AF6: 2.1363346 | AG6: 2.2286959 | AH6: 2.354797 | AI6: 2.5687633 | AJ6: 2.8282617 | AK6: 3.1454024 | AL6: 3.5409918 | AM6: 3.9914186 | AN6: 4.4739585 | AO6: 4.9526483 | AP6: 5.3976145 | AQ6: 5.7685766 | AR6: 6.0665101 | AS6: 6.2932074 | AT6: 6.4605357 | AU6: 6.5984761 | AV6: 6.6916075 | AW6: 6.7127713 | AX6: 6.7077782 | AY6: 6.616705 | AZ6: 6.4449545 | BA6: 6.178262 | BB6: 5.8374101 | BC6: 5.4861746 | BD6: 5.2191389 | BE6: 4.9735174 | BF6: 4.7490621 | BG6: 4.5565955 | BH6: 4.4276844 | BI6: 4.3075924 | BJ6: 4.2195002 | BK6: 4.1234713 | BL6: 4.036456 | BM6: 3.9569113 | BN6: 3.8908411 | BO6: 3.7881453 | BP6: 3.6840137 | BQ6: 3.5722695 | BR6: 3.4703606 | BS6: 3.379739 | BT6: 3.3202651 | BU6: 3.266319 | BV6: 3.2386173 | BW6: 3.1731438 | BX6: 3.0820409 | BY6: 3.0044197 | BZ6: 2.8917003 | CA6: 2.7605764 | CB6: 2.6285157 | CC6: 2.502419 | CD6: 2.3986139 | CE6: 2.3128249 | CF6: 2.2546693 | CG6: 2.1879615 | CH6: 2.1500871 | CI6: 2.1995401 | CJ6: 2.2212388 | CK6: 2.2575419 | CL6: 2.3459519 | CM6: 2.6111678 | CN6: 3.0738111 | CO6: 3.804354 | CP6: 4.8481632 | CQ6: 6.0972254 | CR6: 7.8737777 | CS6: 10.256694 | CT6: 12.579118 | CU6: 15.190857 | CV6: 18.059352 | CW6: 20.950403 | CX6: 23.869871 | CY6: 26.883741 | CZ6: 29.846263 | DA6: 32.658216 | DB6: 35.634433 | DC6: 38.488292 | DD6: 40.810498 | DE6: 42.649049 | DF6: 44.428717 | DG6: 46.008617 | DH6: 47.231568 | DI6: 48.129293 | DJ6: 48.724148 | DK6: 49.128684 | DL6: 49.476872 | DM6: 49.660585 | DN6: 49.720215 | DO6: 49.509474 | DP6: 49.760816 | DQ6: 50.117342 | DR6: 50.249102 | DS6: 50.314332 | DT6: 50.365051 | DU6: 50.373865 | DV6: 50.30397 | DW6: 50.319956 | DX6: 50.492528 | DY6: 50.621739 | DZ6: 50.896115 | EA6: 51.167195 | EB6: 51.362899 | EC6: 51.495872 | ED6: 51.528464 | EE6: 51.507327 | EF6: 51.461877 | EG6: 51.544837 | EH6: 51.743576 | EI6: 51.835184 | EJ6: 52.100696 | EK6: 52.283737 | EL6: 52.270687 | EM6: 52.326381 | EN6: 52.488271 | EO6: 52.534718 | EP6: 52.597125 | EQ6: 52.630367 | ER6: 52.725711 | ES6: 52.78544 | ET6: 52.940901 | EU6: 52.993003 | EV6: 52.930957 | EW6: 52.94186 | EX6: 53.217279 | EY6: 53.224498 | EZ6: 53.255573 | FA6: 53.382343 | FB6: 53.50484 | FC6: 53.710256 | FD6: 53.777968 | FE6: 53.787711 | FF6: 53.550513 | FG6: 52.969999 | FH6: 52.730004 | FI6: 53.307938 | FJ6: 54.182443 | FK6: 54.756058 | FL6: 55.418464 | FM6: 56.320343 | FN6: 55.718678 | FO6: 54.928454 | FP6: 54.532654 | FQ6: 52.015006 | FR6: 50.019433 | FS6: 49.870872 | FT6: 48.119995 | FU6: 47.165693 | FV6: 46.222285 | FW6: 46.105722 | FX6: 45.978018 | FY6: 45.903897 | FZ6: 46.709193 | GA6: 46.511543 | GB6: 46.635279 | GC6: 47.378937 | GD6: 47.180007 | GE6: 47.375005 | GF6: 47.255212 | GG6: 47.379458 | GH6: 47.695158 | GI6: 47.597347 | GJ6: 47.696479 | GK6: 48.485232 | GL6: 48.292432 | GM6: 48.298031 | GN6: 48.323863 | GO6: 47.660445 | GP6: 47.785239 | GQ6: 47.792912 | GR6: 48.450896 | GS6: 49.414222 | GT6: 49.775053 | GU6: 50.522504 | GV6: 50.640883 | GW6: 50.572733 | GX6: 50.631956 | GY6: 51.090757 | GZ6: 51.954173 | HA6: 52.998431 | HB6: 53.76015 | HC6: 54.107001 | HD6: 53.822201 | HE6: 53.273226 | HF6: 52.66496 | HG6: 52.318625 | HH6: 52.040332 | HI6: 52.504417 | HJ6: 52.568924 | HK6: 52.644671 | HL6: 51.691989 | HM6: 50.34939 | HN6: 48.543965 | HO6: 46.609974 | HP6: 44.671782 | HQ6: 42.982048 | HR6: 41.681112 | HS6: 41.33571 | HT6: 40.892008 | HU6: 40.901255 | HV6: 40.440932 | HW6: 40.231674 | HX6: 39.893058 | HY6: 39.544434 | HZ6: 39.288033 | IA6: 39.256373 | IB6: 39.530664 | IC6: 40.012539 | ID6: 40.527947 | IE6: 41.003057 | IF6: 41.427512 | IG6: 41.727571 | IH6: 41.816592 | II6: 41.964769 | IJ6: 42.010062 | IK6: 42.039341 | IL6: 42.034124 | IM6: 41.994461 | IN6: 41.920936 | IO6: 41.813548 | IP6: 41.672298 | IQ6: 41.497188 | IR6: 11.239112 | IS6: 11.812257 | IT6: 12.382078 | IU6: 12.948571 | IV6: 13.511737 | IW6: 14.071577 | IX6: 14.654198 | IY6: 15.185918 | IZ6: 15.667866 | JA6: 16.264408 | JB6: 16.720361 | JC6: 17.143039 | JD6: 17.572143 | JE6: 17.934012 | JF6: 18.282868 | JG6: 18.552814 | JH6: 19.017516 | JI6: 19.408332 | JJ6: 19.722856 | JK6: 20.130163 | JL6: 20.444247 | JM6: 20.690929 | JN6: 20.998774 | JO6: 21.239122 | JP6: 21.422485 | JQ6: 21.649655 | JR6: 22.005508 | JS6: 22.24638 | JT6: 22.392914 | JU6: 22.624378 | JV6: 22.763935 | JW6: 22.822222 | JX6: 22.892828 | JY6: 22.831985 | JZ6: 22.71342 | KA6: 22.612133 | KB6: 22.397519 | KC6: 22.172277 | KD6: 21.834771 | KE6: 21.632303 | KF6: 21.369953 | KG6: 21.201363 | KH6: 20.953276 | KI6: 20.681592 | KJ6: 20.396177 | KK6: 20.1535 | KL6: 19.785448 | KM6: 19.549603 | KN6: 19.160574 | KO6: 18.794744 | KP6: 18.347732 | KQ6: 18.019699 | KR6: 17.537849 | KS6: 16.863315 | KT6: 15.847163 | KU6: 14.472391 | KV6: 12.816148 | KW6: 10.878439 | KX6: 8.6592623 | KY6: 6.1586185 | KZ6: 5.5119393 | LA6: 5.7116599 | LB6: 5.8905063 | LC6: 6.0484798 | LD6: 6.1855804 | LE6: 6.3018068 | LF6: 6.1985066 | LG6: 6.2044821 | LH6: 6.4046058 | LI6: 6.564893 | LJ6: 6.8621176 | LK6: 7.0807296 | LL6: 7.259158 | LM6: 7.4036667 | LN6: 7.5324917 | LO6: 7.6395826 | LP6: 7.7831793 | LQ6: 7.9505527 | LR6: 8.0864632 | LS6: 8.2690023 | LT6: 8.4559237 | LU6: 8.6569931 | LV6: 8.8427586 | LW6: 9.036841 | LX6: 9.2038023 | LY6: 9.3746472 | LZ6: 9.5501607 | MA6: 9.6900201 | MB6: 9.8259719 | MC6: 9.9647986 | MD6: 10.079547 | ME6: 10.206133 | MF6: 10.30521 | MG6: 10.44966 | MH6: 10.681066 | MI6: 10.952899 | MJ6: 11.170349 | MK6: 11.334633 | ML6: 11.453324 | MM6: 11.494464 | MN6: 11.458623 | MO6: 11.381925 | MP6: 11.267813 | MQ6: 11.206146 | MR6: 11.243527 | MS6: 11.253143 | MT6: 11.152251 | MU6: 10.973586 | MV6: 10.789996 | MW6: 10.56664 | MX6: 10.33559 | MY6: 10.101775 | MZ6: 9.9027359 | NA6: 9.734455 | NB6: 9.5660573 | NC6: 9.4225194 | ND6: 9.2423191 | NE6: 9.0012107 | NF6: 8.8186561 | NG6: 8.6429464 | NH6: 8.4779622 | NI6: 8.3557926 | NJ6: 8.2652044 | NK6: 8.1458484 | NL6: 7.9686545 | NM6: 7.96122 | NN6: 7.9589631 | NO6: 7.8735448 | NP6: 7.894241 | NQ6: 7.870372 | NR6: 7.7953424 | NS6: 7.7001269 | NT6: 7.5847249 | NU6: 7.4491355 | NV6: 7.2933596
A7: 5 | B7: H-312_NEG | C7: 1.5636706 | D7: 1.5974906 | E7: 1.6285342 | F7: 1.6568011 | G7: 1.6822912 | H7: 1.7050046 | I7: 1.7069716 | J7: 1.7098779 | K7: 1.7452838 | L7: 1.7778658 | M7: 1.8159734 | N7: 1.8542878 | O7: 1.8848224 | P7: 1.9234604 | Q7: 1.9653347 | R7: 1.991838 | S7: 2.0066018 | T7: 2.0133416 | U7: 2.0178259 | V7: 2.0295297 | W7: 2.0538295 | X7: 2.0617267 | Y7: 2.085576 | Z7: 2.1143857 | AA7: 2.1368373 | AB7: 2.1481077 | AC7: 2.1632713 | AD7: 2.1822441 | AE7: 2.2113279 | AF7: 2.2733039 | AG7: 2.36669 | AH7: 2.4923318 | AI7: 2.7062133 | AJ7: 2.958816 | AK7: 3.2645202 | AL7: 3.6416416 | AM7: 4.0672506 | AN7: 4.5212115 | AO7: 4.9727524 | AP7: 5.3948145 | AQ7: 5.7485712 | AR7: 6.0335364 | AS7: 6.2529417 | AT7: 6.4168492 | AU7: 6.5570521 | AV7: 6.6571371 | AW7: 6.6878948 | AX7: 6.69712 | AY7: 6.6295348 | AZ7: 6.4891262 | BA7: 6.2595332 | BB7: 5.9521711 | BC7: 5.6358357 | BD7: 5.4042895 | BE7: 5.1886115 | BF7: 4.9873668 | BG7: 4.8143082 | BH7: 4.6961217 | BI7: 4.5860377 | BJ7: 4.5028716 | BK7: 4.4138521 | BL7: 4.3338635 | BM7: 4.2620227 | BN7: 4.2027062 | BO7: 4.1086463 | BP7: 4.0136812 | BQ7: 3.9131387 | BR7: 3.8164236 | BS7: 3.7321898 | BT7: 3.6779441 | BU7: 3.629812 | BV7: 3.6115759 | BW7: 3.5502061 | BX7: 3.4604055 | BY7: 3.3927284 | BZ7: 3.2850694 | CA7: 3.1557701 | CB7: 3.0244551 | CC7: 2.8985334 | CD7: 2.7931284 | CE7: 2.7051843 | CF7: 2.6453949 | CG7: 2.5728397 | CH7: 2.5302794 | CI7: 2.5878773 | CJ7: 2.6152456 | CK7: 2.6587697 | CL7: 2.7600574 | CM7: 3.0387262 | CN7: 3.5080169 | CO7: 4.2300336 | CP7: 5.2421908 | CQ7: 6.435603 | CR7: 8.1120048 | CS7: 10.356963 | CT7: 12.489886 | CU7: 14.844429 | CV7: 17.38221 | CW7: 19.884702 | CX7: 22.321827 | CY7: 24.763915 | CZ7: 27.101047 | DA7: 29.25268 | DB7: 31.528712 | DC7: 33.714133 | DD7: 35.414845 | DE7: 36.709572 | DF7: 38.041053 | DG7: 39.284876 | DH7: 40.222373 | DI7: 40.895023 | DJ7: 41.340218 | DK7: 41.651812 | DL7: 41.918172 | DM7: 42.054479 | DN7: 42.080789 | DO7: 41.86031 | DP7: 42.103614 | DQ7: 42.466762 | DR7: 42.580615 | DS7: 42.64443 | DT7: 42.701565 | DU7: 42.740021 | DV7: 42.693461 | DW7: 42.725553 | DX7: 42.879732 | DY7: 42.986999 | DZ7: 43.251977 | EA7: 43.509351 | EB7: 43.686199 | EC7: 43.839502 | ED7: 43.894264 | EE7: 43.911786 | EF7: 43.903129 | EG7: 44.002466 | EH7: 44.191238 | EI7: 44.270768 | EJ7: 44.551193 | EK7: 44.727872 | EL7: 44.742706 | EM7: 44.810988 | EN7: 44.971283 | EO7: 45.049606 | EP7: 45.12593 | EQ7: 45.165308 | ER7: 45.264914 | ES7: 45.321606 | ET7: 45.482296 | EU7: 45.54384 | EV7: 45.505803 | EW7: 45.523876 | EX7: 45.809577 | EY7: 45.863287 | EZ7: 45.868283 | FA7: 46.00638 | FB7: 46.172495 | FC7: 46.428309 | FD7: 46.564328 | FE7: 46.658612 | FF7: 46.53513 | FG7: 46.107547 | FH7: 45.999647 | FI7: 46.55667 | FJ7: 47.299066 | FK7: 47.836664 | FL7: 48.515272 | FM7: 49.439755 | FN7: 49.005386 | FO7: 48.43314 | FP7: 48.209655 | FQ7: 46.114665 | FR7: 44.462559 | FS7: 44.396404 | FT7: 42.911508 | FU7: 42.160637 | FV7: 41.502031 | FW7: 41.523595 | FX7: 41.483087 | FY7: 41.48227 | FZ7: 42.214272 | GA7: 42.054661 | GB7: 42.166665 | GC7: 42.797642 | GD7: 42.615045 | GE7: 42.828836 | GF7: 42.751373 | GG7: 42.855514 | GH7: 43.154043 | GI7: 43.072712 | GJ7: 43.174053 | GK7: 43.897476 | GL7: 43.751822 | GM7: 43.749134 | GN7: 43.778316 | GO7: 43.221684 | GP7: 43.324622 | GQ7: 43.334599 | GR7: 43.909296 | GS7: 44.731105 | GT7: 45.001983 | GU7: 45.601766 | GV7: 45.639022 | GW7: 45.554773 | GX7: 45.592831 | GY7: 46.014535 | GZ7: 46.816839 | HA7: 47.744234 | HB7: 48.425006 | HC7: 48.738532 | HD7: 48.486384 | HE7: 48.022123 | HF7: 47.524052 | HG7: 47.251005 | HH7: 47.0227 | HI7: 47.471967 | HJ7: 47.487902 | HK7: 47.666595 | HL7: 46.902638 | HM7: 45.851354 | HN7: 44.462014 | HO7: 43.019745 | HP7: 41.563868 | HQ7: 40.273082 | HR7: 39.298232 | HS7: 39.104176 | HT7: 38.728104 | HU7: 38.845642 | HV7: 38.387296 | HW7: 38.178507 | HX7: 37.879328 | HY7: 37.584626 | HZ7: 37.377592 | IA7: 37.395669 | IB7: 37.682683 | IC7: 38.160493 | ID7: 38.655614 | IE7: 39.113217 | IF7: 39.507422 | IG7: 39.774327 | IH7: 39.847381 | II7: 39.979948 | IJ7: 40.02771 | IK7: 40.059978 | IL7: 40.061704 | IM7: 40.043557 | IN7: 40.001095 | IO7: 39.93432 | IP7: 39.843232 | IQ7: 39.727829 | IR7: 11.906031 | IS7: 12.487541 | IT7: 13.061919 | IU7: 13.629165 | IV7: 14.189279 | IW7: 14.742262 | IX7: 15.315407 | IY7: 15.835986 | IZ7: 16.289825 | JA7: 16.859327 | JB7: 17.277883 | JC7: 17.666148 | JD7: 18.076014 | JE7: 18.406392 | JF7: 18.74438 | JG7: 18.993624 | JH7: 19.456168 | JI7: 19.843135 | JJ7: 20.149418 | JK7: 20.56079 | JL7: 20.864102 | JM7: 21.102607 | JN7: 21.410254 | JO7: 21.635404 | JP7: 21.815215 | JQ7: 22.022939 | JR7: 22.367083 | JS7: 22.597806 | JT7: 22.733803 | JU7: 22.96338 | JV7: 23.094701 | JW7: 23.145867 | JX7: 23.222036 | JY7: 23.167183 | JZ7: 23.054113 | KA7: 22.9609 | KB7: 22.747061 | KC7: 22.522764 | KD7: 22.176177 | KE7: 21.978435 | KF7: 21.717214 | KG7: 21.549758 | KH7: 21.309362 | KI7: 21.051235 | KJ7: 20.785199 | KK7: 20.570598 | KL7: 20.220738 | KM7: 19.992177 | KN7: 19.600697 | KO7: 19.242328 | KP7: 18.799918 | KQ7: 18.486685 | KR7: 18.028506 | KS7: 17.388041 | KT7: 16.418726 | KU7: 15.084069 | KV7: 13.471175 | KW7: 11.580043 | KX7: 9.4106773 | KY7: 6.9630743 | KZ7: 6.3821766 | LA7: 6.5859709 | LB7: 6.7702005 | LC7: 6.9348642 | LD7: 7.0799612 | LE7: 7.2054929 | LF7: 7.1283358 | LG7: 7.1777344 | LH7: 7.3754128 | LI7: 7.516317 | LJ7: 7.7786449 | LK7: 7.971486 | LL7: 8.1299817 | LM7: 8.27885 | LN7: 8.4018401 | LO7: 8.5179662 | LP7: 8.6555233 | LQ7: 8.8275933 | LR7: 8.950715 | LS7: 9.1107918 | LT7: 9.2850761 | LU7: 9.4708708 | LV7: 9.6429448 | LW7: 9.8290935 | LX7: 9.9751972 | LY7: 10.150242 | LZ7: 10.309861 | MA7: 10.459688 | MB7: 10.596425 | MC7: 10.719878 | MD7: 10.826936 | ME7: 10.947908 | MF7: 11.034902 | MG7: 11.195636 | MH7: 11.414604 | MI7: 11.672364 | MJ7: 11.873882 | MK7: 12.045526 | ML7: 12.143337 | MM7: 12.162486 | MN7: 12.121684 | MO7: 12.038908 | MP7: 11.945479 | MQ7: 11.904385 | MR7: 11.911065 | MS7: 11.912136 | MT7: 11.814763 | MU7: 11.653644 | MV7: 11.463588 | MW7: 11.242103 | MX7: 11.020234 | MY7: 10.791794 | MZ7: 10.593762 | NA7: 10.389978 | NB7: 10.188307 | NC7: 10.030816 | ND7: 9.8253516 | NE7: 9.6061674 | NF7: 9.4020652 | NG7: 9.2357083 | NH7: 9.1041281 | NI7: 9.0078699 | NJ7: 8.9336125 | NK7: 8.8213038 | NL7: 8.6328673 | NM7: 8.6146733 | NN7: 8.5996815 | NO7: 8.5710873 | NP7: 8.57725 | NQ7: 8.5954753 | NR7: 8.5383678 | NS7: 8.4617163 | NT7: 8.3655236 | NU7: 8.2497876 | NV7: 8.114509
A8: 6 | B8: H-405_NEG | C8: 1.5150184 | D8: 1.544584 | E8: 1.5714398 | F8: 1.5955856 | G8: 1.6170213 | H8: 1.6357474 | I8: 1.6328783 | J8: 1.6346022 | K8: 1.6668161 | L8: 1.6978304 | M8: 1.7364275 | N8: 1.772662 | O8: 1.7980122 | P8: 1.8338219 | Q8: 1.8762757 | R8: 1.903349 | S8: 1.9132753 | T8: 1.916843 | U8: 1.9206486 | V8: 1.9307258 | W8: 1.954608 | X8: 1.9593841 | Y8: 1.9814387 | Z8: 2.0040447 | AA8: 2.0236745 | AB8: 2.0314818 | AC8: 2.0433656 | AD8: 2.0595372 | AE8: 2.0863966 | AF8: 2.1471161 | AG8: 2.2422386 | AH8: 2.3701846 | AI8: 2.5868576 | AJ8: 2.8477393 | AK8: 3.1669695 | AL8: 3.5648513 | AM8: 4.0159207 | AN8: 4.4987446 | AO8: 4.9763492 | AP8: 5.4230244 | AQ8: 5.7988314 | AR8: 6.0996198 | AS8: 6.3295321 | AT8: 6.5026703 | AU8: 6.6457062 | AV8: 6.746713 | AW8: 6.7738032 | AX8: 6.7761046 | AY8: 6.6906177 | AZ8: 6.5286815 | BA8: 6.2719941 | BB8: 5.9374429 | BC8: 5.5908404 | BD8: 5.33471 | BE8: 5.0924531 | BF8: 4.8700942 | BG8: 4.6776014 | BH8: 4.5488926 | BI8: 4.4260938 | BJ8: 4.3346069 | BK8: 4.238302 | BL8: 4.1509097 | BM8: 4.070651 | BN8: 4.0065772 | BO8: 3.902799 | BP8: 3.8005154 | BQ8: 3.6901518 | BR8: 3.5894566 | BS8: 3.4978293 | BT8: 3.4387872 | BU8: 3.3873387 | BV8: 3.3601441 | BW8: 3.2920019 | BX8: 3.1965789 | BY8: 3.1175082 | BZ8: 3.0024472 | CA8: 2.8660028 | CB8: 2.7292412 | CC8: 2.5967199 | CD8: 2.4875542 | CE8: 2.3968034 | CF8: 2.3335331 | CG8: 2.2589076 | CH8: 2.2145748 | CI8: 2.262403 | CJ8: 2.2810645 | CK8: 2.3182025 | CL8: 2.4151285 | CM8: 2.700324 | CN8: 3.1891873 | CO8: 3.947773 | CP8: 5.016326 | CQ8: 6.281643 | CR8: 8.07192 | CS8: 10.441871 | CT8: 12.72653 | CU8: 15.269757 | CV8: 18.020206 | CW8: 20.749534 | CX8: 23.450516 | CY8: 26.176616 | CZ8: 28.79701 | DA8: 31.22828 | DB8: 33.794001 | DC8: 36.226581 | DD8: 38.142928 | DE8: 39.680621 | DF8: 41.093402 | DG8: 42.35149 | DH8: 43.339403 | DI8: 44.069109 | DJ8: 44.560684 | DK8: 44.912485 | DL8: 45.22704 | DM8: 45.412983 | DN8: 45.493619 | DO8: 45.334075 | DP8: 45.525513 | DQ8: 45.846484 | DR8: 45.974321 | DS8: 46.032791 | DT8: 46.088044 | DU8: 46.110371 | DV8: 46.058454 | DW8: 46.079666 | DX8: 46.236528 | DY8: 46.352787 | DZ8: 46.631287 | EA8: 46.898126 | EB8: 47.090368 | EC8: 47.237498 | ED8: 47.303707 | EE8: 47.329183 | EF8: 47.317916 | EG8: 47.407127 | EH8: 47.610132 | EI8: 47.703135 | EJ8: 47.964496 | EK8: 48.133098 | EL8: 48.136548 | EM8: 48.21943 | EN8: 48.38649 | EO8: 48.463718 | EP8: 48.530814 | EQ8: 48.569389 | ER8: 48.676264 | ES8: 48.742686 | ET8: 48.899625 | EU8: 48.95727 | EV8: 48.927778 | EW8: 48.943227 | EX8: 49.209936 | EY8: 49.241544 | EZ8: 49.262471 | FA8: 49.402842 | FB8: 49.558723 | FC8: 49.807032 | FD8: 49.930943 | FE8: 49.991202 | FF8: 49.848357 | FG8: 49.397763 | FH8: 49.259664 | FI8: 49.824712 | FJ8: 50.675989 | FK8: 51.249377 | FL8: 51.959941 | FM8: 52.87224 | FN8: 52.407464 | FO8: 51.753704 | FP8: 51.529922 | FQ8: 49.307089 | FR8: 47.519962 | FS8: 47.427099 | FT8: 45.827342 | FU8: 44.962037 | FV8: 44.136703 | FW8: 44.065706 | FX8: 43.983664 | FY8: 43.948223 | FZ8: 44.715368 | GA8: 44.546771 | GB8: 44.687728 | GC8: 45.394272 | GD8: 45.202264 | GE8: 45.417881 | GF8: 45.302094 | GG8: 45.459246 | GH8: 45.751183 | GI8: 45.647514 | GJ8: 45.713121 | GK8: 46.466208 | GL8: 46.303453 | GM8: 46.322605 | GN8: 46.373195 | GO8: 45.778428 | GP8: 45.904574 | GQ8: 45.944176 | GR8: 46.561478 | GS8: 47.457322 | GT8: 47.792943 | GU8: 48.470203 | GV8: 48.548006 | GW8: 48.457192 | GX8: 48.471318 | GY8: 48.876691 | GZ8: 49.69496 | HA8: 50.675532 | HB8: 51.421553 | HC8: 51.776571 | HD8: 51.528905 | HE8: 51.025279 | HF8: 50.474404 | HG8: 50.173374 | HH8: 49.937204 | HI8: 50.381152 | HJ8: 50.459054 | HK8: 50.536007 | HL8: 49.696246 | HM8: 48.497064 | HN8: 46.895647 | HO8: 45.19068 | HP8: 43.499787 | HQ8: 42.042471 | HR8: 40.925569 | HS8: 40.658872 | HT8: 40.290282 | HU8: 40.322232 | HV8: 39.918845 | HW8: 39.727294 | HX8: 39.417123 | HY8: 39.093784 | HZ8: 38.859811 | IA8: 38.858918 | IB8: 39.125965 | IC8: 39.605056 | ID8: 40.123068 | IE8: 40.594837 | IF8: 41.008279 | IG8: 41.293921 | IH8: 41.37943 | II8: 41.526119 | IJ8: 41.573845 | IK8: 41.6163 | IL8: 41.608254 | IM8: 41.580846 | IN8: 41.524983 | IO8: 41.440649 | IP8: 41.32785 | IQ8: 41.186584 | IR8: 11.293585 | IS8: 11.875879 | IT8: 12.456384 | IU8: 13.035103 | IV8: 13.612034 | IW8: 14.187178 | IX8: 14.80096 | IY8: 15.35253 | IZ8: 15.853947 | JA8: 16.452282 | JB8: 16.928264 | JC8: 17.345114 | JD8: 17.785955 | JE8: 18.160787 | JF8: 18.506658 | JG8: 18.797666 | JH8: 19.255201 | JI8: 19.656758 | JJ8: 19.97263 | JK8: 20.379511 | JL8: 20.711817 | JM8: 20.946438 | JN8: 21.264149 | JO8: 21.511767 | JP8: 21.69338 | JQ8: 21.936859 | JR8: 22.277585 | JS8: 22.516014 | JT8: 22.668277 | JU8: 22.893942 | JV8: 23.033247 | JW8: 23.089986 | JX8: 23.162672 | JY8: 23.106784 | JZ8: 22.990232 | KA8: 22.894687 | KB8: 22.674375 | KC8: 22.451553 | KD8: 22.105832 | KE8: 21.88351 | KF8: 21.610401 | KG8: 21.432123 | KH8: 21.165241 | KI8: 20.89013 | KJ8: 20.602722 | KK8: 20.353129 | KL8: 20.008339 | KM8: 19.785854 | KN8: 19.377838 | KO8: 19.003959 | KP8: 18.54018 | KQ8: 18.195616 | KR8: 17.70669 | KS8: 17.016119 | KT8: 15.965277 | KU8: 14.539755 | KV8: 12.821796 | KW8: 10.811403 | KX8: 8.5085718 | KY8: 5.9133045 | KZ8: 5.5107837 | LA8: 5.6941349 | LB8: 5.8617392 | LC8: 6.0135954 | LD8: 6.1497059 | LE8: 6.2700682 | LF8: 6.1838661 | LG8: 6.2221608 | LH8: 6.4467579 | LI8: 6.5933389 | LJ8: 6.8693728 | LK8: 7.0784162 | LL8: 7.2625734 | LM8: 7.4092147 | LN8: 7.5418145 | LO8: 7.6600914 | LP8: 7.8157267 | LQ8: 7.9950699 | LR8: 8.1279686 | LS8: 8.2978885 | LT8: 8.4848834 | LU8: 8.6769368 | LV8: 8.8617191 | LW8: 9.0434019 | LX8: 9.2001849 | LY8: 9.3822548 | LZ8: 9.5478542 | MA8: 9.6955926 | MB8: 9.8496373 | MC8: 9.9926959 | MD8: 10.121358 | ME8: 10.251053 | MF8: 10.35957 | MG8: 10.518482 | MH8: 10.74161 | MI8: 11.007051 | MJ8: 11.223551 | MK8: 11.412842 | ML8: 11.532505 | MM8: 11.570941 | MN8: 11.526021 | MO8: 11.435618 | MP8: 11.334794 | MQ8: 11.267638 | MR8: 11.254347 | MS8: 11.238123 | MT8: 11.140844 | MU8: 10.968112 | MV8: 10.783554 | MW8: 10.55833 | MX8: 10.336254 | MY8: 10.103623 | MZ8: 9.9409757 | NA8: 9.7506193 | NB8: 9.5608367 | NC8: 9.3894961 | ND8: 9.2012095 | NE8: 8.9652231 | NF8: 8.7516548 | NG8: 8.5630596 | NH8: 8.4054654 | NI8: 8.2985817 | NJ8: 8.2620845 | NK8: 8.1545627 | NL8: 7.9645805 | NM8: 7.9336106 | NN8: 7.9152427 | NO8: 7.8560037 | NP8: 7.8486925 | NQ8: 7.8109476 | NR8: 7.7401397 | NS8: 7.6569425 | NT8: 7.5613548 | NU8: 7.4533766 | NV8: 7.3330078
A9: 7 | B9: H-411_NEG | C9: 1.4887919 | D9: 1.5225677 | E9: 1.5527959 | F9: 1.579477 | G9: 1.6026106 | H9: 1.6221972 | I9: 1.6163223 | J9: 1.6157813 | K9: 1.6520956 | L9: 1.6812378 | M9: 1.7143453 | N9: 1.7479037 | O9: 1.7776653 | P9: 1.8110353 | Q9: 1.8505902 | R9: 1.872087 | S9: 1.879789 | T9: 1.8863231 | U9: 1.8918072 | V9: 1.9032392 | W9: 1.9265121 | X9: 1.9328423 | Y9: 1.953954 | Z9: 1.9784786 | AA9: 1.9985588 | AB9: 2.0060644 | AC9: 2.0143311 | AD9: 2.0288986 | AE9: 2.0545945 | AF9: 2.1144516 | AG9: 2.205265 | AH9: 2.3368748 | AI9: 2.5603741 | AJ9: 2.8305444 | AK9: 3.1641557 | AL9: 3.5769105 | AM9: 4.0484182 | AN9: 4.5501349 | AO9: 5.0488805 | AP9: 5.5156786 | AQ9: 5.9085704 | AR9: 6.2296464 | AS9: 6.46821 | AT9: 6.64299 | AU9: 6.7887691 | AV9: 6.8871362 | AW9: 6.9123825 | AX9: 6.907697 | AY9: 6.8214335 | AZ9: 6.6572635 | BA9: 6.394874 | BB9: 6.054076 | BC9: 5.6929714 | BD9: 5.4156627 | BE9: 5.1570656 | BF9: 4.9167516 | BG9: 4.7103402 | BH9: 4.5731893 | BI9: 4.4422655 | BJ9: 4.3499127 | BK9: 4.2474227 | BL9: 4.1590414 | BM9: 4.0752192 | BN9: 3.998567 | BO9: 3.8833952 | BP9: 3.7706058 | BQ9: 3.652079 | BR9: 3.5481019 | BS9: 3.452247 | BT9: 3.393406 | BU9: 3.3472433 | BV9: 3.3239968 | BW9: 3.2562789 | BX9: 3.1540542 | BY9: 3.0615173 | BZ9: 2.9332916 | CA9: 2.784797 | CB9: 2.642468 | CC9: 2.5020114 | CD9: 2.384591 | CE9: 2.3002664 | CF9: 2.230976 | CG9: 2.159598 | CH9: 2.1160019 | CI9: 2.1603988 | CJ9: 2.1800371 | CK9: 2.217272 | CL9: 2.3177344 | CM9: 2.6033466 | CN9: 3.0989723 | CO9: 3.885539 | CP9: 5.0055956 | CQ9: 6.3347926 | CR9: 8.1881358 | CS9: 10.653929 | CT9: 13.030937 | CU9: 15.665399 | CV9: 18.512528 | CW9: 21.326097 | CX9: 24.092997 | CY9: 26.90145 | CZ9: 29.599238 | DA9: 32.095365 | DB9: 34.730598 | DC9: 37.258405 | DD9: 39.268997 | DE9: 40.793427 | DF9: 42.311729 | DG9: 43.693106 | DH9: 44.755214 | DI9: 45.526941 | DJ9: 46.032492 | DK9: 46.388604 | DL9: 46.707331 | DM9: 46.877794 | DN9: 46.918341 | DO9: 46.660478 | DP9: 46.907154 | DQ9: 47.297283 | DR9: 47.434696 | DS9: 47.479721 | DT9: 47.547927 | DU9: 47.565199 | DV9: 47.528045 | DW9: 47.543053 | DX9: 47.716469 | DY9: 47.840059 | DZ9: 48.144353 | EA9: 48.439281 | EB9: 48.633978 | EC9: 48.764795 | ED9: 48.81921 | EE9: 48.829817 | EF9: 48.840848 | EG9: 48.955543 | EH9: 49.20096 | EI9: 49.293082 | EJ9: 49.566846 | EK9: 49.725915 | EL9: 49.737449 | EM9: 49.820813 | EN9: 49.98546 | EO9: 50.057247 | EP9: 50.137643 | EQ9: 50.216207 | ER9: 50.36345 | ES9: 50.415256 | ET9: 50.567338 | EU9: 50.6118 | EV9: 50.571452 | EW9: 50.591435 | EX9: 50.842948 | EY9: 50.930709 | EZ9: 50.980126 | FA9: 51.192226 | FB9: 51.352758 | FC9: 51.594544 | FD9: 51.692653 | FE9: 51.724831 | FF9: 51.512325 | FG9: 50.890403 | FH9: 50.716552 | FI9: 51.354937 | FJ9: 52.250383 | FK9: 52.760916 | FL9: 53.395897 | FM9: 54.400276 | FN9: 53.882747 | FO9: 53.153824 | FP9: 52.881905 | FQ9: 50.488025 | FR9: 48.712782 | FS9: 48.66212 | FT9: 47.064859 | FU9: 46.120673 | FV9: 45.304514 | FW9: 45.326951 | FX9: 45.225511 | FY9: 45.164152 | FZ9: 45.951278 | GA9: 45.693079 | GB9: 45.760131 | GC9: 46.416592 | GD9: 46.215412 | GE9: 46.42778 | GF9: 46.354535 | GG9: 46.503564 | GH9: 46.90838 | GI9: 46.956491 | GJ9: 47.082052 | GK9: 47.891423 | GL9: 47.710901 | GM9: 47.682433 | GN9: 47.708649 | GO9: 47.028343 | GP9: 47.11565 | GQ9: 47.032045 | GR9: 47.677441 | GS9: 48.610841 | GT9: 48.904158 | GU9: 49.591879 | GV9: 49.638251 | GW9: 49.531294 | GX9: 49.56963 | GY9: 50.020117 | GZ9: 50.875038 | HA9: 51.877648 | HB9: 52.645322 | HC9: 52.992566 | HD9: 52.720849 | HE9: 52.198025 | HF9: 51.618747 | HG9: 51.266639 | HH9: 50.95425 | HI9: 51.383049 | HJ9: 51.389102 | HK9: 51.520372 | HL9: 50.633717 | HM9: 49.426458 | HN9: 47.816884 | HO9: 46.126975 | HP9: 44.411246 | HQ9: 42.893253 | HR9: 41.72703 | HS9: 41.462746 | HT9: 41.028919 | HU9: 41.074524 | HV9: 40.556236 | HW9: 40.326313 | HX9: 39.986215 | HY9: 39.654869 | HZ9: 39.42531 | IA9: 39.443346 | IB9: 39.755051 | IC9: 40.257737 | ID9: 40.782046 | IE9: 41.251483 | IF9: 41.667259 | IG9: 41.956826 | IH9: 42.045406 | II9: 42.182576 | IJ9: 42.228459 | IK9: 42.258255 | IL9: 42.24914 | IM9: 42.218736 | IN9: 42.159243 | IO9: 42.070669 | IP9: 41.953008 | IQ9: 41.806261 | IR9: 10.882135 | IS9: 11.472818 | IT9: 12.060883 | IU9: 12.64633 | IV9: 13.229159 | IW9: 13.809369 | IX9: 14.416196 | IY9: 14.973407 | IZ9: 15.469406 | JA9: 16.079956 | JB9: 16.548359 | JC9: 16.98591 | JD9: 17.434487 | JE9: 17.811594 | JF9: 18.175943 | JG9: 18.460443 | JH9: 18.958776 | JI9: 19.378596 | JJ9: 19.703186 | JK9: 20.1312 | JL9: 20.457831 | JM9: 20.721507 | JN9: 21.05679 | JO9: 21.303192 | JP9: 21.49806 | JQ9: 21.73693 | JR9: 22.102881 | JS9: 22.34639 | JT9: 22.479864 | JU9: 22.703302 | JV9: 22.837681 | JW9: 22.894453 | JX9: 22.972001 | JY9: 22.908571 | JZ9: 22.793049 | KA9: 22.693099 | KB9: 22.469775 | KC9: 22.238881 | KD9: 21.869575 | KE9: 21.648293 | KF9: 21.360681 | KG9: 21.170274 | KH9: 20.908884 | KI9: 20.627356 | KJ9: 20.332759 | KK9: 20.08797 | KL9: 19.708015 | KM9: 19.461175 | KN9: 19.043154 | KO9: 18.654058 | KP9: 18.175295 | KQ9: 17.834498 | KR9: 17.348419 | KS9: 16.656109 | KT9: 15.614111 | KU9: 14.181853 | KV9: 12.451405 | KW9: 10.422767 | KX9: 8.0959375 | KY9: 5.470919 | KZ9: 4.9012993 | LA9: 5.1539878 | LB9: 5.3726449 | LC9: 5.5572695 | LD9: 5.7078631 | LE9: 5.8244256 | LF9: 5.7010364 | LG9: 5.6713098 | LH9: 5.874424 | LI9: 5.9424357 | LJ9: 6.2286283 | LK9: 6.4381271 | LL9: 6.6222573 | LM9: 6.7806666 | LN9: 6.9292951 | LO9: 7.073385 | LP9: 7.233657 | LQ9: 7.4254025 | LR9: 7.5606666 | LS9: 7.7355024 | LT9: 7.9174849 | LU9: 8.1101573 | LV9: 8.3007253 | LW9: 8.4789718 | LX9: 8.6395523 | LY9: 8.8121184 | LZ9: 8.9868612 | MA9: 9.1280316 | MB9: 9.2726173 | MC9: 9.4049462 | MD9: 9.5300035 | ME9: 9.6682598 | MF9: 9.7903514 | MG9: 9.9460387 | MH9: 10.182769 | MI9: 10.439764 | MJ9: 10.656002 | MK9: 10.836202 | ML9: 10.972881 | MM9: 11.004517 | MN9: 10.987643 | MO9: 10.92101 | MP9: 10.826285 | MQ9: 10.782851 | MR9: 10.783311 | MS9: 10.761705 | MT9: 10.664903 | MU9: 10.512045 | MV9: 10.338308 | MW9: 10.083354 | MX9: 9.858804 | MY9: 9.6078611 | MZ9: 9.3767796 | NA9: 9.1480842 | NB9: 8.8979619 | NC9: 8.7052801 | ND9: 8.5196556 | NE9: 8.304199 | NF9: 8.1270238 | NG9: 7.9600818 | NH9: 7.8456065 | NI9: 7.7469349 | NJ9: 7.7199422 | NK9: 7.6377447 | NL9: 7.4685236 | NM9: 7.4540965 | NN9: 7.4375374 | NO9: 7.4019457 | NP9: 7.354831 | NQ9: 7.3316222 | NR9: 7.2901024 | NS9: 7.2482015 | NT9: 7.2059212 | NU9: 7.1632605 | NV9: 7.1202202
A10: 8 | B10: H-502_NEG | C10: 1.4593267 | D10: 1.4899416 | E10: 1.51758 | F10: 1.5422422 | G10: 1.563928 | H10: 1.5826373 | I10: 1.5788623 | J10: 1.5812522 | K10: 1.6097657 | L10: 1.6378468 | M10: 1.6731969 | N10: 1.7083326 | O10: 1.7335469 | P10: 1.7669501 | Q10: 1.8073752 | R10: 1.8321717 | S10: 1.8436229 | T10: 1.8500424 | U10: 1.8529185 | V10: 1.864367 | W10: 1.8869589 | X10: 1.892061 | Y10: 1.9137619 | Z10: 1.9363365 | AA10: 1.9546047 | AB10: 1.961719 | AC10: 1.9735109 | AD10: 1.9910349 | AE10: 2.0162525 | AF10: 2.0752657 | AG10: 2.16368 | AH10: 2.284621 | AI10: 2.49106 | AJ10: 2.7393673 | AK10: 3.0396029 | AL10: 3.4104308 | AM10: 3.8311915 | AN10: 4.2812433 | AO10: 4.7271793 | AP10: 5.142361 | AQ10: 5.4890811 | AR10: 5.7693619 | AS10: 5.9845523 | AT10: 6.1458268 | AU10: 6.2775425 | AV10: 6.3698608 | AW10: 6.3937406 | AX10: 6.3961752 | AY10: 6.319523 | AZ10: 6.1681319 | BA10: 5.9306039 | BB10: 5.6214182 | BC10: 5.3005831 | BD10: 5.062584 | BE10: 4.8439107 | BF10: 4.6388237 | BG10: 4.4623674 | BH10: 4.342394 | BI10: 4.2316533 | BJ10: 4.1491454 | BK10: 4.061329 | BL10: 3.9819373 | BM10: 3.91085 | BN10: 3.8526292 | BO10: 3.7600171 | BP10: 3.6624244 | BQ10: 3.5595001 | BR10: 3.4632495 | BS10: 3.379297 | BT10: 3.3238243 | BU10: 3.2737485 | BV10: 3.2497448 | BW10: 3.1888201 | BX10: 3.0998492 | BY10: 3.0287101 | BZ10: 2.9220737 | CA10: 2.7970198 | CB10: 2.6711174 | CC10: 2.5506064 | CD10: 2.4488827 | CE10: 2.3648623 | CF10: 2.3071194 | CG10: 2.2382379 | CH10: 2.1994957 | CI10: 2.2503076 | CJ10: 2.2740153 | CK10: 2.3156582 | CL10: 2.4113923 | CM10: 2.6830227 | CN10: 3.1433897 | CO10: 3.8581485 | CP10: 4.8583672 | CQ10: 6.0433442 | CR10: 7.7229396 | CS10: 9.9417166 | CT10: 12.083587 | CU10: 14.45644 | CV10: 17.021759 | CW10: 19.560623 | CX10: 22.065619 | CY10: 24.595929 | CZ10: 27.023069 | DA10: 29.277525 | DB10: 31.665859 | DC10: 33.931258 | DD10: 35.725397 | DE10: 37.15968 | DF10: 38.474104 | DG10: 39.641457 | DH10: 40.563526 | DI10: 41.253219 | DJ10: 41.713057 | DK10: 42.051213 | DL10: 42.363046 | DM10: 42.551257 | DN10: 42.642902 | DO10: 42.504593 | DP10: 42.668975 | DQ10: 42.968608 | DR10: 43.091552 | DS10: 43.154071 | DT10: 43.201422 | DU10: 43.234144 | DV10: 43.211281 | DW10: 43.250393 | DX10: 43.425796 | DY10: 43.55905 | DZ10: 43.823286 | EA10: 44.091169 | EB10: 44.287222 | EC10: 44.423166 | ED10: 44.479173 | EE10: 44.503818 | EF10: 44.503877 | EG10: 44.605852 | EH10: 44.805855 | EI10: 44.906461 | EJ10: 45.165059 | EK10: 45.332267 | EL10: 45.351523 | EM10: 45.423004 | EN10: 45.597504 | EO10: 45.672798 | EP10: 45.755943 | EQ10: 45.816249 | ER10: 45.919137 | ES10: 45.994965 | ET10: 46.152756 | EU10: 46.207664 | EV10: 46.189257 | EW10: 46.217381 | EX10: 46.490308 | EY10: 46.544696 | EZ10: 46.590864 | FA10: 46.715791 | FB10: 46.868051 | FC10: 47.11096 | FD10: 47.227922 | FE10: 47.293283 | FF10: 47.164175 | FG10: 46.732073 | FH10: 46.621796 | FI10: 47.122026 | FJ10: 47.850331 | FK10: 48.330338 | FL10: 48.961517 | FM10: 49.891224 | FN10: 49.394168 | FO10: 48.75108 | FP10: 48.59244 | FQ10: 46.447089 | FR10: 44.750977 | FS10: 44.693988 | FT10: 43.103103 | FU10: 42.330304 | FV10: 41.510394 | FW10: 41.48148 | FX10: 41.41368 | FY10: 41.375805 | FZ10: 42.147191 | GA10: 42.023423 | GB10: 42.151043 | GC10: 42.904709 | GD10: 42.744307 | GE10: 42.954686 | GF10: 42.834976 | GG10: 42.928392 | GH10: 43.277457 | GI10: 43.219476 | GJ10: 43.28811 | GK10: 44.09165 | GL10: 43.876924 | GM10: 43.890468 | GN10: 43.921208 | GO10: 43.223235 | GP10: 43.292439 | GQ10: 43.176831 | GR10: 43.737712 | GS10: 44.595036 | GT10: 44.860386 | GU10: 45.539215 | GV10: 45.621511 | GW10: 45.545854 | GX10: 45.572727 | GY10: 45.965364 | GZ10: 46.757714 | HA10: 47.702575 | HB10: 48.422699 | HC10: 48.769428 | HD10: 48.545805 | HE10: 48.080078 | HF10: 47.554766 | HG10: 47.288807 | HH10: 47.03286 | HI10: 47.362275 | HJ10: 47.31304 | HK10: 47.276063 | HL10: 46.40836 | HM10: 45.225493 | HN10: 43.690724 | HO10: 42.117374 | HP10: 40.62077 | HQ10: 39.413793 | HR10: 38.492087 | HS10: 38.34982 | HT10: 38.089513 | HU10: 38.216686 | HV10: 37.914951 | HW10: 37.761981 | HX10: 37.467791 | HY10: 37.157531 | HZ10: 36.948367 | IA10: 36.950902 | IB10: 37.221186 | IC10: 37.687421 | ID10: 38.191818 | IE10: 38.663236 | IF10: 39.081457 | IG10: 39.373503 | IH10: 39.46939 | II10: 39.619484 | IJ10: 39.672133 | IK10: 39.706916 | IL10: 39.702183 | IM10: 39.685358 | IN10: 39.642585 | IO10: 39.573861 | IP10: 39.479183 | IQ10: 39.358558 | IR10: 11.247376 | IS10: 11.813278 | IT10: 12.377649 | IU10: 12.94049 | IV10: 13.501802 | IW10: 14.061587 | IX10: 14.662237 | IY10: 15.213477 | IZ10: 15.687579 | JA10: 16.267047 | JB10: 16.727225 | JC10: 17.11933 | JD10: 17.550521 | JE10: 17.892571 | JF10: 18.223833 | JG10: 18.490514 | JH10: 18.920366 | JI10: 19.30693 | JJ10: 19.584854 | JK10: 19.986951 | JL10: 20.313504 | JM10: 20.53482 | JN10: 20.859198 | JO10: 21.094339 | JP10: 21.264653 | JQ10: 21.495537 | JR10: 21.822187 | JS10: 22.050683 | JT10: 22.180949 | JU10: 22.396752 | JV10: 22.528713 | JW10: 22.578019 | JX10: 22.649218 | JY10: 22.596886 | JZ10: 22.482787 | KA10: 22.391606 | KB10: 22.185535 | KC10: 21.968755 | KD10: 21.633772 | KE10: 21.421345 | KF10: 21.166271 | KG10: 20.999396 | KH10: 20.748523 | KI10: 20.502022 | KJ10: 20.237791 | KK10: 20.003461 | KL10: 19.677289 | KM10: 19.447965 | KN10: 19.041391 | KO10: 18.667208 | KP10: 18.207001 | KQ10: 17.864255 | KR10: 17.393955 | KS10: 16.738885 | KT10: 15.746814 | KU10: 14.391735 | KV10: 12.758958 | KW10: 10.848483 | KX10: 8.6603084 | KY10: 6.1944353 | KZ10: 5.9415897 | LA10: 6.1311182 | LB10: 6.3003316 | LC10: 6.449231 | LD10: 6.5778171 | LE10: 6.6860879 | LF10: 6.5569222 | LG10: 6.5724251 | LH10: 6.7995667 | LI10: 6.9396948 | LJ10: 7.2023987 | LK10: 7.3993803 | LL10: 7.5579202 | LM10: 7.7036801 | LN10: 7.8196856 | LO10: 7.932757 | LP10: 8.065956 | LQ10: 8.2401804 | LR10: 8.3571458 | LS10: 8.5224499 | LT10: 8.6932993 | LU10: 8.8746675 | LV10: 9.0535073 | LW10: 9.2347835 | LX10: 9.3768789 | LY10: 9.5470167 | LZ10: 9.7126201 | MA10: 9.8483924 | MB10: 9.9831899 | MC10: 10.11891 | MD10: 10.228464 | ME10: 10.348812 | MF10: 10.438786 | MG10: 10.593827 | MH10: 10.824081 | MI10: 11.087407 | MJ10: 11.287642 | MK10: 11.446996 | ML10: 11.563695 | MM10: 11.61565 | MN10: 11.590116 | MO10: 11.503238 | MP10: 11.401855 | MQ10: 11.387833 | MR10: 11.404559 | MS10: 11.360705 | MT10: 11.236046 | MU10: 11.056572 | MV10: 10.864695 | MW10: 10.631511 | MX10: 10.406822 | MY10: 10.167417 | MZ10: 9.9734819 | NA10: 9.811191 | NB10: 9.6198332 | NC10: 9.4521478 | ND10: 9.2850225 | NE10: 9.0822128 | NF10: 8.884351 | NG10: 8.7126925 | NH10: 8.5910068 | NI10: 8.4835144 | NJ10: 8.4149096 | NK10: 8.3131367 | NL10: 8.1219752 | NM10: 8.0968281 | NN10: 8.0924115 | NO10: 8.021785 | NP10: 7.9952889 | NQ10: 7.9724514 | NR10: 7.9068646 | NS10: 7.830948 | NT10: 7.7447001 | NU10: 7.6481222 | NV10: 7.5412131
A11: 9 | B11: H-509_NEG | C11: 1.4623532 | D11: 1.4833867 | E11: 1.5026494 | F11: 1.5201416 | G11: 1.535863 | H11: 1.5498135 | I11: 1.5441627 | J11: 1.5459938 | K11: 1.5719198 | L11: 1.5987686 | M11: 1.6331507 | N11: 1.6716771 | O11: 1.7034292 | P11: 1.7420762 | Q11: 1.7845422 | R11: 1.8136098 | S11: 1.8263168 | T11: 1.8356461 | U11: 1.8405833 | V11: 1.856615 | W11: 1.8821989 | X11: 1.8920773 | Y11: 1.9200903 | Z11: 1.9490817 | AA11: 1.970963 | AB11: 1.9819379 | AC11: 1.9973789 | AD11: 2.0189552 | AE11: 2.0508545 | AF11: 2.1166374 | AG11: 2.2107581 | AH11: 2.336765 | AI11: 2.5440241 | AJ11: 2.7856964 | AK11: 3.0720196 | AL11: 3.4215224 | AM11: 3.8161158 | AN11: 4.233676 | AO11: 4.6454837 | AP11: 5.0299109 | AQ11: 5.3517479 | AR11: 5.6140155 | AS11: 5.8180015 | AT11: 5.9723287 | AU11: 6.1053241 | AV11: 6.2041906 | AW11: 6.2413988 | AX11: 6.2611699 | AY11: 6.2083082 | AZ11: 6.0894853 | BA11: 5.8882071 | BB11: 5.6170651 | BC11: 5.3355796 | BD11: 5.1333595 | BE11: 4.9442701 | BF11: 4.7643595 | BG11: 4.6056628 | BH11: 4.5002244 | BI11: 4.3973707 | BJ11: 4.3211741 | BK11: 4.2387794 | BL11: 4.1662437 | BM11: 4.1021262 | BN11: 4.0540917 | BO11: 3.9701635 | BP11: 3.884914 | BQ11: 3.7901117 | BR11: 3.703625 | BS11: 3.624992 | BT11: 3.5741464 | BU11: 3.5289452 | BV11: 3.5104066 | BW11: 3.4513363 | BX11: 3.3647631 | BY11: 3.2935924 | BZ11: 3.186045 | CA11: 3.0563368 | CB11: 2.9275774 | CC11: 2.8013598 | CD11: 2.6955251 | CE11: 2.6073523 | CF11: 2.5462249 | CG11: 2.4716024 | CH11: 2.42773 | CI11: 2.4790347 | CJ11: 2.5061415 | CK11: 2.5563028 | CL11: 2.670116 | CM11: 2.9654235 | CN11: 3.4494802 | CO11: 4.1701419 | CP11: 5.157433 | CQ11: 6.2956549 | CR11: 7.8625902 | CS11: 9.9150712 | CT11: 11.824137 | CU11: 13.878259 | CV11: 16.027758 | CW11: 18.084363 | CX11: 20.019554 | CY11: 21.901597 | CZ11: 23.641515 | DA11: 25.195345 | DB11: 26.860848 | DC11: 28.462732 | DD11: 29.663123 | DE11: 30.58352 | DF11: 31.569316 | DG11: 32.477705 | DH11: 33.158895 | DI11: 33.661002 | DJ11: 33.995992 | DK11: 34.239349 | DL11: 34.459167 | DM11: 34.586709 | DN11: 34.643303 | DO11: 34.518686 | DP11: 34.773566 | DQ11: 35.096964 | DR11: 35.22995 | DS11: 35.322735 | DT11: 35.406114 | DU11: 35.464653 | DV11: 35.462394 | DW11: 35.53352 | DX11: 35.712154 | DY11: 35.836007 | DZ11: 36.076607 | EA11: 36.317608 | EB11: 36.502116 | EC11: 36.647968 | ED11: 36.719793 | EE11: 36.771193 | EF11: 36.808515 | EG11: 36.944062 | EH11: 37.152277 | EI11: 37.257711 | EJ11: 37.514349 | EK11: 37.685804 | EL11: 37.726142 | EM11: 37.828956 | EN11: 38.000875 | EO11: 38.098007 | EP11: 38.200232 | EQ11: 38.278946 | ER11: 38.414784 | ES11: 38.522651 | ET11: 38.699318 | EU11: 38.801745 | EV11: 38.815422 | EW11: 38.889829 | EX11: 39.176038 | EY11: 39.239616 | EZ11: 39.298705 | FA11: 39.473121 | FB11: 39.664987 | FC11: 39.92638 | FD11: 40.093246 | FE11: 40.236664 | FF11: 40.176602 | FG11: 39.85807 | FH11: 39.848601 | FI11: 40.379124 | FJ11: 41.09908 | FK11: 41.602542 | FL11: 42.22587 | FM11: 43.106987 | FN11: 42.740496 | FO11: 42.233703 | FP11: 42.118666 | FQ11: 40.285755 | FR11: 38.891411 | FS11: 38.898714 | FT11: 37.590768 | FU11: 36.98969 | FV11: 36.421452 | FW11: 36.494729 | FX11: 36.489616 | FY11: 36.487216 | FZ11: 37.213939 | GA11: 37.135893 | GB11: 37.262517 | GC11: 37.885448 | GD11: 37.793911 | GE11: 38.014156 | GF11: 37.974763 | GG11: 38.087619 | GH11: 38.376815 | GI11: 38.311647 | GJ11: 38.391184 | GK11: 39.089799 | GL11: 38.914003 | GM11: 38.906537 | GN11: 38.949607 | GO11: 38.376899 | GP11: 38.471138 | GQ11: 38.409677 | GR11: 38.897557 | GS11: 39.639011 | GT11: 39.849342 | GU11: 40.427841 | GV11: 40.473153 | GW11: 40.394324 | GX11: 40.431448 | GY11: 40.812035 | GZ11: 41.530009 | HA11: 42.385596 | HB11: 43.040032 | HC11: 43.362124 | HD11: 43.181186 | HE11: 42.809237 | HF11: 42.391812 | HG11: 42.180034 | HH11: 41.966466 | HI11: 42.303174 | HJ11: 42.260374 | HK11: 42.362144 | HL11: 41.666624 | HM11: 40.763721 | HN11: 39.61653 | HO11: 38.478837 | HP11: 37.385077 | HQ11: 36.480197 | HR11: 35.813074 | HS11: 35.802215 | HT11: 35.607355 | HU11: 35.79397 | HV11: 35.468186 | HW11: 35.333364 | HX11: 35.099352 | HY11: 34.859323 | HZ11: 34.697913 | IA11: 34.741861 | IB11: 35.033193 | IC11: 35.496826 | ID11: 35.976315 | IE11: 36.423346 | IF11: 36.806473 | IG11: 37.075984 | IH11: 37.158814 | II11: 37.289161 | IJ11: 37.339601 | IK11: 37.384192 | IL11: 37.403244 | IM11: 37.409773 | IN11: 37.397552 | IO11: 37.366579 | IP11: 37.316856 | IQ11: 37.248388 | IR11: 12.385213 | IS11: 12.951859 | IT11: 13.511374 | IU11: 14.063756 | IV11: 14.609007 | IW11: 15.147127 | IX11: 15.709108 | IY11: 16.214695 | IZ11: 16.646843 | JA11: 17.208579 | JB11: 17.617474 | JC11: 17.990537 | JD11: 18.378675 | JE11: 18.689122 | JF11: 18.999627 | JG11: 19.217919 | JH11: 19.659442 | JI11: 20.021508 | JJ11: 20.302467 | JK11: 20.698775 | JL11: 20.986449 | JM11: 21.212114 | JN11: 21.500574 | JO11: 21.712315 | JP11: 21.871596 | JQ11: 22.071811 | JR11: 22.407244 | JS11: 22.618602 | JT11: 22.735596 | JU11: 22.947117 | JV11: 23.0674 | JW11: 23.113469 | JX11: 23.182496 | JY11: 23.124565 | JZ11: 23.005716 | KA11: 22.913378 | KB11: 22.701713 | KC11: 22.477265 | KD11: 22.137745 | KE11: 21.939554 | KF11: 21.687972 | KG11: 21.529903 | KH11: 21.320003 | KI11: 21.093115 | KJ11: 20.840998 | KK11: 20.659256 | KL11: 20.338482 | KM11: 20.135433 | KN11: 19.765145 | KO11: 19.422305 | KP11: 19.002251 | KQ11: 18.718693 | KR11: 18.307787 | KS11: 17.696613 | KT11: 16.734539 | KU11: 15.385865 | KV11: 13.744079 | KW11: 11.80918 | KX11: 9.5811684 | KY11: 7.060045 | KZ11: 6.9475648 | LA11: 7.1396076 | LB11: 7.31451 | LC11: 7.4722724 | LD11: 7.6128943 | LE11: 7.7363763 | LF11: 7.6556443 | LG11: 7.7194719 | LH11: 7.9363949 | LI11: 8.0595926 | LJ11: 8.3057543 | LK11: 8.4958972 | LL11: 8.6501298 | LM11: 8.7801795 | LN11: 8.8955072 | LO11: 9.0028271 | LP11: 9.1356507 | LQ11: 9.3049731 | LR11: 9.4031646 | LS11: 9.5507738 | LT11: 9.7032208 | LU11: 9.8872163 | LV11: 10.046581 | LW11: 10.213964 | LX11: 10.356645 | LY11: 10.516033 | LZ11: 10.669584 | MA11: 10.793535 | MB11: 10.903616 | MC11: 11.010153 | MD11: 11.088071 | ME11: 11.203636 | MF11: 11.282654 | MG11: 11.441984 | MH11: 11.68036 | MI11: 11.959754 | MJ11: 12.166582 | MK11: 12.339428 | ML11: 12.438017 | MM11: 12.448372 | MN11: 12.407272 | MO11: 12.354736 | MP11: 12.259798 | MQ11: 12.234898 | MR11: 12.246924 | MS11: 12.224644 | MT11: 12.090741 | MU11: 11.900068 | MV11: 11.657791 | MW11: 11.403118 | MX11: 11.172633 | MY11: 10.954271 | MZ11: 10.754041 | NA11: 10.550591 | NB11: 10.349019 | NC11: 10.160075 | ND11: 9.9827563 | NE11: 9.7562135 | NF11: 9.5569942 | NG11: 9.4170608 | NH11: 9.2787208 | NI11: 9.1995377 | NJ11: 9.1286565 | NK11: 8.9986884 | NL11: 8.8109412 | NM11: 8.7861606 | NN11: 8.7854486 | NO11: 8.7167771 | NP11: 8.7237082 | NQ11: 8.7095604 | NR11: 8.6612082 | NS11: 8.6023747 | NT11: 8.5330579 | NU11: 8.4532604 | NV11: 8.3629809
A12: 10 | B12: L-108_NEG | C12: 1.9505712 | D12: 2.0188598 | E12: 2.0830152 | F12: 2.1430374 | G12: 2.198927 | H12: 2.2506834 | I12: 2.2909324 | J12: 2.3195457 | K12: 2.3815558 | L12: 2.4216421 | M12: 2.4863648 | N12: 2.5395586 | O12: 2.6063951 | P12: 2.6734742 | Q12: 2.7212421 | R12: 2.7614633 | S12: 2.7868005 | T12: 2.8064872 | U12: 2.826454 | V12: 2.841708 | W12: 2.8450014 | X12: 2.8549838 | Y12: 2.884814 | Z12: 2.9358786 | AA12: 2.982847 | AB12: 3.0157012 | AC12: 3.056016 | AD12: 3.1001905 | AE12: 3.1609415 | AF12: 3.2428036 | AG12: 3.3274756 | AH12: 3.4444719 | AI12: 3.6237726 | AJ12: 3.7978298 | AK12: 4.0181882 | AL12: 4.2544221 | AM12: 4.5232713 | AN12: 4.8224806 | AO12: 5.1326885 | AP12: 5.4277374 | AQ12: 5.687537 | AR12: 5.9302392 | AS12: 6.1077607 | AT12: 6.2335859 | AU12: 6.3608975 | AV12: 6.4427398 | AW12: 6.4914095 | AX12: 6.5524648 | AY12: 6.570219 | AZ12: 6.5494528 | BA12: 6.4956798 | BB12: 6.366986 | BC12: 6.204347 | BD12: 6.1441638 | BE12: 6.0546712 | BF12: 5.9796341 | BG12: 5.9018265 | BH12: 5.8729097 | BI12: 5.8214312 | BJ12: 5.8102426 | BK12: 5.7857772 | BL12: 5.7473616 | BM12: 5.7337444 | BN12: 5.7435483 | BO12: 5.7110486 | BP12: 5.711517 | BQ12: 5.6788956 | BR12: 5.6430492 | BS12: 5.5899605 | BT12: 5.5819018 | BU12: 5.5709802 | BV12: 5.5836439 | BW12: 5.5721554 | BX12: 5.5195426 | BY12: 5.525505 | BZ12: 5.4924828 | CA12: 5.3994149 | CB12: 5.3044549 | CC12: 5.2201185 | CD12: 5.1449698 | CE12: 5.0891356 | CF12: 5.0554008 | CG12: 5.0065004 | CH12: 4.9919223 | CI12: 5.1546966 | CJ12: 5.2440033 | CK12: 5.3290119 | CL12: 5.4609725 | CM12: 5.7285779 | CN12: 6.0850749 | CO12: 6.5945638 | CP12: 7.2772303 | CQ12: 8.021084 | CR12: 9.1216778 | CS12: 10.733482 | CT12: 12.13046 | CU12: 13.682258 | CV12: 15.26968 | CW12: 16.806433 | CX12: 18.197331 | CY12: 19.577789 | CZ12: 20.865419 | DA12: 22.018586 | DB12: 23.315144 | DC12: 24.639084 | DD12: 25.663235 | DE12: 26.41141 | DF12: 27.232685 | DG12: 28.18503 | DH12: 28.870172 | DI12: 29.369364 | DJ12: 29.66989 | DK12: 29.886082 | DL12: 30.058161 | DM12: 30.067496 | DN12: 30.037102 | DO12: 29.800905 | DP12: 30.018159 | DQ12: 30.399456 | DR12: 30.504669 | DS12: 30.60983 | DT12: 30.739786 | DU12: 30.845117 | DV12: 30.846374 | DW12: 30.82973 | DX12: 30.974453 | DY12: 31.05782 | DZ12: 31.297441 | EA12: 31.459179 | EB12: 31.569928 | EC12: 31.778525 | ED12: 31.862465 | EE12: 31.92709 | EF12: 31.90768 | EG12: 31.979493 | EH12: 32.205966 | EI12: 32.217898 | EJ12: 32.413405 | EK12: 32.467042 | EL12: 32.468029 | EM12: 32.588906 | EN12: 32.737057 | EO12: 32.915902 | EP12: 33.02768 | EQ12: 33.120274 | ER12: 33.2829 | ES12: 33.240342 | ET12: 33.355426 | EU12: 33.411708 | EV12: 33.352022 | EW12: 33.393102 | EX12: 33.672508 | EY12: 33.808531 | EZ12: 33.790511 | FA12: 34.045261 | FB12: 34.236999 | FC12: 34.518514 | FD12: 34.793037 | FE12: 34.980301 | FF12: 34.907701 | FG12: 34.594783 | FH12: 34.547774 | FI12: 35.26772 | FJ12: 36.06954 | FK12: 36.566066 | FL12: 37.09106 | FM12: 37.756972 | FN12: 37.815561 | FO12: 37.465555 | FP12: 37.032212 | FQ12: 35.601843 | FR12: 34.595818 | FS12: 34.602096 | FT12: 33.907092 | FU12: 33.260239 | FV12: 33.279209 | FW12: 33.700733 | FX12: 33.926806 | FY12: 33.972835 | FZ12: 34.465097 | GA12: 34.365246 | GB12: 34.561071 | GC12: 34.823694 | GD12: 34.433605 | GE12: 34.740131 | GF12: 34.465546 | GG12: 34.583196 | GH12: 34.478031 | GI12: 34.175614 | GJ12: 34.32221 | GK12: 34.667772 | GL12: 34.991619 | GM12: 35.250174 | GN12: 35.393012 | GO12: 35.861852 | GP12: 36.071732 | GQ12: 36.847826 | GR12: 37.526833 | GS12: 38.048106 | GT12: 38.389911 | GU12: 38.552652 | GV12: 38.466617 | GW12: 38.367841 | GX12: 38.448461 | GY12: 38.906351 | GZ12: 39.65034 | HA12: 40.419655 | HB12: 40.93649 | HC12: 41.106941 | HD12: 40.856099 | HE12: 40.537102 | HF12: 40.281768 | HG12: 40.174478 | HH12: 40.019938 | HI12: 40.572636 | HJ12: 40.642942 | HK12: 41.026778 | HL12: 40.490132 | HM12: 39.859666 | HN12: 39.091584 | HO12: 38.327711 | HP12: 37.495672 | HQ12: 36.61562 | HR12: 35.920167 | HS12: 35.880036 | HT12: 35.495249 | HU12: 35.599971 | HV12: 35.02695 | HW12: 34.827394 | HX12: 34.596337 | HY12: 34.402528 | HZ12: 34.301541 | IA12: 34.369331 | IB12: 34.710033 | IC12: 35.143698 | ID12: 35.56584 | IE12: 35.94856 | IF12: 36.222582 | IG12: 36.389687 | IH12: 36.414379 | II12: 36.487305 | IJ12: 36.513927 | IK12: 36.571927 | IL12: 36.646177 | IM12: 36.680492 | IN12: 36.703789 | IO12: 36.716063 | IP12: 36.717316 | IQ12: 36.707546 | IR12: 15.273478 | IS12: 15.820492 | IT12: 16.358437 | IU12: 16.887309 | IV12: 17.40711 | IW12: 17.917841 | IX12: 18.446678 | IY12: 18.932958 | IZ12: 19.318532 | JA12: 19.861487 | JB12: 20.204524 | JC12: 20.505755 | JD12: 20.840671 | JE12: 21.086352 | JF12: 21.356903 | JG12: 21.52596 | JH12: 21.94016 | JI12: 22.27988 | JJ12: 22.508306 | JK12: 22.889623 | JL12: 23.126103 | JM12: 23.306323 | JN12: 23.597666 | JO12: 23.785047 | JP12: 23.966717 | JQ12: 24.172962 | JR12: 24.514394 | JS12: 24.731098 | JT12: 24.843712 | JU12: 25.078795 | JV12: 25.197884 | JW12: 25.218872 | JX12: 25.291707 | JY12: 25.237777 | JZ12: 25.134092 | KA12: 25.051581 | KB12: 24.835709 | KC12: 24.660139 | KD12: 24.34095 | KE12: 24.21085 | KF12: 24.003736 | KG12: 23.876093 | KH12: 23.68672 | KI12: 23.48856 | KJ12: 23.223751 | KK12: 23.093113 | KL12: 22.776324 | KM12: 22.574586 | KN12: 22.243098 | KO12: 22.01392 | KP12: 21.718621 | KQ12: 21.504819 | KR12: 21.167178 | KS12: 20.724955 | KT12: 20.057552 | KU12: 19.194393 | KV12: 18.16611 | KW12: 16.972701 | KX12: 15.614169 | KY12: 14.090513 | KZ12: 9.8106903 | LA12: 10.089276 | LB12: 10.34695 | LC12: 10.58371 | LD12: 10.799558 | LE12: 10.994492 | LF12: 11.048279 | LG12: 11.220921 | LH12: 11.444215 | LI12: 11.513321 | LJ12: 11.797165 | LK12: 11.993826 | LL12: 12.145141 | LM12: 12.284707 | LN12: 12.369367 | LO12: 12.491283 | LP12: 12.605103 | LQ12: 12.786526 | LR12: 12.858254 | LS12: 12.978467 | LT12: 13.132401 | LU12: 13.332132 | LV12: 13.502009 | LW12: 13.682506 | LX12: 13.78508 | LY12: 13.987235 | LZ12: 14.156466 | MA12: 14.332164 | MB12: 14.470215 | MC12: 14.603567 | MD12: 14.678492 | ME12: 14.763822 | MF12: 14.824626 | MG12: 14.908979 | MH12: 15.097798 | MI12: 15.365466 | MJ12: 15.523266 | MK12: 15.665192 | ML12: 15.747884 | MM12: 15.713275 | MN12: 15.681326 | MO12: 15.551074 | MP12: 15.471669 | MQ12: 15.483787 | MR12: 15.559718 | MS12: 15.590325 | MT12: 15.430802 | MU12: 15.174287 | MV12: 14.922714 | MW12: 14.646564 | MX12: 14.390024 | MY12: 14.1456 | MZ12: 14.020215 | NA12: 13.867346 | NB12: 13.760165 | NC12: 13.637154 | ND12: 13.427531 | NE12: 13.189263 | NF12: 12.932476 | NG12: 12.737793 | NH12: 12.578578 | NI12: 12.585645 | NJ12: 12.510587 | NK12: 12.404329 | NL12: 12.275921 | NM12: 12.29526 | NN12: 12.299437 | NO12: 12.23826 | NP12: 12.151999 | NQ12: 12.290072 | NR12: 12.272406 | NS12: 12.250282 | NT12: 12.223701 | NU12: 12.192663 | NV12: 12.157167
A13: 11 | B13: L-111_NEG | C13: 1.9719701 | D13: 2.0369867 | E13: 2.0985121 | F13: 2.156546 | G13: 2.211089 | H13: 2.2621404 | I13: 2.2829798 | J13: 2.3192012 | K13: 2.3895001 | L13: 2.4524029 | M13: 2.5178326 | N13: 2.5827827 | O13: 2.6313496 | P13: 2.6831245 | Q13: 2.7454939 | R13: 2.7791564 | S13: 2.7964022 | T13: 2.8107036 | U13: 2.8211369 | V13: 2.8426607 | W13: 2.8734345 | X13: 2.8951655 | Y13: 2.9353585 | Z13: 2.9809681 | AA13: 3.0166336 | AB13: 3.0370401 | AC13: 3.0686366 | AD13: 3.1009899 | AE13: 3.139743 | AF13: 3.21221 | AG13: 3.3056929 | AH13: 3.4371043 | AI13: 3.648062 | AJ13: 3.8785007 | AK13: 4.1580274 | AL13: 4.4957008 | AM13: 4.890327 | AN13: 5.3120097 | AO13: 5.7383066 | AP13: 6.1447176 | AQ13: 6.4925397 | AR13: 6.7907038 | AS13: 7.0189686 | AT13: 7.1863414 | AU13: 7.3439629 | AV13: 7.4477864 | AW13: 7.4904283 | AX13: 7.5206882 | AY13: 7.4857473 | AZ13: 7.3918698 | BA13: 7.2183836 | BB13: 6.9684129 | BC13: 6.7069901 | BD13: 6.5429244 | BE13: 6.3920242 | BF13: 6.2378681 | BG13: 6.0977829 | BH13: 6.0107422 | BI13: 5.9238277 | BJ13: 5.8665837 | BK13: 5.7993888 | BL13: 5.7433833 | BM13: 5.69558 | BN13: 5.6724539 | BO13: 5.6090335 | BP13: 5.5417291 | BQ13: 5.4621444 | BR13: 5.381367 | BS13: 5.3031297 | BT13: 5.2592508 | BU13: 5.2214154 | BV13: 5.2297977 | BW13: 5.1927334 | BX13: 5.1321814 | BY13: 5.1134759 | BZ13: 5.0340503 | CA13: 4.926499 | CB13: 4.8064958 | CC13: 4.6842953 | CD13: 4.5848628 | CE13: 4.5052144 | CF13: 4.4658896 | CG13: 4.3964614 | CH13: 4.3727434 | CI13: 4.4989566 | CJ13: 4.5589143 | CK13: 4.6280971 | CL13: 4.7352993 | CM13: 5.0113436 | CN13: 5.4540509 | CO13: 6.1031544 | CP13: 6.9980785 | CQ13: 8.0321237 | CR13: 9.5116024 | CS13: 11.630949 | CT13: 13.567198 | CU13: 15.717068 | CV13: 18.035669 | CW13: 20.341123 | CX13: 22.553019 | CY13: 24.765381 | CZ13: 26.888846 | DA13: 28.842367 | DB13: 30.940722 | DC13: 33.056131 | DD13: 34.689051 | DE13: 35.810569 | DF13: 37.135877 | DG13: 38.630255 | DH13: 39.708054 | DI13: 40.420276 | DJ13: 40.84463 | DK13: 41.089363 | DL13: 41.269718 | DM13: 41.291342 | DN13: 41.133655 | DO13: 40.653009 | DP13: 40.894892 | DQ13: 41.408801 | DR13: 41.533618 | DS13: 41.568939 | DT13: 41.631926 | DU13: 41.695734 | DV13: 41.672255 | DW13: 41.69642 | DX13: 41.885734 | DY13: 41.966483 | DZ13: 42.224904 | EA13: 42.436864 | EB13: 42.583057 | EC13: 42.707611 | ED13: 42.742738 | EE13: 42.740697 | EF13: 42.701194 | EG13: 42.771469 | EH13: 42.993542 | EI13: 43.019439 | EJ13: 43.297926 | EK13: 43.421498 | EL13: 43.402806 | EM13: 43.471596 | EN13: 43.628469 | EO13: 43.688985 | EP13: 43.775055 | EQ13: 43.800091 | ER13: 43.91059 | ES13: 43.959215 | ET13: 44.132439 | EU13: 44.163274 | EV13: 44.047511 | EW13: 43.997053 | EX13: 44.283824 | EY13: 44.29847 | EZ13: 44.2717 | FA13: 44.373572 | FB13: 44.501032 | FC13: 44.746328 | FD13: 44.891131 | FE13: 44.984166 | FF13: 44.780478 | FG13: 44.216699 | FH13: 44.079644 | FI13: 44.683815 | FJ13: 45.500032 | FK13: 45.949282 | FL13: 46.591509 | FM13: 47.658393 | FN13: 47.162682 | FO13: 46.478028 | FP13: 46.149764 | FQ13: 44.024697 | FR13: 42.430707 | FS13: 42.483463 | FT13: 41.369055 | FU13: 40.768116 | FV13: 40.467009 | FW13: 40.840509 | FX13: 40.823522 | FY13: 40.766499 | FZ13: 41.508196 | GA13: 41.297562 | GB13: 41.234052 | GC13: 41.79973 | GD13: 41.698526 | GE13: 41.877007 | GF13: 41.812003 | GG13: 41.926361 | GH13: 42.141321 | GI13: 41.945012 | GJ13: 41.948282 | GK13: 42.551022 | GL13: 42.273438 | GM13: 42.228585 | GN13: 42.205939 | GO13: 41.757078 | GP13: 41.940735 | GQ13: 42.006287 | GR13: 42.486195 | GS13: 43.137137 | GT13: 43.185442 | GU13: 43.59891 | GV13: 43.492099 | GW13: 43.371752 | GX13: 43.471874 | GY13: 43.981498 | GZ13: 44.795976 | HA13: 45.635443 | HB13: 46.133477 | HC13: 46.25452 | HD13: 45.902955 | HE13: 45.501931 | HF13: 45.149789 | HG13: 44.957639 | HH13: 44.75195 | HI13: 45.302516 | HJ13: 45.281275 | HK13: 45.641052 | HL13: 44.94447 | HM13: 44.149333 | HN13: 43.206547 | HO13: 42.316238 | HP13: 41.305017 | HQ13: 40.297312 | HR13: 39.498813 | HS13: 39.411695 | HT13: 38.942521 | HU13: 39.043811 | HV13: 38.350914 | HW13: 38.090436 | HX13: 37.817736 | HY13: 37.615757 | HZ13: 37.499956 | IA13: 37.603832 | IB13: 37.94586 | IC13: 38.418697 | ID13: 38.889986 | IE13: 39.284757 | IF13: 39.584779 | IG13: 39.764834 | IH13: 39.746198 | II13: 39.813443 | IJ13: 39.848726 | IK13: 39.882591 | IL13: 39.920878 | IM13: 39.941144 | IN13: 39.954701 | IO13: 39.961558 | IP13: 39.961704 | IQ13: 39.955148 | IR13: 14.734714 | IS13: 15.348327 | IT13: 15.950963 | IU13: 16.542622 | IV13: 17.123306 | IW13: 17.693014 | IX13: 18.275517 | IY13: 18.825119 | IZ13: 19.271999 | JA13: 19.848726 | JB13: 20.272051 | JC13: 20.630592 | JD13: 21.043806 | JE13: 21.360736 | JF13: 21.673741 | JG13: 21.890946 | JH13: 22.334969 | JI13: 22.731896 | JJ13: 23.001155 | JK13: 23.411084 | JL13: 23.724809 | JM13: 23.918048 | JN13: 24.23394 | JO13: 24.437509 | JP13: 24.594581 | JQ13: 24.816558 | JR13: 25.166633 | JS13: 25.421049 | JT13: 25.57637 | JU13: 25.81848 | JV13: 25.979647 | JW13: 26.031582 | JX13: 26.120484 | JY13: 26.062101 | JZ13: 25.958288 | KA13: 25.883857 | KB13: 25.649321 | KC13: 25.455895 | KD13: 25.101638 | KE13: 24.906434 | KF13: 24.675954 | KG13: 24.532459 | KH13: 24.296416 | KI13: 24.089844 | KJ13: 23.818988 | KK13: 23.640476 | KL13: 23.299544 | KM13: 23.094217 | KN13: 22.677522 | KO13: 22.333185 | KP13: 21.890961 | KQ13: 21.584641 | KR13: 21.14091 | KS13: 20.509349 | KT13: 19.476694 | KU13: 18.050539 | KV13: 16.318337 | KW13: 14.280088 | KX13: 11.935795 | KY13: 9.2854538 | KZ13: 11.203692 | LA13: 11.346215 | LB13: 11.437904 | LC13: 11.478759 | LD13: 11.46878 | LE13: 11.407967 | LF13: 10.648358 | LG13: 9.8123322 | LH13: 10.778548 | LI13: 10.906901 | LJ13: 11.163892 | LK13: 11.402729 | LL13: 11.597607 | LM13: 11.754685 | LN13: 11.873316 | LO13: 11.987954 | LP13: 12.098954 | LQ13: 12.269545 | LR13: 12.36599 | LS13: 12.518152 | LT13: 12.67638 | LU13: 12.878253 | LV13: 13.068241 | LW13: 13.267005 | LX13: 13.423638 | LY13: 13.602731 | LZ13: 13.786793 | MA13: 13.938035 | MB13: 14.084915 | MC13: 14.225255 | MD13: 14.303933 | ME13: 14.430227 | MF13: 14.516967 | MG13: 14.668159 | MH13: 14.892401 | MI13: 15.173844 | MJ13: 15.376005 | MK13: 15.541041 | ML13: 15.638447 | MM13: 15.637222 | MN13: 15.554814 | MO13: 15.475607 | MP13: 15.359252 | MQ13: 15.333506 | MR13: 15.368959 | MS13: 15.368422 | MT13: 15.237389 | MU13: 15.06177 | MV13: 14.86582 | MW13: 14.622547 | MX13: 14.388628 | MY13: 14.140218 | MZ13: 13.951697 | NA13: 13.766442 | NB13: 13.557595 | NC13: 13.339075 | ND13: 13.115307 | NE13: 12.859218 | NF13: 12.662094 | NG13: 12.479754 | NH13: 12.329373 | NI13: 12.213061 | NJ13: 12.179636 | NK13: 12.085474 | NL13: 11.92113 | NM13: 11.962197 | NN13: 11.990627 | NO13: 11.918412 | NP13: 11.922445 | NQ13: 11.944435 | NR13: 11.889686 | NS13: 11.813896 | NT13: 11.717065 | NU13: 11.599195 | NV13: 11.460285
... A35: 33 | B35: L-511_POS | C35: 1.4601611 | D35: 1.4883165 | E35: 1.5159467 | F35: 1.5430517 | G35: 1.5696317 | H35: 1.5956866 | I35: 1.6064631 | J35: 1.622989 | K35: 1.6731871 | L35: 1.7154808 | M35: 1.7532269 | N35: 1.7824141 | O35: 1.8268499 | P35: 1.8666102 | Q35: 1.9154517 | R35: 1.9362125 | S35: 1.947755 | T35: 1.9651055 | U35: 1.9751708 | V35: 1.9836513 | W35: 1.9966297 | X35: 1.9987855 | Y35: 2.0349701 | Z35: 2.0679213 | AA35: 2.0843202 | AB35: 2.0905046 | AC35: 2.1028268 | AD35: 2.1141125 | AE35: 2.1330112 | AF35: 2.1779776 | AG35: 2.2503778 | AH35: 2.364545 | AI35: 2.5519948 | AJ35: 2.7785311 | AK35: 3.0522811 | AL35: 3.3885918 | AM35: 3.773742 | AN35: 4.1824849 | AO35: 4.6079667 | AP35: 5.0034103 | AQ35: 5.3415807 | AR35: 5.6171468 | AS35: 5.8259379 | AT35: 5.9916598 | AU35: 6.1291644 | AV35: 6.2076492 | AW35: 6.2247073 | AX35: 6.2177601 | AY35: 6.1504847 | AZ35: 6.0068353 | BA35: 5.7804108 | BB35: 5.4873435 | BC35: 5.181181 | BD35: 4.9635944 | BE35: 4.7577012 | BF35: 4.5536187 | BG35: 4.3809493 | BH35: 4.2662112 | BI35: 4.1616093 | BJ35: 4.0811869 | BK35: 4.0138394 | BL35: 3.9428972 | BM35: 3.8747908 | BN35: 3.8226757 | BO35: 3.7309176 | BP35: 3.6367823 | BQ35: 3.5306718 | BR35: 3.4387204 | BS35: 3.3569457 | BT35: 3.3069477 | BU35: 3.2727044 | BV35: 3.2516352 | BW35: 3.1884502 | BX35: 3.1044172 | BY35: 3.0349051 | BZ35: 2.9319468 | CA35: 2.8068959 | CB35: 2.6830896 | CC35: 2.561082 | CD35: 2.4655352 | CE35: 2.3870424 | CF35: 2.3398582 | CG35: 2.2721074 | CH35: 2.2442357 | CI35: 2.2998231 | CJ35: 2.3329725 | CK35: 2.3766615 | CL35: 2.467227 | CM35: 2.7141593 | CN35: 3.1475143 | CO35: 3.8118954 | CP35: 4.7659359 | CQ35: 5.8968633 | CR35: 7.4959297 | CS35: 9.6933581 | CT35: 11.826497 | CU35: 14.184425 | CV35: 16.747074 | CW35: 19.332837 | CX35: 21.871394 | CY35: 24.454641 | CZ35: 26.993365 | DA35: 29.417086 | DB35: 31.956039 | DC35: 34.472262 | DD35: 36.524272 | DE35: 37.914302 | DF35: 39.56514 | DG35: 41.30601 | DH35: 42.533928 | DI35: 43.342194 | DJ35: 43.821421 | DK35: 44.123515 | DL35: 44.304352 | DM35: 44.349584 | DN35: 44.241954 | DO35: 43.779317 | DP35: 44.142827 | DQ35: 44.753479 | DR35: 44.930684 | DS35: 45.005859 | DT35: 45.075943 | DU35: 45.167664 | DV35: 45.12796 | DW35: 45.153493 | DX35: 45.371897 | DY35: 45.536972 | DZ35: 45.842087 | EA35: 46.089615 | EB35: 46.265188 | EC35: 46.409668 | ED35: 46.441162 | EE35: 46.415156 | EF35: 46.365875 | EG35: 46.452942 | EH35: 46.76712 | EI35: 46.889984 | EJ35: 47.192978 | EK35: 47.346288 | EL35: 47.386678 | EM35: 47.468058 | EN35: 47.644012 | EO35: 47.705007 | EP35: 47.909393 | EQ35: 47.999318 | ER35: 48.18222 | ES35: 48.277232 | ET35: 48.502131 | EU35: 48.590139 | EV35: 48.462718 | EW35: 48.394862 | EX35: 48.730286 | EY35: 48.864456 | EZ35: 48.920715 | FA35: 48.988902 | FB35: 49.074488 | FC35: 49.279826 | FD35: 49.39035 | FE35: 49.457555 | FF35: 49.141535 | FG35: 48.567881 | FH35: 48.474833 | FI35: 49.394903 | FJ35: 50.466817 | FK35: 51.186462 | FL35: 51.798787 | FM35: 52.91923 | FN35: 52.375885 | FO35: 51.445292 | FP35: 50.827062 | FQ35: 48.284688 | FR35: 46.438446 | FS35: 46.60584 | FT35: 45.483276 | FU35: 44.934835 | FV35: 44.563207 | FW35: 45.06544 | FX35: 45.029073 | FY35: 44.834259 | FZ35: 45.662323 | GA35: 45.278203 | GB35: 45.231862 | GC35: 45.809474 | GD35: 45.714315 | GE35: 45.95401 | GF35: 46.069407 | GG35: 46.258703 | GH35: 46.574402 | GI35: 46.535553 | GJ35: 46.747274 | GK35: 47.344381 | GL35: 47.044988 | GM35: 46.912445 | GN35: 46.863703 | GO35: 46.339137 | GP35: 46.570251 | GQ35: 46.653173 | GR35: 47.24531 | GS35: 48.066193 | GT35: 48.201996 | GU35: 48.716914 | GV35: 48.631465 | GW35: 48.536336 | GX35: 48.695353 | GY35: 49.297826 | GZ35: 50.226735 | HA35: 51.178686 | HB35: 51.737574 | HC35: 51.870809 | HD35: 51.449341 | HE35: 50.955149 | HF35: 50.496958 | HG35: 50.218287 | HH35: 49.841095 | HI35: 50.210627 | HJ35: 49.966537 | HK35: 50.208537 | HL35: 49.307495 | HM35: 48.242783 | HN35: 47.00533 | HO35: 45.867813 | HP35: 44.680155 | HQ35: 43.483226 | HR35: 42.445012 | HS35: 42.21612 | HT35: 41.635961 | HU35: 41.779322 | HV35: 41.021996 | HW35: 40.665726 | HX35: 40.29833 | HY35: 40.030683 | HZ35: 39.866867 | IA35: 39.942548 | IB35: 40.307765 | IC35: 40.842845 | ID35: 41.401871 | IE35: 41.894702 | IF35: 42.288488 | IG35: 42.539159 | IH35: 42.577492 | II35: 42.676127 | IJ35: 42.704631 | IK35: 42.739756 | IL35: 42.773163 | IM35: 42.778631 | IN35: 42.766357 | IO35: 42.736359 | IP35: 42.688619 | IQ35: 42.623159 | IR35: 11.821124 | IS35: 12.460284 | IT35: 13.093426 | IU35: 13.720545 | IV35: 14.341644 | IW35: 14.956722 | IX35: 15.583332 | IY35: 16.192947 | IZ35: 16.692256 | JA35: 17.312609 | JB35: 17.800707 | JC35: 18.212325 | JD35: 18.686928 | JE35: 19.062726 | JF35: 19.437744 | JG35: 19.725614 | JH35: 20.248974 | JI35: 20.697451 | JJ35: 21.025668 | JK35: 21.455854 | JL35: 21.795517 | JM35: 22.025375 | JN35: 22.37443 | JO35: 22.616999 | JP35: 22.828084 | JQ35: 23.097659 | JR35: 23.503743 | JS35: 23.745519 | JT35: 23.914497 | JU35: 24.135249 | JV35: 24.254161 | JW35: 24.281545 | JX35: 24.328613 | JY35: 24.226598 | JZ35: 24.075638 | KA35: 23.958305 | KB35: 23.681895 | KC35: 23.409485 | KD35: 23.052404 | KE35: 22.838643 | KF35: 22.585129 | KG35: 22.443642 | KH35: 22.204999 | KI35: 21.96788 | KJ35: 21.660601 | KK35: 21.424749 | KL35: 21.011342 | KM35: 20.747397 | KN35: 20.291236 | KO35: 19.885442 | KP35: 19.382015 | KQ35: 19.026693 | KR35: 18.537104 | KS35: 17.836995 | KT35: 16.722247 | KU35: 15.192759 | KV35: 13.341504 | KW35: 11.168484 | KX35: 8.6736959 | KY35: 5.8571409 | KZ35: 6.0014216 | LA35: 6.2603264 | LB35: 6.4832408 | LC35: 6.6701667 | LD35: 6.8211021 | LE35: 6.9360479 | LF35: 6.8162537 | LG35: 6.7677485 | LH35: 6.9635429 | LI35: 7.0046488 | LJ35: 7.262427 | LK35: 7.5480487 | LL35: 7.775341 | LM35: 8.0054359 | LN35: 8.184138 | LO35: 8.3472366 | LP35: 8.5127843 | LQ35: 8.6798757 | LR35: 8.7837817 | LS35: 8.8682836 | LT35: 9.0425975 | LU35: 9.2414169 | LV35: 9.3726311 | LW35: 9.5910524 | LX35: 9.7733148 | LY35: 9.9633872 | LZ35: 10.184491 | MA35: 10.387789 | MB35: 10.560917 | MC35: 10.725661 | MD35: 10.87795 | ME35: 10.958005 | MF35: 11.039894 | MG35: 11.172834 | MH35: 11.413124 | MI35: 11.652555 | MJ35: 11.90409 | MK35: 12.131096 | ML35: 12.30233 | MM35: 12.390513 | MN35: 12.35525 | MO35: 12.25374 | MP35: 12.212064 | MQ35: 12.123526 | MR35: 12.211455 | MS35: 12.127004 | MT35: 11.99366 | MU35: 11.837278 | MV35: 11.666965 | MW35: 11.407934 | MX35: 11.116571 | MY35: 10.873288 | MZ35: 10.724545 | NA35: 10.57752 | NB35: 10.413216 | NC35: 10.04781 | ND35: 9.7943274 | NE35: 9.5909259 | NF35: 9.3621763 | NG35: 9.1287626 | NH35: 8.9972382 | NI35: 8.8960813 | NJ35: 8.9276861 | NK35: 8.9343376 | NL35: 8.7550926 | NM35: 8.5553716 | NN35: 8.3980509 | NO35: 8.351359 | NP35: 8.343366 | NQ35: 8.379921 | NR35: 8.338281 | NS35: 8.3053169 | NT35: 8.28103 | NU35: 8.2654196 | NV35: 8.2584858

Sheet 3
B1: PlotID | C1: 0.40518 | D1: 0.40837 | E1: 0.41156 | F1: 0.41475 | G1: 0.41794 | H1: 0.42114 | I1: 0.42433 | J1: 0.42752 | K1: 0.43072 | L1: 0.43392 | M1: 0.43711 | N1: 0.44031 | O1: 0.44351 | P1: 0.4467 | Q1: 0.4499 | R1: 0.45309 | S1: 0.45629 | T1: 0.45949 | U1: 0.46268 | V1: 0.46588 | W1: 0.46908 | X1: 0.47227 | Y1: 0.47547 | Z1: 0.47867 | AA1: 0.48184 | AB1: 0.485 | AC1: 0.48816 | AD1: 0.49132 | AE1: 0.49449 | AF1: 0.49765 | AG1: 0.50081 | AH1: 0.50397 | AI1: 0.50713 | AJ1: 0.51029 | AK1: 0.51345 | AL1: 0.51661 | AM1: 0.51978 | AN1: 0.52306 | AO1: 0.5264 | AP1: 0.52973 | AQ1: 0.53306 | AR1: 0.53639 | AS1: 0.53972 | AT1: 0.54305 | AU1: 0.54639 | AV1: 0.54972 | AW1: 0.55305 | AX1: 0.55638 | AY1: 0.55971 | AZ1: 0.56305 | BA1: 0.56638 | BB1: 0.56971 | BC1: 0.57304 | BD1: 0.57638 | BE1: 0.57971 | BF1: 0.58304 | BG1: 0.58637 | BH1: 0.5896 | BI1: 0.59281 | BJ1: 0.59601 | BK1: 0.59922 | BL1: 0.60242 | BM1: 0.60563 | BN1: 0.60883 | BO1: 0.61204 | BP1: 0.61524 | BQ1: 0.61845 | BR1: 0.62165 | BS1: 0.62486 | BT1: 0.62806 | BU1: 0.63126 | BV1: 0.63447 | BW1: 0.63767 | BX1: 0.64088 | BY1: 0.64408 | BZ1: 0.64729 | CA1: 0.65049 | CB1: 0.6537 | CC1: 0.6569 | CD1: 0.66011 | CE1: 0.66331 | CF1: 0.66652 | CG1: 0.66972 | CH1: 0.67293 | CI1: 0.67613 | CJ1: 0.67934 | CK1: 0.68254 | CL1: 0.68575 | CM1: 0.68886 | CN1: 0.69194 | CO1: 0.69503 | CP1: 0.69811 | CQ1: 0.70119 | CR1: 0.70427 | CS1: 0.70735 | CT1: 0.71043 | CU1: 0.71351 | CV1: 0.71659 | CW1: 0.71967 | CX1: 0.72276 | CY1: 0.72584 | CZ1: 0.72892 | DA1: 0.732 | DB1: 0.73508 | DC1: 0.73816 | DD1: 0.74124 | DE1: 0.74432 | DF1: 0.74741 | DG1: 0.75049 | DH1: 0.75357 | DI1: 0.75665 | DJ1: 0.75973 | DK1: 0.76288 | DL1: 0.7661 | DM1: 0.76932 | DN1: 0.77254 | DO1: 0.77575 | DP1: 0.77897 | DQ1: 0.78219 | DR1: 0.78541 | DS1: 0.78863 | DT1: 0.79185 | DU1: 0.79507 | DV1: 0.79829 | DW1: 0.80151 | DX1: 0.80473 | DY1: 0.80795 | DZ1: 0.81116 | EA1: 0.81438 | EB1: 0.81759 | EC1: 0.82077 | ED1: 0.82395 | EE1: 0.82713 | EF1: 0.83031 | EG1: 0.8335 | EH1: 0.83668 | EI1: 0.83986 | EJ1: 0.84304 | EK1: 0.84622 | EL1: 0.8494 | EM1: 0.85258 | EN1: 0.85576 | EO1: 0.85894 | EP1: 0.86212 | EQ1: 0.8653 | ER1: 0.86848 | ES1: 0.87167 | ET1: 0.87485 | EU1: 0.87803 | EV1: 0.88121 | EW1: 0.88439 | EX1: 0.88757 | EY1: 0.89075 | EZ1: 0.89393 | FA1: 0.89711 | FB1: 0.90029 | FC1: 0.90347 | FD1: 0.90666 | FE1: 0.90984 | FF1: 0.91302 | FG1: 0.9162 | FH1: 0.91938 | FI1: 0.92256 | FJ1: 0.92574 | FK1: 0.92892 | FL1: 0.9321 | FM1: 0.93528 | FN1: 0.93846 | FO1: 0.94165 | FP1: 0.94484 | FQ1: 0.94804 | FR1: 0.9506 | FS1: 0.95123 | FT1: 0.95442 | FU1: 0.95605 | FV1: 0.95761 | FW1: 0.9608 | FX1: 0.96151 | FY1: 0.964 | FZ1: 0.96698 | GA1: 0.96719 | GB1: 0.97038 | GC1: 0.97245 | GD1: 0.97357 | GE1: 0.97676 | GF1: 0.97793 | GG1: 0.97996 | GH1: 0.98315 | GI1: 0.9834 | GJ1: 0.98634 | GK1: 0.98887 | GL1: 0.98953 | GM1: 0.99272 | GN1: 0.99435 | GO1: 0.99592 | GP1: 0.99982 | GQ1: 1.00529 | GR1: 1.01076 | GS1: 1.01624 | GT1: 1.02171 | GU1: 1.02719 | GV1: 1.03266 | GW1: 1.03813 | GX1: 1.04361 | GY1: 1.04908 | GZ1: 1.05455 | HA1: 1.06003 | HB1: 1.0655 | HC1: 1.07097 | HD1: 1.07645 | HE1: 1.08192 | HF1: 1.08739 | HG1: 1.09286 | HH1: 1.09834 | HI1: 1.1038 | HJ1: 1.10924 | HK1: 1.11469 | HL1: 1.12014 | HM1: 1.12559 | HN1: 1.13104 | HO1: 1.13649 | HP1: 1.14194 | HQ1: 1.14739 | HR1: 1.15283 | HS1: 1.15828 | HT1: 1.16373 | HU1: 1.16918 | HV1: 1.17463 | HW1: 1.18008 | HX1: 1.18553 | HY1: 1.19097 | HZ1: 1.19641 | IA1: 1.20186 | IB1: 1.20731 | IC1: 1.21276 | ID1: 1.21821 | IE1: 1.22366 | IF1: 1.22911 | IG1: 1.23456 | IH1: 1.24001 | II1: 1.24545 | IJ1: 1.2509 | IK1: 1.25635 | IL1: 1.2618 | IM1: 1.26724 | IN1: 1.27269 | IO1: 1.27814 | IP1: 1.28358 | IQ1: 1.28903 | IR1: 1.50116 | IS1: 1.50657 | IT1: 1.51197 | IU1: 1.51738 | IV1: 1.52278 | IW1: 1.52819 | IX1: 1.53359 | IY1: 1.539 | IZ1: 1.5444 | JA1: 1.5498 | JB1: 1.55521 | JC1: 1.56062 | JD1: 1.56602 | JE1: 1.57143 | JF1: 1.57683 | JG1: 1.58224 | JH1: 1.5877 | JI1: 1.59317 | JJ1: 1.59865 | JK1: 1.60412 | JL1: 1.6096 | JM1: 1.61507 | JN1: 1.62055 | JO1: 1.62603 | JP1: 1.63149 | JQ1: 1.63698 | JR1: 1.64244 | JS1: 1.64793 | JT1: 1.65339 | JU1: 1.65887 | JV1: 1.66435 | JW1: 1.66982 | JX1: 1.6753 | JY1: 1.68077 | JZ1: 1.68625 | KA1: 1.69172 | KB1: 1.6972 | KC1: 1.70268 | KD1: 1.70815 | KE1: 1.71363 | KF1: 1.7191 | KG1: 1.72458 | KH1: 1.73005 | KI1: 1.73553 | KJ1: 1.741 | KK1: 1.74648 | KL1: 1.75195 | KM1: 1.75742 | KN1: 1.7629 | KO1: 1.76837 | KP1: 1.77385 | KQ1: 1.77933 | KR1: 1.7848 | KS1: 1.79028 | KT1: 1.79575 | KU1: 1.80123 | KV1: 1.8067 | KW1: 1.81218 | KX1: 1.81766 | KY1: 1.82313 | KZ1: 1.99286 | LA1: 1.99833 | LB1: 2.00379 | LC1: 2.00918 | LD1: 2.01457 | LE1: 2.01996 | LF1: 2.02536 | LG1: 2.03075 | LH1: 2.03614 | LI1: 2.04153 | LJ1: 2.04692 | LK1: 2.05231 | LL1: 2.05773 | LM1: 2.0632 | LN1: 2.06868 | LO1: 2.07415 | LP1: 2.07962 | LQ1: 2.08508 | LR1: 2.09056 | LS1: 2.09603 | LT1: 2.1015 | LU1: 2.10697 | LV1: 2.11245 | LW1: 2.11792 | LX1: 2.12339 | LY1: 2.12886 | LZ1: 2.13434 | MA1: 2.13981 | MB1: 2.14528 | MC1: 2.15075 | MD1: 2.15623 | ME1: 2.1617 | MF1: 2.16717 | MG1: 2.17264 | MH1: 2.17812 | MI1: 2.18358 | MJ1: 2.18905 | MK1: 2.19453 | ML1: 2.2 | MM1: 2.20545 | MN1: 2.2109 | MO1: 2.21636 | MP1: 2.22181 | MQ1: 2.22727 | MR1: 2.23273 | MS1: 2.23818 | MT1: 2.24364 | MU1: 2.24909 | MV1: 2.25455 | MW1: 2.26 | MX1: 2.26546 | MY1: 2.27091 | MZ1: 2.27637 | NA1: 2.28182 | NB1: 2.28728 | NC1: 2.29273 | ND1: 2.29819 | NE1: 2.30364 | NF1: 2.30909 | NG1: 2.31455 | NH1: 2.32001 | NI1: 2.32547 | NJ1: 2.33094 | NK1: 2.3364 | NL1: 2.34186 | NM1: 2.34732 | NN1: 2.35279 | NO1: 2.35825 | NP1: 2.36371 | NQ1: 2.36917 | NR1: 2.37464 | NS1: 2.3801 | NT1: 2.38556 | NU1: 2.39102 | NV1: 2.39649
A2: 0 | B2: H-102_NEG | C2: 0.90471013 | D2: 1.0040052 | E2: 1.0940034 | F2: 1.1747047 | G2: 1.246109 | H2: 1.3082165 | I2: 1.3430003 | J2: 1.3839678 | K2: 1.435453 | L2: 1.4770121 | M2: 1.5106152 | N2: 1.5364826 | O2: 1.5475927 | P2: 1.5613062 | Q2: 1.5925547 | R2: 1.6056583 | S2: 1.6033904 | T2: 1.6025245 | U2: 1.5944982 | V2: 1.5995866 | W2: 1.6132164 | X2: 1.6194439 | Y2: 1.6430122 | Z2: 1.6729612 | AA2: 1.6972048 | AB2: 1.7124763 | AC2: 1.7356083 | AD2: 1.7639624 | AE2: 1.8000831 | AF2: 1.8666104 | AG2: 1.9557221 | AH2: 2.0844576 | AI2: 2.2985497 | AJ2: 2.5497225 | AK2: 2.8639803 | AL2: 3.2448671 | AM2: 3.6864871 | AN2: 4.1527792 | AO2: 4.6155033 | AP2: 5.0478019 | AQ2: 5.4082899 | AR2: 5.7086122 | AS2: 5.9482492 | AT2: 6.1127223 | AU2: 6.2681434 | AV2: 6.3702242 | AW2: 6.404683 | AX2: 6.3959968 | AY2: 6.3108945 | AZ2: 6.1519016 | BA2: 5.9050524 | BB2: 5.5941124 | BC2: 5.2612413 | BD2: 5.0009975 | BE2: 4.7810233 | BF2: 4.5780676 | BG2: 4.4024186 | BH2: 4.2830804 | BI2: 4.1821093 | BJ2: 4.1029228 | BK2: 4.0225498 | BL2: 3.9432579 | BM2: 3.866269 | BN2: 3.8089984 | BO2: 3.7150197 | BP2: 3.6259878 | BQ2: 3.5297652 | BR2: 3.446168 | BS2: 3.3716404 | BT2: 3.3165339 | BU2: 3.2717967 | BV2: 3.2431749 | BW2: 3.1933408 | BX2: 3.1073579 | BY2: 3.036534 | BZ2: 2.9401957 | CA2: 2.8229515 | CB2: 2.703912 | CC2: 2.5859763 | CD2: 2.4839715 | CE2: 2.398348 | CF2: 2.3362103 | CG2: 2.2717962 | CH2: 2.2250158 | CI2: 2.269625 | CJ2: 2.2918642 | CK2: 2.3317616 | CL2: 2.4209053 | CM2: 2.681272 | CN2: 3.1347604 | CO2: 3.8408004 | CP2: 4.8509238 | CQ2: 6.0697934 | CR2: 7.7535901 | CS2: 10.0383 | CT2: 12.302922 | CU2: 14.878166 | CV2: 17.734319 | CW2: 20.702097 | CX2: 23.713114 | CY2: 26.802813 | CZ2: 29.824247 | DA2: 32.666066 | DB2: 35.568701 | DC2: 38.324367 | DD2: 40.654812 | DE2: 42.391554 | DF2: 43.480944 | DG2: 44.915487 | DH2: 46.30143 | DI2: 47.362654 | DJ2: 48.111222 | DK2: 48.673504 | DL2: 49.16925 | DM2: 49.498041 | DN2: 49.657201 | DO2: 49.227536 | DP2: 48.885969 | DQ2: 49.351439 | DR2: 49.632785 | DS2: 49.716539 | DT2: 49.792364 | DU2: 49.823547 | DV2: 49.697299 | DW2: 49.625487 | DX2: 49.814106 | DY2: 49.838193 | DZ2: 50.181031 | EA2: 50.46401 | EB2: 50.659563 | EC2: 50.858301 | ED2: 50.952873 | EE2: 50.938099 | EF2: 50.825193 | EG2: 50.826172 | EH2: 51.052483 | EI2: 50.969125 | EJ2: 51.297894 | EK2: 51.400799 | EL2: 51.355514 | EM2: 51.421254 | EN2: 51.598725 | EO2: 51.654146 | EP2: 51.725505 | EQ2: 51.718336 | ER2: 51.803087 | ES2: 51.803568 | ET2: 52.004242 | EU2: 52.010404 | EV2: 51.796976 | EW2: 51.676867 | EX2: 52.104439 | EY2: 52.197059 | EZ2: 52.21786 | FA2: 52.42333 | FB2: 52.641851 | FC2: 53.01713 | FD2: 53.210479 | FE2: 53.276336 | FF2: 52.86149 | FG2: 51.911802 | FH2: 51.578864 | FI2: 52.430079 | FJ2: 53.676083 | FK2: 54.441037 | FL2: 55.464099 | FM2: 56.817984 | FN2: 56.513459 | FO2: 55.828371 | FP2: 55.326603 | FQ2: 52.371206 | FR2: 50.099996 | FS2: 50.09309 | FT2: 48.392214 | FU2: 47.238343 | FV2: 46.490934 | FW2: 46.523667 | FX2: 46.210926 | FY2: 46.162255 | FZ2: 47.001668 | GA2: 46.581494 | GB2: 46.560726 | GC2: 47.226646 | GD2: 46.902601 | GE2: 47.186107 | GF2: 47.046058 | GG2: 47.247913 | GH2: 47.418349 | GI2: 47.382846 | GJ2: 47.532509 | GK2: 48.216265 | GL2: 48.07925 | GM2: 48.103544 | GN2: 48.14541 | GO2: 47.744146 | GP2: 47.989904 | GQ2: 48.288251 | GR2: 49.003279 | GS2: 49.920582 | GT2: 50.290685 | GU2: 50.858133 | GV2: 50.914309 | GW2: 50.857439 | GX2: 51.000067 | GY2: 51.568813 | GZ2: 52.506923 | HA2: 53.532504 | HB2: 54.195895 | HC2: 54.423666 | HD2: 54.076032 | HE2: 53.533337 | HF2: 52.946437 | HG2: 52.911802 | HH2: 53.063306 | HI2: 53.898202 | HJ2: 54.282089 | HK2: 54.286936 | HL2: 53.324638 | HM2: 51.894016 | HN2: 49.960411 | HO2: 47.781104 | HP2: 45.529272 | HQ2: 43.750722 | HR2: 42.370366 | HS2: 41.946672 | HT2: 41.42068 | HU2: 41.122859 | HV2: 40.662067 | HW2: 40.431064 | HX2: 40.116194 | HY2: 39.77041 | HZ2: 39.538469 | IA2: 39.518457 | IB2: 39.789432 | IC2: 40.282834 | ID2: 40.782596 | IE2: 41.191633 | IF2: 41.582118 | IG2: 41.815516 | IH2: 41.86801 | II2: 42.022245 | IJ2: 42.055454 | IK2: 42.099383 | IL2: 42.096638 | IM2: 42.071644 | IN2: 42.019221 | IO2: 41.939375 | IP2: 41.832104 | IQ2: 41.697408 | IR2: 10.886921 | IS2: 11.465461 | IT2: 12.043044 | IU2: 12.619669 | IV2: 13.195338 | IW2: 13.770049 | IX2: 14.371967 | IY2: 14.944309 | IZ2: 15.440158 | JA2: 16.07214 | JB2: 16.565265 | JC2: 16.981678 | JD2: 17.442565 | JE2: 17.785033 | JF2: 18.153379 | JG2: 18.417478 | JH2: 18.859932 | JI2: 19.247416 | JJ2: 19.548904 | JK2: 19.976942 | JL2: 20.311893 | JM2: 20.547474 | JN2: 20.887831 | JO2: 21.121967 | JP2: 21.327543 | JQ2: 21.53869 | JR2: 21.893807 | JS2: 22.116082 | JT2: 22.245789 | JU2: 22.462569 | JV2: 22.59125 | JW2: 22.636068 | JX2: 22.715275 | JY2: 22.641602 | JZ2: 22.514924 | KA2: 22.421591 | KB2: 22.219682 | KC2: 21.992228 | KD2: 21.666768 | KE2: 21.477346 | KF2: 21.207995 | KG2: 21.0515 | KH2: 20.806531 | KI2: 20.501852 | KJ2: 20.233783 | KK2: 19.978725 | KL2: 19.619577 | KM2: 19.403068 | KN2: 19.03764 | KO2: 18.705904 | KP2: 18.265958 | KQ2: 17.964162 | KR2: 17.482842 | KS2: 16.785361 | KT2: 15.765568 | KU2: 14.370563 | KV2: 12.68549 | KW2: 10.710341 | KX2: 8.4451222 | KY2: 5.8898317 | KZ2: 5.5777137 | LA2: 5.8308399 | LB2: 6.0403623 | LC2: 6.2062799 | LD2: 6.3285937 | LE2: 6.4073035 | LF2: 6.1437401 | LG2: 6.0207624 | LH2: 6.2439818 | LI2: 6.3278774 | LJ2: 6.6372924 | LK2: 6.8858989 | LL2: 7.0755724 | LM2: 7.2254852 | LN2: 7.344353 | LO2: 7.4567151 | LP2: 7.5607721 | LQ2: 7.7292131 | LR2: 7.8432239 | LS2: 8.0058503 | LT2: 8.1950285 | LU2: 8.3873211 | LV2: 8.5671827 | LW2: 8.7481287 | LX2: 8.9048537 | LY2: 9.0810141 | LZ2: 9.2529563 | MA2: 9.4022584 | MB2: 9.5487113 | MC2: 9.697891 | MD2: 9.8063951 | ME2: 9.9432516 | MF2: 10.065905 | MG2: 10.218588 | MH2: 10.450716 | MI2: 10.733757 | MJ2: 10.968657 | MK2: 11.161822 | ML2: 11.295745 | MM2: 11.342098 | MN2: 11.302373 | MO2: 11.236259 | MP2: 11.149406 | MQ2: 11.090275 | MR2: 11.112615 | MS2: 11.120841 | MT2: 11.050238 | MU2: 10.898134 | MV2: 10.734015 | MW2: 10.524108 | MX2: 10.293052 | MY2: 10.068465 | MZ2: 9.8861423 | NA2: 9.6962933 | NB2: 9.5047674 | NC2: 9.3094227 | ND2: 9.1401647 | NE2: 8.9165955 | NF2: 8.7172292 | NG2: 8.503425 | NH2: 8.3449406 | NI2: 8.2418545 | NJ2: 8.1950537 | NK2: 8.1166468 | NL2: 7.9353748 | NM2: 7.9198736 | NN2: 7.9667787 | NO2: 7.9270138 | NP2: 7.9459841 | NQ2: 7.9349984 | NR2: 7.8923445 | NS2: 7.8407112 | NT2: 7.7801027 | NU2: 7.710515 | NV2: 7.6319507
A3: 1 | B3: H-115_NEG | C3: 0.96038283 | D3: 1.0575537 | E3: 1.1463093 | F3: 1.2266498 | G3: 1.2985751 | H3: 1.3620854 | I3: 1.4069676 | J3: 1.4511404 | K3: 1.5032248 | L3: 1.546292 | M3: 1.5813579 | N3: 1.600959 | O3: 1.6098454 | P3: 1.6218561 | Q3: 1.6536973 | R3: 1.6658668 | S3: 1.6625037 | T3: 1.6614534 | U3: 1.6520098 | V3: 1.6528089 | W3: 1.6637956 | X3: 1.665251 | Y3: 1.6862502 | Z3: 1.7170579 | AA3: 1.7467954 | AB3: 1.7635094 | AC3: 1.789067 | AD3: 1.8198655 | AE3: 1.8587475 | AF3: 1.9274079 | AG3: 2.0257377 | AH3: 2.1631916 | AI3: 2.3887552 | AJ3: 2.6622389 | AK3: 2.9873961 | AL3: 3.3933913 | AM3: 3.8591212 | AN3: 4.3573088 | AO3: 4.849129 | AP3: 5.3126587 | AQ3: 5.7069977 | AR3: 6.0395437 | AS3: 6.2991095 | AT3: 6.4860893 | AU3: 6.6445931 | AV3: 6.7640014 | AW3: 6.8060913 | AX3: 6.8074124 | AY3: 6.7166201 | AZ3: 6.5488341 | BA3: 6.2872888 | BB3: 5.9537991 | BC3: 5.5965003 | BD3: 5.3182619 | BE3: 5.0747055 | BF3: 4.8527067 | BG3: 4.6644246 | BH3: 4.5355804 | BI3: 4.4194007 | BJ3: 4.3324993 | BK3: 4.2448624 | BL3: 4.1590634 | BM3: 4.0794619 | BN3: 4.0189848 | BO3: 3.917995 | BP3: 3.8204091 | BQ3: 3.7162276 | BR3: 3.6255629 | BS3: 3.5466563 | BT3: 3.493666 | BU3: 3.4493877 | BV3: 3.4208489 | BW3: 3.3665108 | BX3: 3.2714926 | BY3: 3.1888811 | BZ3: 3.0822416 | CA3: 2.9534661 | CB3: 2.8215332 | CC3: 2.6915821 | CD3: 2.5803994 | CE3: 2.487069 | CF3: 2.4202032 | CG3: 2.3490781 | CH3: 2.2917738 | CI3: 2.3344035 | CJ3: 2.3594515 | CK3: 2.4025431 | CL3: 2.4946171 | CM3: 2.774772 | CN3: 3.2719138 | CO3: 4.0438963 | CP3: 5.1489925 | CQ3: 6.4654671 | CR3: 8.3140513 | CS3: 10.788768 | CT3: 13.221382 | CU3: 15.976317 | CV3: 18.989376 | CW3: 22.032185 | CX3: 25.098196 | CY3: 28.209862 | CZ3: 31.191346 | DA3: 33.945222 | DB3: 36.787076 | DC3: 39.438094 | DD3: 41.601698 | DE3: 43.3946 | DF3: 44.531829 | DG3: 45.727354 | DH3: 46.930279 | DI3: 47.893073 | DJ3: 48.584286 | DK3: 49.140019 | DL3: 49.633853 | DM3: 49.994184 | DN3: 50.232566 | DO3: 50.048748 | DP3: 49.788808 | DQ3: 50.101472 | DR3: 50.337884 | DS3: 50.447903 | DT3: 50.52444 | DU3: 50.566805 | DV3: 50.477931 | DW3: 50.453496 | DX3: 50.635999 | DY3: 50.69553 | DZ3: 50.968716 | EA3: 51.244331 | EB3: 51.430206 | EC3: 51.62603 | ED3: 51.693296 | EE3: 51.713547 | EF3: 51.662248 | EG3: 51.747624 | EH3: 51.994809 | EI3: 52.046966 | EJ3: 52.350263 | EK3: 52.522447 | EL3: 52.509901 | EM3: 52.607022 | EN3: 52.775355 | EO3: 52.857293 | EP3: 52.932909 | EQ3: 52.970631 | ER3: 53.079018 | ES3: 53.145031 | ET3: 53.301797 | EU3: 53.318624 | EV3: 53.15458 | EW3: 53.096038 | EX3: 53.40369 | EY3: 53.471119 | EZ3: 53.488726 | FA3: 53.691799 | FB3: 53.908556 | FC3: 54.216436 | FD3: 54.368447 | FE3: 54.434867 | FF3: 54.116099 | FG3: 53.423011 | FH3: 53.174635 | FI3: 53.820676 | FJ3: 55.007328 | FK3: 55.796161 | FL3: 56.816979 | FM3: 58.332439 | FN3: 57.919288 | FO3: 57.252353 | FP3: 57.092651 | FQ3: 54.275567 | FR3: 51.973633 | FS3: 51.907873 | FT3: 49.950989 | FU3: 48.951829 | FV3: 47.977506 | FW3: 47.939783 | FX3: 47.640667 | FY3: 47.507348 | FZ3: 48.429816 | GA3: 48.134622 | GB3: 48.163218 | GC3: 49.041042 | GD3: 48.797721 | GE3: 49.139152 | GF3: 48.970167 | GG3: 49.012611 | GH3: 49.350692 | GI3: 49.255294 | GJ3: 49.292668 | GK3: 50.242923 | GL3: 49.918779 | GM3: 49.881247 | GN3: 49.914724 | GO3: 49.031258 | GP3: 49.085757 | GQ3: 48.854833 | GR3: 49.445596 | GS3: 50.390059 | GT3: 50.609156 | GU3: 51.396766 | GV3: 51.491272 | GW3: 51.431978 | GX3: 51.51491 | GY3: 51.996861 | GZ3: 52.87136 | HA3: 53.923896 | HB3: 54.675875 | HC3: 55.009642 | HD3: 54.728767 | HE3: 54.214582 | HF3: 53.661683 | HG3: 53.4566 | HH3: 53.31147 | HI3: 53.861507 | HJ3: 54.006349 | HK3: 53.993354 | HL3: 53.061664 | HM3: 51.676029 | HN3: 49.876449 | HO3: 47.963916 | HP3: 46.071415 | HQ3: 44.487488 | HR3: 43.277483 | HS3: 43.023379 | HT3: 42.626744 | HU3: 42.555358 | HV3: 42.165866 | HW3: 41.908963 | HX3: 41.568421 | HY3: 41.229932 | HZ3: 40.980533 | IA3: 40.95952 | IB3: 41.249894 | IC3: 41.770291 | ID3: 42.275995 | IE3: 42.741332 | IF3: 43.174397 | IG3: 43.454662 | IH3: 43.522024 | II3: 43.683538 | IJ3: 43.723058 | IK3: 43.759751 | IL3: 43.768675 | IM3: 43.740701 | IN3: 43.681602 | IO3: 43.591371 | IP3: 43.470008 | IQ3: 43.317516 | IR3: 11.862353 | IS3: 12.496665 | IT3: 13.125886 | IU3: 13.75002 | IV3: 14.369064 | IW3: 14.98302 | IX3: 15.630639 | IY3: 16.205729 | IZ3: 16.739504 | JA3: 17.385396 | JB3: 17.89708 | JC3: 18.338829 | JD3: 18.796031 | JE3: 19.177396 | JF3: 19.552207 | JG3: 19.847871 | JH3: 20.330351 | JI3: 20.714205 | JJ3: 21.048385 | JK3: 21.488873 | JL3: 21.824318 | JM3: 22.077477 | JN3: 22.399064 | JO3: 22.641044 | JP3: 22.856123 | JQ3: 23.083001 | JR3: 23.452483 | JS3: 23.6889 | JT3: 23.834786 | JU3: 24.073736 | JV3: 24.209923 | JW3: 24.245961 | JX3: 24.296462 | JY3: 24.214291 | JZ3: 24.083697 | KA3: 23.951829 | KB3: 23.726843 | KC3: 23.472437 | KD3: 23.102061 | KE3: 22.895286 | KF3: 22.605504 | KG3: 22.396617 | KH3: 22.15139 | KI3: 21.845162 | KJ3: 21.561032 | KK3: 21.320552 | KL3: 20.972905 | KM3: 20.743388 | KN3: 20.355314 | KO3: 19.989465 | KP3: 19.508358 | KQ3: 19.162086 | KR3: 18.65947 | KS3: 17.911394 | KT3: 16.842153 | KU3: 15.380944 | KV3: 13.621436 | KW3: 11.56363 | KX3: 9.2075254 | KY3: 6.553123 | KZ3: 5.8503285 | LA3: 6.080167 | LB3: 6.2816609 | LC3: 6.4548085 | LD3: 6.5996119 | LE3: 6.7160691 | LF3: 6.5746307 | LG3: 6.5708559 | LH3: 6.8151787 | LI3: 6.8961682 | LJ3: 7.1625183 | LK3: 7.397709 | LL3: 7.5817094 | LM3: 7.7253545 | LN3: 7.8586295 | LO3: 7.9554767 | LP3: 8.0914784 | LQ3: 8.268419 | LR3: 8.3982737 | LS3: 8.5709716 | LT3: 8.7457774 | LU3: 8.9422823 | LV3: 9.1513236 | LW3: 9.3471133 | LX3: 9.5115592 | LY3: 9.7018399 | LZ3: 9.8802593 | MA3: 10.043245 | MB3: 10.202345 | MC3: 10.339102 | MD3: 10.434166 | ME3: 10.578901 | MF3: 10.714995 | MG3: 10.87681 | MH3: 11.119468 | MI3: 11.398865 | MJ3: 11.632564 | MK3: 11.821114 | ML3: 11.941935 | MM3: 11.968885 | MN3: 11.919625 | MO3: 11.845278 | MP3: 11.758914 | MQ3: 11.721333 | MR3: 11.727269 | MS3: 11.705238 | MT3: 11.603253 | MU3: 11.421116 | MV3: 11.221024 | MW3: 11.009813 | MX3: 10.753697 | MY3: 10.539713 | MZ3: 10.361406 | NA3: 10.175325 | NB3: 9.937638 | NC3: 9.7369702 | ND3: 9.5373784 | NE3: 9.2956765 | NF3: 9.0707441 | NG3: 8.9015088 | NH3: 8.69727 | NI3: 8.5780364 | NJ3: 8.5199931 | NK3: 8.3961284 | NL3: 8.163958 | NM3: 8.1452308 | NN3: 8.1208365 | NO3: 8.0530971 | NP3: 8.0379229 | NQ3: 8.0126363 | NR3: 7.9739226 | NS3: 7.9351769 | NT3: 7.8964007 | NU3: 7.8575926 | NV3: 7.8187538
A4: 2 | B4: H-207_NEG | C4: 0.93978398 | D4: 1.0291942 | E4: 1.1105423 | F4: 1.1838286 | G4: 1.2490528 | H4: 1.3062151 | I4: 1.3443995 | J4: 1.3711111 | K4: 1.4236422 | L4: 1.4634353 | M4: 1.4969436 | N4: 1.5195574 | O4: 1.5281985 | P4: 1.5447003 | Q4: 1.5758661 | R4: 1.5847038 | S4: 1.587112 | T4: 1.5831495 | U4: 1.5829658 | V4: 1.5897381 | W4: 1.6088882 | X4: 1.6163328 | Y4: 1.6415399 | Z4: 1.6689668 | AA4: 1.6952501 | AB4: 1.712438 | AC4: 1.7356921 | AD4: 1.7665527 | AE4: 1.8070128 | AF4: 1.8788981 | AG4: 1.9784349 | AH4: 2.1166429 | AI4: 2.3396403 | AJ4: 2.5990273 | AK4: 2.9250665 | AL4: 3.3187775 | AM4: 3.7680015 | AN4: 4.2440408 | AO4: 4.7129351 | AP4: 5.1518382 | AQ4: 5.5228993 | AR4: 5.8354893 | AS4: 6.0791897 | AT4: 6.2554816 | AU4: 6.4168325 | AV4: 6.5268597 | AW4: 6.5655949 | AX4: 6.5662215 | AY4: 6.4863052 | AZ4: 6.3346991 | BA4: 6.0961698 | BB4: 5.7923759 | BC4: 5.4631832 | BD4: 5.2066823 | BE4: 4.9833297 | BF4: 4.7755813 | BG4: 4.5946041 | BH4: 4.4719214 | BI4: 4.3651073 | BJ4: 4.2839124 | BK4: 4.1974126 | BL4: 4.1184008 | BM4: 4.0407254 | BN4: 3.9795044 | BO4: 3.8836058 | BP4: 3.7921313 | BQ4: 3.6958333 | BR4: 3.6131662 | BS4: 3.5377992 | BT4: 3.4887688 | BU4: 3.439609 | BV4: 3.4131555 | BW4: 3.3598082 | BX4: 3.2707767 | BY4: 3.1927461 | BZ4: 3.0871198 | CA4: 2.9591821 | CB4: 2.828364 | CC4: 2.6968937 | CD4: 2.5872816 | CE4: 2.4858639 | CF4: 2.4169286 | CG4: 2.3451892 | CH4: 2.290103 | CI4: 2.3294691 | CJ4: 2.3504418 | CK4: 2.399016 | CL4: 2.5050962 | CM4: 2.7962792 | CN4: 3.2972467 | CO4: 4.0714693 | CP4: 5.1618655 | CQ4: 6.4569977 | CR4: 8.2183487 | CS4: 10.591482 | CT4: 12.898748 | CU4: 15.495661 | CV4: 18.335901 | CW4: 21.21093 | CX4: 24.085125 | CY4: 26.969531 | CZ4: 29.749567 | DA4: 32.325179 | DB4: 34.97049 | DC4: 37.48878 | DD4: 39.534949 | DE4: 41.137309 | DF4: 42.223005 | DG4: 43.480595 | DH4: 44.670688 | DI4: 45.552127 | DJ4: 46.194568 | DK4: 46.70948 | DL4: 47.185235 | DM4: 47.509269 | DN4: 47.694497 | DO4: 47.430725 | DP4: 47.244007 | DQ4: 47.644736 | DR4: 47.896037 | DS4: 47.987056 | DT4: 48.076648 | DU4: 48.13076 | DV4: 48.027174 | DW4: 48.010326 | DX4: 48.211894 | DY4: 48.292241 | DZ4: 48.598884 | EA4: 48.879396 | EB4: 49.075309 | EC4: 49.282736 | ED4: 49.376253 | EE4: 49.379641 | EF4: 49.31902 | EG4: 49.399135 | EH4: 49.638815 | EI4: 49.658683 | EJ4: 49.97515 | EK4: 50.115238 | EL4: 50.107478 | EM4: 50.232041 | EN4: 50.407068 | EO4: 50.508626 | EP4: 50.608212 | EQ4: 50.602362 | ER4: 50.714817 | ES4: 50.764173 | ET4: 50.999568 | EU4: 51.064267 | EV4: 50.980967 | EW4: 50.95994 | EX4: 51.347134 | EY4: 51.458905 | EZ4: 51.47517 | FA4: 51.669311 | FB4: 51.850852 | FC4: 52.156298 | FD4: 52.355187 | FE4: 52.41356 | FF4: 52.080675 | FG4: 51.253209 | FH4: 51.010804 | FI4: 51.868397 | FJ4: 53.047737 | FK4: 53.798295 | FL4: 54.737299 | FM4: 55.989973 | FN4: 55.832887 | FO4: 55.296474 | FP4: 54.889022 | FQ4: 52.241469 | FR4: 50.196133 | FS4: 50.081501 | FT4: 48.37882 | FU4: 47.121111 | FV4: 46.343766 | FW4: 46.342526 | FX4: 46.111367 | FY4: 46.228876 | FZ4: 47.129846 | GA4: 46.838999 | GB4: 47.015499 | GC4: 47.639045 | GD4: 47.331115 | GE4: 47.621381 | GF4: 47.479362 | GG4: 47.769495 | GH4: 47.965786 | GI4: 47.936054 | GJ4: 48.180743 | GK4: 48.733278 | GL4: 48.718863 | GM4: 48.726769 | GN4: 48.823311 | GO4: 48.617413 | GP4: 48.9294 | GQ4: 49.501158 | GR4: 50.366171 | GS4: 51.321372 | GT4: 51.877637 | GU4: 52.345312 | GV4: 52.400384 | GW4: 52.313391 | GX4: 52.412419 | GY4: 52.938633 | GZ4: 53.865752 | HA4: 54.931732 | HB4: 55.668408 | HC4: 55.963388 | HD4: 55.65422 | HE4: 55.099825 | HF4: 54.4844 | HG4: 54.411163 | HH4: 54.503076 | HI4: 55.23258 | HJ4: 55.476788 | HK4: 55.320393 | HL4: 54.26582 | HM4: 52.779607 | HN4: 50.800177 | HO4: 48.628446 | HP4: 46.492928 | HQ4: 44.894079 | HR4: 43.738891 | HS4: 43.508355 | HT4: 43.146784 | HU4: 42.980048 | HV4: 42.669235 | HW4: 42.512235 | HX4: 42.22244 | HY4: 41.864925 | HZ4: 41.627951 | IA4: 41.607083 | IB4: 41.918064 | IC4: 42.440301 | ID4: 42.987607 | IE4: 43.444851 | IF4: 43.874508 | IG4: 44.151928 | IH4: 44.254854 | II4: 44.419021 | IJ4: 44.460677 | IK4: 44.492348 | IL4: 44.466782 | IM4: 44.44107 | IN4: 44.387633 | IO4: 44.306484 | IP4: 44.197607 | IQ4: 44.061011 | IR4: 11.890262 | IS4: 12.534117 | IT4: 13.175075 | IU4: 13.813136 | IV4: 14.448302 | IW4: 15.080569 | IX4: 15.766406 | IY4: 16.358371 | IZ4: 16.88915 | JA4: 17.569879 | JB4: 18.08139 | JC4: 18.543781 | JD4: 19.014052 | JE4: 19.385312 | JF4: 19.779599 | JG4: 20.053822 | JH4: 20.55724 | JI4: 20.952402 | JJ4: 21.276871 | JK4: 21.745582 | JL4: 22.08318 | JM4: 22.346142 | JN4: 22.690316 | JO4: 22.921429 | JP4: 23.15325 | JQ4: 23.361807 | JR4: 23.734027 | JS4: 23.970786 | JT4: 24.107819 | JU4: 24.349444 | JV4: 24.504764 | JW4: 24.566078 | JX4: 24.631718 | JY4: 24.54536 | JZ4: 24.407008 | KA4: 24.252874 | KB4: 24.031379 | KC4: 23.781818 | KD4: 23.38411 | KE4: 23.190919 | KF4: 22.930553 | KG4: 22.739546 | KH4: 22.479946 | KI4: 22.178344 | KJ4: 21.866511 | KK4: 21.580783 | KL4: 21.239292 | KM4: 20.991331 | KN4: 20.567758 | KO4: 20.203809 | KP4: 19.701263 | KQ4: 19.335821 | KR4: 18.806574 | KS4: 18.037575 | KT4: 16.905218 | KU4: 15.379228 | KV4: 13.54514 | KW4: 11.402958 | KX4: 8.9526805 | KY4: 6.1943076 | KZ4: 5.9133178 | LA4: 6.1674979 | LB4: 6.3819392 | LC4: 6.5566427 | LD4: 6.6916072 | LE4: 6.7868333 | LF4: 6.5440062 | LG4: 6.455765 | LH4: 6.6666738 | LI4: 6.7904928 | LJ4: 7.1322557 | LK4: 7.3694613 | LL4: 7.5580981 | LM4: 7.7172062 | LN4: 7.8567847 | LO4: 7.9851836 | LP4: 8.120942 | LQ4: 8.3077067 | LR4: 8.4451466 | LS4: 8.6359126 | LT4: 8.8430926 | LU4: 9.0392179 | LV4: 9.2228493 | LW4: 9.4274179 | LX4: 9.6001012 | LY4: 9.7887955 | LZ4: 9.9679357 | MA4: 10.13113 | MB4: 10.292906 | MC4: 10.43371 | MD4: 10.534337 | ME4: 10.673769 | MF4: 10.787326 | MG4: 10.961245 | MH4: 11.210197 | MI4: 11.497958 | MJ4: 11.765451 | MK4: 11.986298 | ML4: 12.096526 | MM4: 12.141528 | MN4: 12.10998 | MO4: 12.0666 | MP4: 11.977258 | MQ4: 11.931409 | MR4: 11.896595 | MS4: 11.839883 | MT4: 11.716316 | MU4: 11.517209 | MV4: 11.242121 | MW4: 10.986886 | MX4: 10.733677 | MY4: 10.532378 | MZ4: 10.363014 | NA4: 10.144555 | NB4: 9.9078626 | NC4: 9.7004957 | ND4: 9.4871281 | NE4: 9.2803726 | NF4: 9.0361813 | NG4: 8.8648337 | NH4: 8.7693044 | NI4: 8.6985343 | NJ4: 8.5956888 | NK4: 8.4547105 | NL4: 8.2641918 | NM4: 8.1918 | NN4: 8.1370074 | NO4: 8.035021 | NP4: 8.047344 | NQ4: 8.0804634 | NR4: 8.0501832 | NS4: 8.0179223 | NT4: 7.9836805 | NU4: 7.9474574 | NV4: 7.9092533
A5: 3 | B5: H-217_NEG | C5: 0.93019363 | D5: 1.02606 | E5: 1.1123356 | F5: 1.1890201 | G5: 1.2561139 | H5: 1.3136167 | I5: 1.3466042 | J5: 1.3759487 | K5: 1.4228623 | L5: 1.4555937 | M5: 1.4872765 | N5: 1.5090364 | O5: 1.5168647 | P5: 1.5314167 | Q5: 1.5591619 | R5: 1.5726573 | S5: 1.5714899 | T5: 1.569274 | U5: 1.5615716 | V5: 1.5627744 | W5: 1.5782453 | X5: 1.5790097 | Y5: 1.6000758 | Z5: 1.6282843 | AA5: 1.6518906 | AB5: 1.6669827 | AC5: 1.6901968 | AD5: 1.7204034 | AE5: 1.756081 | AF5: 1.8261969 | AG5: 1.9246211 | AH5: 2.0590016 | AI5: 2.2835908 | AJ5: 2.5557019 | AK5: 2.886568 | AL5: 3.2999398 | AM5: 3.7717665 | AN5: 4.2750712 | AO5: 4.769323 | AP5: 5.2328472 | AQ5: 5.6192374 | AR5: 5.9381135 | AS5: 6.1877455 | AT5: 6.3651556 | AU5: 6.5246279 | AV5: 6.6399517 | AW5: 6.6812445 | AX5: 6.6806781 | AY5: 6.5951663 | AZ5: 6.4317426 | BA5: 6.1716513 | BB5: 5.8425596 | BC5: 5.4862039 | BD5: 5.2086199 | BE5: 4.9688717 | BF5: 4.7454197 | BG5: 4.5542351 | BH5: 4.4217427 | BI5: 4.3084907 | BJ5: 4.2225282 | BK5: 4.1339541 | BL5: 4.0478822 | BM5: 3.9645704 | BN5: 3.9004532 | BO5: 3.7977763 | BP5: 3.6960002 | BQ5: 3.5887592 | BR5: 3.4928246 | BS5: 3.4092901 | BT5: 3.3538787 | BU5: 3.3068999 | BV5: 3.2765445 | BW5: 3.2215186 | BX5: 3.1287149 | BY5: 3.0484904 | BZ5: 2.9407343 | CA5: 2.8097065 | CB5: 2.6760996 | CC5: 2.5472562 | CD5: 2.4365328 | CE5: 2.3424276 | CF5: 2.2741826 | CG5: 2.2042799 | CH5: 2.1512673 | CI5: 2.1901314 | CJ5: 2.2092565 | CK5: 2.2466045 | CL5: 2.338642 | CM5: 2.6199965 | CN5: 3.1114062 | CO5: 3.887112 | CP5: 4.9894502 | CQ5: 6.3131614 | CR5: 8.1403992 | CS5: 10.570289 | CT5: 12.952716 | CU5: 15.617674 | CV5: 18.519872 | CW5: 21.443634 | CX5: 24.37395 | CY5: 27.340184 | CZ5: 30.193579 | DA5: 32.827987 | DB5: 35.542639 | DC5: 38.093556 | DD5: 40.15401 | DE5: 41.83963 | DF5: 42.9713 | DG5: 44.13066 | DH5: 45.229982 | DI5: 46.097082 | DJ5: 46.717942 | DK5: 47.191381 | DL5: 47.638779 | DM5: 47.94896 | DN5: 48.144019 | DO5: 47.981392 | DP5: 47.806235 | DQ5: 48.11766 | DR5: 48.323566 | DS5: 48.39913 | DT5: 48.458602 | DU5: 48.476866 | DV5: 48.388694 | DW5: 48.378495 | DX5: 48.547922 | DY5: 48.634282 | DZ5: 48.928596 | EA5: 49.22439 | EB5: 49.429158 | EC5: 49.599818 | ED5: 49.680948 | EE5: 49.692645 | EF5: 49.658608 | EG5: 49.744276 | EH5: 49.96853 | EI5: 49.9897 | EJ5: 50.270443 | EK5: 50.410122 | EL5: 50.38431 | EM5: 50.451076 | EN5: 50.628073 | EO5: 50.698419 | EP5: 50.780006 | EQ5: 50.812821 | ER5: 50.916258 | ES5: 50.939887 | ET5: 51.101371 | EU5: 51.131574 | EV5: 51.045794 | EW5: 51.016469 | EX5: 51.34066 | EY5: 51.420074 | EZ5: 51.460538 | FA5: 51.677999 | FB5: 51.869591 | FC5: 52.152079 | FD5: 52.320189 | FE5: 52.394756 | FF5: 52.143985 | FG5: 51.471069 | FH5: 51.220861 | FI5: 51.868122 | FJ5: 52.946872 | FK5: 53.72609 | FL5: 54.60526 | FM5: 55.778019 | FN5: 55.493527 | FO5: 54.904606 | FP5: 54.624325 | FQ5: 52.046155 | FR5: 49.97699 | FS5: 49.885109 | FT5: 48.193731 | FU5: 47.197204 | FV5: 46.324056 | FW5: 46.270437 | FX5: 46.093564 | FY5: 46.101979 | FZ5: 46.943497 | GA5: 46.627857 | GB5: 46.724671 | GC5: 47.504739 | GD5: 47.223574 | GE5: 47.521276 | GF5: 47.364643 | GG5: 47.54235 | GH5: 47.808222 | GI5: 47.786411 | GJ5: 47.943939 | GK5: 48.659323 | GL5: 48.536023 | GM5: 48.602514 | GN5: 48.669669 | GO5: 48.171346 | GP5: 48.320611 | GQ5: 48.487375 | GR5: 49.168464 | GS5: 50.105688 | GT5: 50.500456 | GU5: 51.123165 | GV5: 51.190742 | GW5: 51.094369 | GX5: 51.145477 | GY5: 51.60933 | GZ5: 52.476259 | HA5: 53.508398 | HB5: 54.250929 | HC5: 54.592354 | HD5: 54.304997 | HE5: 53.764274 | HF5: 53.166821 | HG5: 52.982822 | HH5: 52.83762 | HI5: 53.296622 | HJ5: 53.35145 | HK5: 53.226225 | HL5: 52.239238 | HM5: 50.826628 | HN5: 48.999189 | HO5: 47.090483 | HP5: 45.265352 | HQ5: 43.84872 | HR5: 42.763075 | HS5: 42.543177 | HT5: 42.228364 | HU5: 42.216282 | HV5: 41.900312 | HW5: 41.680768 | HX5: 41.346314 | HY5: 40.988253 | HZ5: 40.732444 | IA5: 40.713276 | IB5: 40.998767 | IC5: 41.490392 | ID5: 42.008437 | IE5: 42.477767 | IF5: 42.906925 | IG5: 43.172691 | IH5: 43.242421 | II5: 43.390028 | IJ5: 43.410635 | IK5: 43.453375 | IL5: 43.442639 | IM5: 43.418557 | IN5: 43.369563 | IO5: 43.295668 | IP5: 43.19686 | IQ5: 43.073144 | IR5: 12.025137 | IS5: 12.647286 | IT5: 13.2671 | IU5: 13.884583 | IV5: 14.499733 | IW5: 15.112547 | IX5: 15.770878 | IY5: 16.350794 | IZ5: 16.888528 | JA5: 17.527745 | JB5: 18.023713 | JC5: 18.459989 | JD5: 18.909278 | JE5: 19.282376 | JF5: 19.655404 | JG5: 19.941167 | JH5: 20.433899 | JI5: 20.822609 | JJ5: 21.156664 | JK5: 21.593234 | JL5: 21.921564 | JM5: 22.182544 | JN5: 22.512852 | JO5: 22.752702 | JP5: 22.958559 | JQ5: 23.177349 | JR5: 23.538746 | JS5: 23.77198 | JT5: 23.915377 | JU5: 24.147723 | JV5: 24.303415 | JW5: 24.365054 | JX5: 24.436301 | JY5: 24.367514 | JZ5: 24.234586 | KA5: 24.108812 | KB5: 23.896543 | KC5: 23.645111 | KD5: 23.272392 | KE5: 23.073211 | KF5: 22.799492 | KG5: 22.593305 | KH5: 22.348554 | KI5: 22.039904 | KJ5: 21.740724 | KK5: 21.480044 | KL5: 21.134868 | KM5: 20.888707 | KN5: 20.485757 | KO5: 20.110371 | KP5: 19.605995 | KQ5: 19.24767 | KR5: 18.736767 | KS5: 17.973284 | KT5: 16.869027 | KU5: 15.351215 | KV5: 13.521141 | KW5: 11.378808 | KX5: 8.924213 | KY5: 6.1573567 | KZ5: 6.2995036 | LA5: 6.5436674 | LB5: 6.7514698 | LC5: 6.92291 | LD5: 7.0579887 | LE5: 7.1567052 | LF5: 6.9351838 | LG5: 6.8422774 | LH5: 7.1061625 | LI5: 7.2160025 | LJ5: 7.540438 | LK5: 7.7919021 | LL5: 7.9829566 | LM5: 8.1336631 | LN5: 8.2575226 | LO5: 8.3562434 | LP5: 8.4743026 | LQ5: 8.6469895 | LR5: 8.7772931 | LS5: 8.9490816 | LT5: 9.1417711 | LU5: 9.3335045 | LV5: 9.5157024 | LW5: 9.7193832 | LX5: 9.8921342 | LY5: 10.082476 | LZ5: 10.261442 | MA5: 10.420951 | MB5: 10.580672 | MC5: 10.722838 | MD5: 10.839545 | ME5: 10.971659 | MF5: 11.085514 | MG5: 11.255501 | MH5: 11.508839 | MI5: 11.820785 | MJ5: 12.070811 | MK5: 12.282916 | ML5: 12.429685 | MM5: 12.45944 | MN5: 12.414661 | MO5: 12.339102 | MP5: 12.234127 | MQ5: 12.175283 | MR5: 12.185614 | MS5: 12.165517 | MT5: 12.048963 | MU5: 11.883772 | MV5: 11.679488 | MW5: 11.434963 | MX5: 11.192439 | MY5: 10.977106 | MZ5: 10.7963 | NA5: 10.604198 | NB5: 10.39993 | NC5: 10.200723 | ND5: 10.007088 | NE5: 9.7776582 | NF5: 9.5548542 | NG5: 9.3895176 | NH5: 9.2339184 | NI5: 9.152972 | NJ5: 9.0979609 | NK5: 8.9897989 | NL5: 8.7844273 | NM5: 8.7857093 | NN5: 8.7636311 | NO5: 8.6777653 | NP5: 8.6953245 | NQ5: 8.720034 | NR5: 8.666767 | NS5: 8.5978701 | NT5: 8.5133419 | NU5: 8.413183 | NV5: 8.2973942
A6: 4 | B6: H-306_NEG | C6: 0.95971213 | D6: 1.0580873 | E6: 1.1469414 | F6: 1.2262745 | G6: 1.2960865 | H6: 1.3563775 | I6: 1.391002 | J6: 1.4258959 | K6: 1.4743048 | L6: 1.5121125 | M6: 1.5453068 | N6: 1.5697308 | O6: 1.5778833 | P6: 1.593826 | Q6: 1.6222945 | R6: 1.6356704 | S6: 1.635892 | T6: 1.634044 | U6: 1.624848 | V6: 1.6261012 | W6: 1.6395314 | X6: 1.6406727 | Y6: 1.6623806 | Z6: 1.691461 | AA6: 1.714607 | AB6: 1.7315764 | AC6: 1.7563153 | AD6: 1.784986 | AE6: 1.8208278 | AF6: 1.8887812 | AG6: 1.9837392 | AH6: 2.115034 | AI6: 2.3327271 | AJ6: 2.5912484 | AK6: 2.9068629 | AL6: 3.2967677 | AM6: 3.7429695 | AN6: 4.2173911 | AO6: 4.6867302 | AP6: 5.1276379 | AQ6: 5.499638 | AR6: 5.8079064 | AS6: 6.050789 | AT6: 6.2204699 | AU6: 6.3730147 | AV6: 6.4785324 | AW6: 6.5122392 | AX6: 6.5061982 | AY6: 6.4197679 | AZ6: 6.260594 | BA6: 6.0109148 | BB6: 5.6956642 | BC6: 5.3542023 | BD6: 5.0860067 | BE6: 4.8575507 | BF6: 4.6490021 | BG6: 4.4707782 | BH6: 4.3491823 | BI6: 4.2442009 | BJ6: 4.1649956 | BK6: 4.0829866 | BL6: 4.0044699 | BM6: 3.9266267 | BN6: 3.8697423 | BO6: 3.7777167 | BP6: 3.6890009 | BQ6: 3.591384 | BR6: 3.5062343 | BS6: 3.4282504 | BT6: 3.3739481 | BU6: 3.3276905 | BV6: 3.2995986 | BW6: 3.2484463 | BX6: 3.1627709 | BY6: 3.088759 | BZ6: 2.9878883 | CA6: 2.8667163 | CB6: 2.7453716 | CC6: 2.6252789 | CD6: 2.5231876 | CE6: 2.439009 | CF6: 2.3787227 | CG6: 2.3151388 | CH6: 2.2687998 | CI6: 2.3143538 | CJ6: 2.3386582 | CK6: 2.3806046 | CL6: 2.4714384 | CM6: 2.7380609 | CN6: 3.1990226 | CO6: 3.9263823 | CP6: 4.9648689 | CQ6: 6.2164709 | CR6: 7.9636694 | CS6: 10.341423 | CT6: 12.685565 | CU6: 15.351276 | CV6: 18.307576 | CW6: 21.36652 | CX6: 24.486552 | CY6: 27.700559 | CZ6: 30.849839 | DA6: 33.831573 | DB6: 36.899651 | DC6: 39.824448 | DD6: 42.257854 | DE6: 44.171009 | DF6: 45.49345 | DG6: 46.988317 | DH6: 48.379401 | DI6: 49.442859 | DJ6: 50.200033 | DK6: 50.774211 | DL6: 51.281363 | DM6: 51.619414 | DN6: 51.803085 | DO6: 51.500917 | DP6: 51.278215 | DQ6: 51.705125 | DR6: 51.960154 | DS6: 52.060212 | DT6: 52.161764 | DU6: 52.204609 | DV6: 52.100094 | DW6: 52.050266 | DX6: 52.248851 | DY6: 52.292938 | DZ6: 52.617682 | EA6: 52.906255 | EB6: 53.099769 | EC6: 53.290902 | ED6: 53.375773 | EE6: 53.353227 | EF6: 53.253247 | EG6: 53.296952 | EH6: 53.53798 | EI6: 53.502773 | EJ6: 53.831846 | EK6: 53.968606 | EL6: 53.926796 | EM6: 54.00841 | EN6: 54.188572 | EO6: 54.249057 | EP6: 54.340431 | EQ6: 54.354273 | ER6: 54.456655 | ES6: 54.473682 | ET6: 54.667639 | EU6: 54.684532 | EV6: 54.508452 | EW6: 54.440984 | EX6: 54.815613 | EY6: 54.876721 | EZ6: 54.908301 | FA6: 55.087782 | FB6: 55.277751 | FC6: 55.601253 | FD6: 55.752917 | FE6: 55.773778 | FF6: 55.369687 | FG6: 54.49277 | FH6: 54.21269 | FI6: 55.039418 | FJ6: 56.259539 | FK6: 57.050271 | FL6: 58.018573 | FM6: 59.336432 | FN6: 58.893346 | FO6: 58.063314 | FP6: 57.51479 | FQ6: 54.455898 | FR6: 52.103212 | FS6: 51.983499 | FT6: 50.049658 | FU6: 48.908079 | FV6: 48.002231 | FW6: 47.996068 | FX6: 47.736931 | FY6: 47.714277 | FZ6: 48.654333 | GA6: 48.284579 | GB6: 48.314396 | GC6: 49.05628 | GD6: 48.716833 | GE6: 49.022999 | GF6: 48.809439 | GG6: 48.967379 | GH6: 49.207016 | GI6: 49.145479 | GJ6: 49.293927 | GK6: 50.035687 | GL6: 49.861405 | GM6: 49.904802 | GN6: 49.979417 | GO6: 49.48269 | GP6: 49.694138 | GQ6: 49.910053 | GR6: 50.669216 | GS6: 51.660074 | GT6: 52.074373 | GU6: 52.768769 | GV6: 52.887626 | GW6: 52.846553 | GX6: 52.988668 | GY6: 53.557841 | GZ6: 54.527261 | HA6: 55.613024 | HB6: 56.362879 | HC6: 56.664856 | HD6: 56.333546 | HE6: 55.738879 | HF6: 55.088648 | HG6: 54.931058 | HH6: 54.907456 | HI6: 55.525942 | HJ6: 55.699425 | HK6: 55.504762 | HL6: 54.388868 | HM6: 52.778812 | HN6: 50.662486 | HO6: 48.363797 | HP6: 46.119774 | HQ6: 44.352129 | HR6: 43.009967 | HS6: 42.621728 | HT6: 42.168505 | HU6: 41.970891 | HV6: 41.59157 | HW6: 41.361279 | HX6: 41.026282 | HY6: 40.663434 | HZ6: 40.413465 | IA6: 40.384204 | IB6: 40.676376 | IC6: 41.168608 | ID6: 41.695135 | IE6: 42.151153 | IF6: 42.571549 | IG6: 42.84838 | IH6: 42.933782 | II6: 43.087123 | IJ6: 43.131346 | IK6: 43.175013 | IL6: 43.167265 | IM6: 43.12795 | IN6: 43.052477 | IO6: 42.94085 | IP6: 42.793067 | IQ6: 42.609133 | IR6: 11.252526 | IS6: 11.829877 | IT6: 12.408159 | IU6: 12.987374 | IV6: 13.567523 | IW6: 14.148605 | IX6: 14.772551 | IY6: 15.337971 | IZ6: 15.837818 | JA6: 16.476096 | JB6: 16.95698 | JC6: 17.375587 | JD6: 17.817298 | JE6: 18.165969 | JF6: 18.533784 | JG6: 18.794731 | JH6: 19.261017 | JI6: 19.644588 | JJ6: 19.945967 | JK6: 20.385541 | JL6: 20.704705 | JM6: 20.944883 | JN6: 21.28408 | JO6: 21.512239 | JP6: 21.728521 | JQ6: 21.943772 | JR6: 22.295375 | JS6: 22.524515 | JT6: 22.659978 | JU6: 22.883529 | JV6: 23.024674 | JW6: 23.082054 | JX6: 23.149942 | JY6: 23.072567 | JZ6: 22.952754 | KA6: 22.821869 | KB6: 22.605871 | KC6: 22.37962 | KD6: 22.027279 | KE6: 21.830619 | KF6: 21.58056 | KG6: 21.404444 | KH6: 21.151135 | KI6: 20.863751 | KJ6: 20.57585 | KK6: 20.295512 | KL6: 19.968437 | KM6: 19.740794 | KN6: 19.347116 | KO6: 18.997083 | KP6: 18.529789 | KQ6: 18.179532 | KR6: 17.670123 | KS6: 16.953421 | KT6: 15.920941 | KU6: 14.548385 | KV6: 12.907216 | KW6: 10.997436 | KX6: 8.8190448 | KY6: 6.3720407 | KZ6: 5.8784502 | LA6: 6.1323294 | LB6: 6.3429673 | LC6: 6.5103647 | LD6: 6.6345221 | LE6: 6.715439 | LF6: 6.4681123 | LG6: 6.3352012 | LH6: 6.5393833 | LI6: 6.6368895 | LJ6: 6.943094 | LK6: 7.200127 | LL6: 7.3994765 | LM6: 7.5609141 | LN6: 7.6780139 | LO6: 7.7785071 | LP6: 7.8874937 | LQ6: 8.041987 | LR6: 8.1550235 | LS6: 8.312339 | LT6: 8.4944163 | LU6: 8.6900367 | LV6: 8.880661 | LW6: 9.0765545 | LX6: 9.2279037 | LY6: 9.4095134 | LZ6: 9.5888337 | MA6: 9.7414068 | MB6: 9.9039039 | MC6: 10.048835 | MD6: 10.154758 | ME6: 10.283023 | MF6: 10.393799 | MG6: 10.53807 | MH6: 10.756668 | MI6: 11.037863 | MJ6: 11.271448 | MK6: 11.47473 | ML6: 11.620486 | MM6: 11.665683 | MN6: 11.623914 | MO6: 11.556661 | MP6: 11.457204 | MQ6: 11.397373 | MR6: 11.397353 | MS6: 11.367155 | MT6: 11.284223 | MU6: 11.134731 | MV6: 10.968382 | MW6: 10.751219 | MX6: 10.548737 | MY6: 10.341053 | MZ6: 10.158668 | NA6: 9.9877492 | NB6: 9.7829583 | NC6: 9.5987784 | ND6: 9.4226673 | NE6: 9.188885 | NF6: 8.9920393 | NG6: 8.7972306 | NH6: 8.6400259 | NI6: 8.5200807 | NJ6: 8.5048699 | NK6: 8.4394299 | NL6: 8.2734208 | NM6: 8.3003896 | NN6: 8.3045741 | NO6: 8.2326473 | NP6: 8.2537607 | NQ6: 8.2414132 | NR6: 8.2003673 | NS6: 8.1526555 | NT6: 8.0982779 | NU6: 8.0372343 | NV6: 7.9695249
A7: 5 | B7: H-312_NEG | C7: 0.95445346 | D7: 1.0511683 | E7: 1.1388541 | F7: 1.2175108 | G7: 1.2871383 | H7: 1.3477367 | I7: 1.3861943 | J7: 1.4198058 | K7: 1.4733352 | L7: 1.5112774 | M7: 1.5438494 | N7: 1.5695559 | O7: 1.5803824 | P7: 1.5973197 | Q7: 1.6308594 | R7: 1.6464294 | S7: 1.6478346 | T7: 1.6465352 | U7: 1.6404507 | V7: 1.6448885 | W7: 1.6614937 | X7: 1.6660513 | Y7: 1.6894826 | Z7: 1.7206142 | AA7: 1.7485383 | AB7: 1.7674464 | AC7: 1.7941027 | AD7: 1.8256512 | AE7: 1.8636335 | AF7: 1.9336675 | AG7: 2.028811 | AH7: 2.1576676 | AI7: 2.3719429 | AJ7: 2.6219186 | AK7: 2.924525 | AL7: 3.2962646 | AM7: 3.7206204 | AN7: 4.1706384 | AO7: 4.6143733 | AP7: 5.0300783 | AQ7: 5.3779007 | AR7: 5.6706019 | AS7: 5.9028596 | AT7: 6.0668711 | AU7: 6.2210245 | AV7: 6.3319368 | AW7: 6.3721882 | AX7: 6.3783166 | AY7: 6.3065068 | AZ7: 6.1668784 | BA7: 5.9446849 | BB7: 5.6598845 | BC7: 5.3493608 | BD7: 5.1175589 | BE7: 4.9190281 | BF7: 4.7332774 | BG7: 4.5674642 | BH7: 4.4565492 | BI7: 4.3589522 | BJ7: 4.2864059 | BK7: 4.2102444 | BL7: 4.1352987 | BM7: 4.0634579 | BN7: 4.0156498 | BO7: 3.9279137 | BP7: 3.8463245 | BQ7: 3.7560942 | BR7: 3.6787102 | BS7: 3.6086267 | BT7: 3.5618859 | BU7: 3.5203161 | BV7: 3.4985662 | BW7: 3.4525409 | BX7: 3.3709662 | BY7: 3.3041165 | BZ7: 3.2088251 | CA7: 3.0899734 | CB7: 2.9678217 | CC7: 2.8464252 | CD7: 2.7437477 | CE7: 2.6555117 | CF7: 2.5947607 | CG7: 2.5289408 | CH7: 2.4811046 | CI7: 2.5335961 | CJ7: 2.5605327 | CK7: 2.6078776 | CL7: 2.7066138 | CM7: 2.9823574 | CN7: 3.4451756 | CO7: 4.1583955 | CP7: 5.1638846 | CQ7: 6.3607626 | CR7: 8.0220389 | CS7: 10.251976 | CT7: 12.413238 | CU7: 14.820511 | CV7: 17.442664 | CW7: 20.072188 | CX7: 22.678628 | CY7: 25.289945 | CZ7: 27.782309 | DA7: 30.069165 | DB7: 32.423414 | DC7: 34.648691 | DD7: 36.422995 | DE7: 37.86585 | DF7: 38.847303 | DG7: 39.878713 | DH7: 40.859604 | DI7: 41.627778 | DJ7: 42.184719 | DK7: 42.613458 | DL7: 43.013997 | DM7: 43.297316 | DN7: 43.479233 | DO7: 43.31962 | DP7: 43.176683 | DQ7: 43.49763 | DR7: 43.715853 | DS7: 43.813896 | DT7: 43.893717 | DU7: 43.92699 | DV7: 43.863535 | DW7: 43.848042 | DX7: 44.011344 | DY7: 44.082346 | DZ7: 44.358912 | EA7: 44.647246 | EB7: 44.864421 | EC7: 45.03962 | ED7: 45.124548 | EE7: 45.151031 | EF7: 45.134148 | EG7: 45.202524 | EH7: 45.41372 | EI7: 45.450526 | EJ7: 45.731605 | EK7: 45.890879 | EL7: 45.876316 | EM7: 45.927365 | EN7: 46.084321 | EO7: 46.156211 | EP7: 46.253793 | EQ7: 46.287628 | ER7: 46.400286 | ES7: 46.471652 | ET7: 46.663886 | EU7: 46.719677 | EV7: 46.625022 | EW7: 46.592829 | EX7: 46.941991 | EY7: 47.028359 | EZ7: 47.10116 | FA7: 47.312826 | FB7: 47.505606 | FC7: 47.811374 | FD7: 47.987343 | FE7: 48.06762 | FF7: 47.834724 | FG7: 47.24072 | FH7: 47.104167 | FI7: 47.750629 | FJ7: 48.801841 | FK7: 49.549457 | FL7: 50.414377 | FM7: 51.5865 | FN7: 51.331888 | FO7: 50.793515 | FP7: 50.56223 | FQ7: 48.173315 | FR7: 46.244687 | FS7: 46.18782 | FT7: 44.593121 | FU7: 43.674653 | FV7: 42.871817 | FW7: 42.848062 | FX7: 42.68473 | FY7: 42.695666 | FZ7: 43.516491 | GA7: 43.231953 | GB7: 43.305143 | GC7: 44.038409 | GD7: 43.780941 | GE7: 44.051327 | GF7: 43.922275 | GG7: 44.091013 | GH7: 44.365907 | GI7: 44.359441 | GJ7: 44.5385 | GK7: 45.206121 | GL7: 45.065763 | GM7: 45.088404 | GN7: 45.142294 | GO7: 44.635982 | GP7: 44.786171 | GQ7: 44.923525 | GR7: 45.576337 | GS7: 46.467045 | GT7: 46.837008 | GU7: 47.405417 | GV7: 47.478251 | GW7: 47.402686 | GX7: 47.466841 | GY7: 47.920882 | GZ7: 48.744339 | HA7: 49.722165 | HB7: 50.42294 | HC7: 50.743732 | HD7: 50.493164 | HE7: 50.017782 | HF7: 49.499625 | HG7: 49.344688 | HH7: 49.259953 | HI7: 49.77314 | HJ7: 49.897963 | HK7: 49.846167 | HL7: 48.985821 | HM7: 47.721696 | HN7: 46.06618 | HO7: 44.327595 | HP7: 42.63329 | HQ7: 41.279722 | HR7: 40.268102 | HS7: 40.088589 | HT7: 39.783912 | HU7: 39.750756 | HV7: 39.452198 | HW7: 39.246414 | HX7: 38.937671 | HY7: 38.621461 | HZ7: 38.397293 | IA7: 38.388854 | IB7: 38.679572 | IC7: 39.181594 | ID7: 39.680968 | IE7: 40.126015 | IF7: 40.545689 | IG7: 40.807286 | IH7: 40.878156 | II7: 41.022502 | IJ7: 41.053584 | IK7: 41.085314 | IL7: 41.092075 | IM7: 41.074594 | IN7: 41.03269 | IO7: 40.966372 | IP7: 40.875629 | IQ7: 40.760472 | IR7: 11.776602 | IS7: 12.356325 | IT7: 12.93355 | IU7: 13.508275 | IV7: 14.080503 | IW7: 14.650231 | IX7: 15.251955 | IY7: 15.797774 | IZ7: 16.296337 | JA7: 16.899558 | JB7: 17.373436 | JC7: 17.770524 | JD7: 18.19665 | JE7: 18.534541 | JF7: 18.872108 | JG7: 19.144476 | JH7: 19.596415 | JI7: 19.9647 | JJ7: 20.273509 | JK7: 20.686921 | JL7: 21.00232 | JM7: 21.239211 | JN7: 21.55141 | JO7: 21.784406 | JP7: 21.977877 | JQ7: 22.190474 | JR7: 22.544151 | JS7: 22.764899 | JT7: 22.895796 | JU7: 23.118135 | JV7: 23.254806 | JW7: 23.310627 | JX7: 23.384813 | JY7: 23.3245 | JZ7: 23.190405 | KA7: 23.075201 | KB7: 22.87811 | KC7: 22.632134 | KD7: 22.279385 | KE7: 22.083197 | KF7: 21.807617 | KG7: 21.631822 | KH7: 21.403076 | KI7: 21.115695 | KJ7: 20.84004 | KK7: 20.599951 | KL7: 20.271465 | KM7: 20.044741 | KN7: 19.6723 | KO7: 19.326776 | KP7: 18.875579 | KQ7: 18.565461 | KR7: 18.100925 | KS7: 17.41993 | KT7: 16.42745 | KU7: 15.070318 | KV7: 13.43414 | KW7: 11.518917 | KX7: 9.324647 | KY7: 6.8513322 | KZ7: 6.4957903 | LA7: 6.7400723 | LB7: 6.947298 | LC7: 7.1174661 | LD7: 7.2505779 | LE7: 7.3466335 | LF7: 7.1390608 | LG7: 7.074867 | LH7: 7.2893653 | LI7: 7.3810414 | LJ7: 7.6752275 | LK7: 7.910588 | LL7: 8.092161 | LM7: 8.2292729 | LN7: 8.3359554 | LO7: 8.4253343 | LP7: 8.5359811 | LQ7: 8.6960966 | LR7: 8.8042751 | LS7: 8.9726245 | LT7: 9.1510196 | LU7: 9.3364699 | LV7: 9.5094856 | LW7: 9.696376 | LX7: 9.8431576 | LY7: 10.004612 | LZ7: 10.160555 | MA7: 10.296518 | MB7: 10.440761 | MC7: 10.573431 | MD7: 10.680915 | ME7: 10.807637 | MF7: 10.910561 | MG7: 11.065383 | MH7: 11.297728 | MI7: 11.564827 | MJ7: 11.772949 | MK7: 11.958142 | ML7: 12.068921 | MM7: 12.097074 | MN7: 12.060641 | MO7: 11.988734 | MP7: 11.89508 | MQ7: 11.848018 | MR7: 11.873473 | MS7: 11.842691 | MT7: 11.714313 | MU7: 11.542669 | MV7: 11.358663 | MW7: 11.142975 | MX7: 10.924347 | MY7: 10.710885 | MZ7: 10.558369 | NA7: 10.395333 | NB7: 10.206841 | NC7: 10.024873 | ND7: 9.8321637 | NE7: 9.6163999 | NF7: 9.433311 | NG7: 9.2473062 | NH7: 9.0901155 | NI7: 8.975239 | NJ7: 8.9327468 | NK7: 8.8601309 | NL7: 8.6642273 | NM7: 8.6856669 | NN7: 8.6953249 | NO7: 8.6573776 | NP7: 8.7058078 | NQ7: 8.7002436 | NR7: 8.6566741 | NS7: 8.5973169 | NT7: 8.5221733 | NU7: 8.431242 | NV7: 8.3245222
A8: 6 | B8: H-405_NEG | C8: 0.94454944 | D8: 1.0407393 | E8: 1.1279191 | F8: 1.2060884 | G8: 1.2752474 | H8: 1.3353962 | I8: 1.372016 | J8: 1.4078914 | K8: 1.4576014 | L8: 1.4946684 | M8: 1.5263494 | N8: 1.5526642 | O8: 1.5644792 | P8: 1.5810245 | Q8: 1.6130587 | R8: 1.6272625 | S8: 1.6294918 | T8: 1.6276944 | U8: 1.6205239 | V8: 1.6217109 | W8: 1.6352714 | X8: 1.6375534 | Y8: 1.6599616 | Z8: 1.6908867 | AA8: 1.7166119 | AB8: 1.7343829 | AC8: 1.759578 | AD8: 1.7885863 | AE8: 1.8259239 | AF8: 1.8946355 | AG8: 1.990413 | AH8: 2.1240511 | AI8: 2.3427623 | AJ8: 2.5975886 | AK8: 2.9083955 | AL8: 3.2889501 | AM8: 3.7256786 | AN8: 4.1881638 | AO8: 4.6480241 | AP8: 5.0798635 | AQ8: 5.4439391 | AR8: 5.749974 | AS8: 5.990976 | AT8: 6.1588267 | AU8: 6.3145433 | AV8: 6.4227576 | AW8: 6.4625135 | AX8: 6.4641897 | AY8: 6.388002 | AZ8: 6.242338 | BA8: 6.0092767 | BB8: 5.7121103 | BC8: 5.387021 | BD8: 5.1393843 | BE8: 4.9259435 | BF8: 4.7275953 | BG8: 4.5544849 | BH8: 4.4363037 | BI8: 4.3338396 | BJ8: 4.2580074 | BK8: 4.1770239 | BL8: 4.1010768 | BM8: 4.0264796 | BN8: 3.9735153 | BO8: 3.8820131 | BP8: 3.7938469 | BQ8: 3.6981441 | BR8: 3.6132 | BS8: 3.5381301 | BT8: 3.4851941 | BU8: 3.4396366 | BV8: 3.4154896 | BW8: 3.36617 | BX8: 3.2811122 | BY8: 3.2117531 | BZ8: 3.1122079 | CA8: 2.9916125 | CB8: 2.8679329 | CC8: 2.7443076 | CD8: 2.6378429 | CE8: 2.5481248 | CF8: 2.4851789 | CG8: 2.4200814 | CH8: 2.3725218 | CI8: 2.4208559 | CJ8: 2.444768 | CK8: 2.4902201 | CL8: 2.5867353 | CM8: 2.8604265 | CN8: 3.3331107 | CO8: 4.0683778 | CP8: 5.1085899 | CQ8: 6.3520247 | CR8: 8.0737787 | CS8: 10.401973 | CT8: 12.670382 | CU8: 15.218859 | CV8: 18.009496 | CW8: 20.837966 | CX8: 23.655933 | CY8: 26.50306 | CZ8: 29.230184 | DA8: 31.748974 | DB8: 34.33769 | DC8: 36.782149 | DD8: 38.75541 | DE8: 40.311134 | DF8: 41.36225 | DG8: 42.530996 | DH8: 43.635017 | DI8: 44.497201 | DJ8: 45.112941 | DK8: 45.590555 | DL8: 46.034953 | DM8: 46.33386 | DN8: 46.520715 | DO8: 46.292771 | DP8: 46.129765 | DQ8: 46.500244 | DR8: 46.739226 | DS8: 46.838056 | DT8: 46.929251 | DU8: 46.974114 | DV8: 46.891529 | DW8: 46.871734 | DX8: 47.083982 | DY8: 47.164753 | DZ8: 47.494057 | EA8: 47.786126 | EB8: 48.006182 | EC8: 48.199209 | ED8: 48.297434 | EE8: 48.306364 | EF8: 48.246373 | EG8: 48.305368 | EH8: 48.540078 | EI8: 48.531595 | EJ8: 48.830055 | EK8: 48.963213 | EL8: 48.949508 | EM8: 49.03159 | EN8: 49.212746 | EO8: 49.295783 | EP8: 49.388095 | EQ8: 49.417024 | ER8: 49.542974 | ES8: 49.595345 | ET8: 49.787965 | EU8: 49.842185 | EV8: 49.723891 | EW8: 49.69195 | EX8: 50.082483 | EY8: 50.192153 | EZ8: 50.250518 | FA8: 50.462665 | FB8: 50.664129 | FC8: 50.995499 | FD8: 51.165038 | FE8: 51.235919 | FF8: 50.911665 | FG8: 50.201906 | FH8: 50.025251 | FI8: 50.798942 | FJ8: 52.002743 | FK8: 52.800588 | FL8: 53.827536 | FM8: 55.210694 | FN8: 54.879562 | FO8: 54.207859 | FP8: 53.857069 | FQ8: 51.076835 | FR8: 48.892357 | FS8: 48.834292 | FT8: 47.075636 | FU8: 46.056354 | FV8: 45.24361 | FW8: 45.252337 | FX8: 45.013045 | FY8: 44.982607 | FZ8: 45.852711 | GA8: 45.512872 | GB8: 45.58099 | GC8: 46.366649 | GD8: 46.091418 | GE8: 46.383493 | GF8: 46.196064 | GG8: 46.335221 | GH8: 46.58547 | GI8: 46.515361 | GJ8: 46.616781 | GK8: 47.376783 | GL8: 47.198975 | GM8: 47.220416 | GN8: 47.294315 | GO8: 46.743026 | GP8: 46.919096 | GQ8: 47.034618 | GR8: 47.713655 | GS8: 48.611691 | GT8: 48.930856 | GU8: 49.58101 | GV8: 49.666287 | GW8: 49.604895 | GX8: 49.717922 | GY8: 50.22224 | GZ8: 51.117685 | HA8: 52.14767 | HB8: 52.865247 | HC8: 53.163229 | HD8: 52.882233 | HE8: 52.359969 | HF8: 51.774464 | HG8: 51.666298 | HH8: 51.664865 | HI8: 52.232272 | HJ8: 52.377987 | HK8: 52.248115 | HL8: 51.26468 | HM8: 49.873237 | HN8: 48.022193 | HO8: 46.031047 | HP8: 44.098992 | HQ8: 42.621769 | HR8: 41.506299 | HS8: 41.250764 | HT8: 40.891875 | HU8: 40.775129 | HV8: 40.448985 | HW8: 40.263187 | HX8: 39.942656 | HY8: 39.604529 | HZ8: 39.366812 | IA8: 39.349833 | IB8: 39.639297 | IC8: 40.141621 | ID8: 40.653779 | IE8: 41.092023 | IF8: 41.501514 | IG8: 41.784443 | IH8: 41.868346 | II8: 42.023887 | IJ8: 42.067163 | IK8: 42.109502 | IL8: 42.119511 | IM8: 42.090847 | IN8: 42.029122 | IO8: 41.934333 | IP8: 41.806486 | IQ8: 41.645578 | IR8: 11.386927 | IS8: 11.964488 | IT8: 12.542494 | IU8: 13.120944 | IV8: 13.699835 | IW8: 14.27917 | IX8: 14.897742 | IY8: 15.461925 | IZ8: 15.96333 | JA8: 16.597183 | JB8: 17.075721 | JC8: 17.490483 | JD8: 17.935062 | JE8: 18.271855 | JF8: 18.640658 | JG8: 18.899479 | JH8: 19.365229 | JI8: 19.754145 | JJ8: 20.055921 | JK8: 20.488544 | JL8: 20.813852 | JM8: 21.049932 | JN8: 21.386277 | JO8: 21.613048 | JP8: 21.82016 | JQ8: 22.042435 | JR8: 22.395781 | JS8: 22.615227 | JT8: 22.744062 | JU8: 22.962154 | JV8: 23.098139 | JW8: 23.148656 | JX8: 23.21287 | JY8: 23.132454 | JZ8: 23.016108 | KA8: 22.910276 | KB8: 22.696135 | KC8: 22.467952 | KD8: 22.121096 | KE8: 21.921187 | KF8: 21.663941 | KG8: 21.490499 | KH8: 21.228842 | KI8: 20.946269 | KJ8: 20.667053 | KK8: 20.394719 | KL8: 20.066728 | KM8: 19.840898 | KN8: 19.442284 | KO8: 19.089625 | KP8: 18.62133 | KQ8: 18.278779 | KR8: 17.778221 | KS8: 17.074179 | KT8: 16.040721 | KU8: 14.653813 | KV8: 12.990313 | KW8: 11.050228 | KX8: 8.8335507 | KY8: 6.340285 | KZ8: 5.9463837 | LA8: 6.1901313 | LB8: 6.3956805 | LC8: 6.5630334 | LD8: 6.6921892 | LE8: 6.783146 | LF8: 6.5675631 | LG8: 6.4810491 | LH8: 6.704706 | LI8: 6.8136937 | LJ8: 7.0898768 | LK8: 7.3394698 | LL8: 7.5185668 | LM8: 7.6673154 | LN8: 7.7788022 | LO8: 7.8831725 | LP8: 7.9892616 | LQ8: 8.1625519 | LR8: 8.2835917 | LS8: 8.4457659 | LT8: 8.631173 | LU8: 8.8266144 | LV8: 9.0009893 | LW8: 9.192393 | LX8: 9.3418089 | LY8: 9.5226108 | LZ8: 9.6954382 | MA8: 9.8491497 | MB8: 9.9905277 | MC8: 10.124078 | MD8: 10.226789 | ME8: 10.341636 | MF8: 10.442997 | MG8: 10.59871 | MH8: 10.819436 | MI8: 11.10856 | MJ8: 11.35314 | MK8: 11.546013 | ML8: 11.675925 | MM8: 11.708724 | MN8: 11.657906 | MO8: 11.592836 | MP8: 11.506743 | MQ8: 11.451459 | MR8: 11.463336 | MS8: 11.456673 | MT8: 11.375307 | MU8: 11.218436 | MV8: 11.024884 | MW8: 10.795004 | MX8: 10.574263 | MY8: 10.354509 | MZ8: 10.175549 | NA8: 10.000298 | NB8: 9.8197506 | NC8: 9.6440779 | ND8: 9.4835292 | NE8: 9.2467046 | NF8: 9.0249423 | NG8: 8.8192343 | NH8: 8.6625805 | NI8: 8.5324863 | NJ8: 8.4818707 | NK8: 8.4008453 | NL8: 8.2362481 | NM8: 8.2263593 | NN8: 8.2319926 | NO8: 8.1705619 | NP8: 8.1860079 | NQ8: 8.1711308 | NR8: 8.1216081 | NS8: 8.0640214 | NT8: 7.9983701 | NU8: 7.9246548 | NV8: 7.8428757
A9: 7 | B9: H-411_NEG | C9: 0.9244709 | D9: 1.0225248 | E9: 1.1108122 | F9: 1.1893332 | G9: 1.2580879 | H9: 1.3170763 | I9: 1.351461 | J9: 1.3831529 | K9: 1.4242141 | L9: 1.4611695 | M9: 1.4965361 | N9: 1.5170348 | O9: 1.5237704 | P9: 1.5377546 | Q9: 1.5617358 | R9: 1.5741524 | S9: 1.5780215 | T9: 1.5748054 | U9: 1.5662676 | V9: 1.5708586 | W9: 1.5882005 | X9: 1.5863725 | Y9: 1.606228 | Z9: 1.6306545 | AA9: 1.652199 | AB9: 1.668183 | AC9: 1.6958281 | AD9: 1.7248227 | AE9: 1.7595716 | AF9: 1.8278094 | AG9: 1.9265864 | AH9: 2.0608551 | AI9: 2.284965 | AJ9: 2.5521629 | AK9: 2.8777116 | AL9: 3.2766969 | AM9: 3.7330981 | AN9: 4.2137052 | AO9: 4.6871607 | AP9: 5.133893 | AQ9: 5.5067476 | AR9: 5.8175609 | AS9: 6.0665815 | AT9: 6.2470292 | AU9: 6.4084348 | AV9: 6.5210338 | AW9: 6.5605734 | AX9: 6.5605333 | AY9: 6.4755295 | AZ9: 6.3117913 | BA9: 6.0588296 | BB9: 5.7483217 | BC9: 5.4069129 | BD9: 5.1455067 | BE9: 4.9164253 | BF9: 4.7072062 | BG9: 4.5259281 | BH9: 4.4039862 | BI9: 4.2961988 | BJ9: 4.2174913 | BK9: 4.1344037 | BL9: 4.0586352 | BM9: 3.9752541 | BN9: 3.9176342 | BO9: 3.8121717 | BP9: 3.7131731 | BQ9: 3.6093399 | BR9: 3.5175944 | BS9: 3.4407121 | BT9: 3.391007 | BU9: 3.3412552 | BV9: 3.3124567 | BW9: 3.2553367 | BX9: 3.16392 | BY9: 3.0796504 | BZ9: 2.9701318 | CA9: 2.8426743 | CB9: 2.7125166 | CC9: 2.5874361 | CD9: 2.4795148 | CE9: 2.386462 | CF9: 2.3183121 | CG9: 2.2479829 | CH9: 2.1938571 | CI9: 2.230575 | CJ9: 2.2463877 | CK9: 2.2850423 | CL9: 2.3872816 | CM9: 2.6708796 | CN9: 3.1675756 | CO9: 3.9438365 | CP9: 5.0396874 | CQ9: 6.3453193 | CR9: 8.1426823 | CS9: 10.551303 | CT9: 12.914004 | CU9: 15.556461 | CV9: 18.443184 | CW9: 21.343004 | CX9: 24.256268 | CY9: 27.194465 | CZ9: 30.01688 | DA9: 32.626604 | DB9: 35.311483 | DC9: 37.846178 | DD9: 39.892212 | DE9: 41.57387 | DF9: 42.722549 | DG9: 43.878776 | DH9: 44.978758 | DI9: 45.852024 | DJ9: 46.480361 | DK9: 46.968731 | DL9: 47.43286 | DM9: 47.759752 | DN9: 47.966703 | DO9: 47.839422 | DP9: 47.692216 | DQ9: 48.022683 | DR9: 48.248029 | DS9: 48.364365 | DT9: 48.443773 | DU9: 48.472164 | DV9: 48.395866 | DW9: 48.391106 | DX9: 48.555202 | DY9: 48.643659 | DZ9: 48.940863 | EA9: 49.260612 | EB9: 49.490587 | EC9: 49.721879 | ED9: 49.819593 | EE9: 49.852095 | EF9: 49.79614 | EG9: 49.870998 | EH9: 50.064768 | EI9: 50.069961 | EJ9: 50.338923 | EK9: 50.495509 | EL9: 50.481829 | EM9: 50.565065 | EN9: 50.731535 | EO9: 50.806531 | EP9: 50.870279 | EQ9: 50.953556 | ER9: 51.066882 | ES9: 51.134083 | ET9: 51.311485 | EU9: 51.382672 | EV9: 51.303333 | EW9: 51.312046 | EX9: 51.637415 | EY9: 51.675025 | EZ9: 51.739308 | FA9: 51.925859 | FB9: 52.105259 | FC9: 52.433569 | FD9: 52.618644 | FE9: 52.712542 | FF9: 52.435104 | FG9: 51.787446 | FH9: 51.547932 | FI9: 52.253812 | FJ9: 53.484071 | FK9: 54.272873 | FL9: 55.253733 | FM9: 56.574396 | FN9: 56.359615 | FO9: 55.705102 | FP9: 55.294045 | FQ9: 52.596397 | FR9: 50.406727 | FS9: 50.267451 | FT9: 48.535233 | FU9: 47.479967 | FV9: 46.610825 | FW9: 46.621969 | FX9: 46.490804 | FY9: 46.455052 | FZ9: 47.340823 | GA9: 47.038948 | GB9: 47.13573 | GC9: 47.920486 | GD9: 47.585876 | GE9: 47.856882 | GF9: 47.672796 | GG9: 47.86401 | GH9: 48.138978 | GI9: 48.019223 | GJ9: 48.183764 | GK9: 48.883508 | GL9: 48.781758 | GM9: 48.849757 | GN9: 48.905862 | GO9: 48.435978 | GP9: 48.653907 | GQ9: 48.919809 | GR9: 49.660525 | GS9: 50.592581 | GT9: 51.022307 | GU9: 51.679919 | GV9: 51.803784 | GW9: 51.745712 | GX9: 51.84418 | GY9: 52.352992 | GZ9: 53.259647 | HA9: 54.325847 | HB9: 55.097639 | HC9: 55.440487 | HD9: 55.157223 | HE9: 54.620483 | HF9: 54.018069 | HG9: 53.820392 | HH9: 53.661809 | HI9: 54.123618 | HJ9: 54.185847 | HK9: 54.076068 | HL9: 53.080196 | HM9: 51.631212 | HN9: 49.725232 | HO9: 47.715614 | HP9: 45.757121 | HQ9: 44.200446 | HR9: 42.982139 | HS9: 42.68021 | HT9: 42.299582 | HU9: 42.264674 | HV9: 41.922343 | HW9: 41.693298 | HX9: 41.332044 | HY9: 40.980178 | HZ9: 40.708615 | IA9: 40.701097 | IB9: 41.001645 | IC9: 41.513818 | ID9: 42.039579 | IE9: 42.538952 | IF9: 42.987421 | IG9: 43.286759 | IH9: 43.358623 | II9: 43.503609 | IJ9: 43.52115 | IK9: 43.566914 | IL9: 43.561665 | IM9: 43.532588 | IN9: 43.475857 | IO9: 43.391474 | IP9: 43.279438 | IQ9: 43.139754 | IR9: 10.937486 | IS9: 11.539904 | IT9: 12.141948 | IU9: 12.743619 | IV9: 13.344915 | IW9: 13.945839 | IX9: 14.581599 | IY9: 15.163517 | IZ9: 15.70024 | JA9: 16.338981 | JB9: 16.842684 | JC9: 17.285363 | JD9: 17.750582 | JE9: 18.126027 | JF9: 18.496217 | JG9: 18.795202 | JH9: 19.287316 | JI9: 19.679322 | JJ9: 20.022374 | JK9: 20.471984 | JL9: 20.813295 | JM9: 21.085715 | JN9: 21.435193 | JO9: 21.686566 | JP9: 21.906757 | JQ9: 22.133232 | JR9: 22.493386 | JS9: 22.718859 | JT9: 22.859315 | JU9: 23.080861 | JV9: 23.222311 | JW9: 23.279631 | JX9: 23.343341 | JY9: 23.268004 | JZ9: 23.113597 | KA9: 22.976206 | KB9: 22.77131 | KC9: 22.523394 | KD9: 22.165833 | KE9: 21.972828 | KF9: 21.700786 | KG9: 21.501045 | KH9: 21.253031 | KI9: 20.933835 | KJ9: 20.613603 | KK9: 20.343006 | KL9: 19.979016 | KM9: 19.711365 | KN9: 19.308619 | KO9: 18.9347 | KP9: 18.437764 | KQ9: 18.088659 | KR9: 17.591434 | KS9: 16.856891 | KT9: 15.815037 | KU9: 14.394597 | KV9: 12.687221 | KW9: 10.692908 | KX9: 8.4116601 | KY9: 5.8434761 | KZ9: 5.0360176 | LA9: 5.3031357 | LB9: 5.5315909 | LC9: 5.7213839 | LD9: 5.8725137 | LE9: 5.9849813 | LF9: 5.8265352 | LG9: 5.768012 | LH9: 5.9641454 | LI9: 6.0647088 | LJ9: 6.3378956 | LK9: 6.5732695 | LL9: 6.7602167 | LM9: 6.9164836 | LN9: 7.0370995 | LO9: 7.1593208 | LP9: 7.294453 | LQ9: 7.489308 | LR9: 7.6233513 | LS9: 7.8122476 | LT9: 7.9844698 | LU9: 8.18292 | LV9: 8.3687988 | LW9: 8.5501161 | LX9: 8.6940078 | LY9: 8.8731721 | LZ9: 9.05475 | MA9: 9.2238411 | MB9: 9.3899549 | MC9: 9.534535 | MD9: 9.6389875 | ME9: 9.7799136 | MF9: 9.889661 | MG9: 10.020964 | MH9: 10.229151 | MI9: 10.512663 | MJ9: 10.743614 | MK9: 10.957685 | ML9: 11.07026 | MM9: 11.091793 | MN9: 11.068499 | MO9: 10.997002 | MP9: 10.889498 | MQ9: 10.835721 | MR9: 10.840564 | MS9: 10.840962 | MT9: 10.760301 | MU9: 10.624375 | MV9: 10.450491 | MW9: 10.229538 | MX9: 10.006469 | MY9: 9.7493312 | MZ9: 9.5851319 | NA9: 9.3824017 | NB9: 9.1360846 | NC9: 8.9476338 | ND9: 8.7732735 | NE9: 8.5967992 | NF9: 8.4394108 | NG9: 8.2666899 | NH9: 8.0877718 | NI9: 7.9637759 | NJ9: 7.9447869 | NK9: 7.78585 | NL9: 7.5740201 | NM9: 7.570994 | NN9: 7.5476377 | NO9: 7.5235647 | NP9: 7.539218 | NQ9: 7.5473165 | NR9: 7.4836024 | NS9: 7.3976917 | NT9: 7.2895846 | NU9: 7.1592818 | NV9: 7.0067824
A10: 8 | B10: H-502_NEG | C10: 0.94130557 | D10: 1.0331306 | E10: 1.1164576 | F10: 1.1912869 | G10: 1.2576183 | H10: 1.3154518 | I10: 1.3498856 | J10: 1.3850813 | K10: 1.4353585 | L10: 1.4736867 | M10: 1.5069123 | N10: 1.5291621 | O10: 1.5401433 | P10: 1.5581896 | Q10: 1.5908842 | R10: 1.6062524 | S10: 1.6069049 | T10: 1.6076623 | U10: 1.6019304 | V10: 1.606064 | W10: 1.6191179 | X10: 1.6230842 | Y10: 1.645554 | Z10: 1.6773795 | AA10: 1.7056564 | AB10: 1.7254356 | AC10: 1.7520763 | AD10: 1.7842634 | AE10: 1.8223255 | AF10: 1.8893667 | AG10: 1.979463 | AH10: 2.1062045 | AI10: 2.3132589 | AJ10: 2.5569618 | AK10: 2.8548472 | AL10: 3.2183601 | AM10: 3.6310641 | AN10: 4.0686475 | AO10: 4.5006142 | AP10: 4.9052734 | AQ10: 5.245603 | AR10: 5.5319283 | AS10: 5.7612836 | AT10: 5.9238801 | AU10: 6.075697 | AV10: 6.1817201 | AW10: 6.2198439 | AX10: 6.2248929 | AY10: 6.1560868 | AZ10: 6.0211012 | BA10: 5.8024936 | BB10: 5.5241439 | BC10: 5.2246662 | BD10: 4.9978464 | BE10: 4.8050749 | BF10: 4.624112 | BG10: 4.4662148 | BH10: 4.3621012 | BI10: 4.2695478 | BJ10: 4.1986516 | BK10: 4.1241594 | BL10: 4.0527167 | BM10: 3.9851294 | BN10: 3.9392991 | BO10: 3.8578903 | BP10: 3.7775583 | BQ10: 3.6891515 | BR10: 3.6117577 | BS10: 3.5401121 | BT10: 3.489153 | BU10: 3.4475101 | BV10: 3.4257715 | BW10: 3.3826206 | BX10: 3.3049845 | BY10: 3.2430131 | BZ10: 3.1514197 | CA10: 3.0376652 | CB10: 2.9219111 | CC10: 2.8060662 | CD10: 2.7062411 | CE10: 2.6234634 | CF10: 2.566446 | CG10: 2.504705 | CH10: 2.4619599 | CI10: 2.5152145 | CJ10: 2.5418313 | CK10: 2.5874628 | CL10: 2.6800728 | CM10: 2.9473992 | CN10: 3.4035947 | CO10: 4.1064716 | CP10: 5.097677 | CQ10: 6.277213 | CR10: 7.9041233 | CS10: 10.102455 | CT10: 12.23654 | CU10: 14.626681 | CV10: 17.227477 | CW10: 19.873899 | CX10: 22.508991 | CY10: 25.153023 | CZ10: 27.682856 | DA10: 30.011562 | DB10: 32.399049 | DC10: 34.65627 | DD10: 36.489186 | DE10: 37.903199 | DF10: 38.791008 | DG10: 39.878075 | DH10: 40.949815 | DI10: 41.778747 | DJ10: 42.377914 | DK10: 42.84112 | DL10: 43.273819 | DM10: 43.570063 | DN10: 43.751027 | DO10: 43.499325 | DP10: 43.287791 | DQ10: 43.671596 | DR10: 43.93178 | DS10: 44.038398 | DT10: 44.142287 | DU10: 44.200725 | DV10: 44.133155 | DW10: 44.098189 | DX10: 44.295457 | DY10: 44.359835 | DZ10: 44.691 | EA10: 44.982155 | EB10: 45.19277 | EC10: 45.400325 | ED10: 45.515909 | EE10: 45.542465 | EF10: 45.482503 | EG10: 45.525667 | EH10: 45.751848 | EI10: 45.727003 | EJ10: 46.052165 | EK10: 46.201248 | EL10: 46.196735 | EM10: 46.290617 | EN10: 46.47712 | EO10: 46.560701 | EP10: 46.656006 | EQ10: 46.687246 | ER10: 46.799882 | ES10: 46.844004 | ET10: 47.061043 | EU10: 47.121685 | EV10: 47.002366 | EW10: 46.974314 | EX10: 47.359693 | EY10: 47.472417 | EZ10: 47.531142 | FA10: 47.753696 | FB10: 47.950876 | FC10: 48.296508 | FD10: 48.502444 | FE10: 48.585688 | FF10: 48.314568 | FG10: 47.581885 | FH10: 47.338754 | FI10: 48.136098 | FJ10: 49.329474 | FK10: 50.150422 | FL10: 51.139593 | FM10: 52.555871 | FN10: 52.220187 | FO10: 51.540989 | FP10: 51.223082 | FQ10: 48.430128 | FR10: 46.286031 | FS10: 46.315394 | FT10: 44.650584 | FU10: 43.737543 | FV10: 42.992911 | FW10: 43.098199 | FX10: 42.840377 | FY10: 42.798107 | FZ10: 43.669069 | GA10: 43.339194 | GB10: 43.40493 | GC10: 44.17693 | GD10: 43.916629 | GE10: 44.218149 | GF10: 44.039825 | GG10: 44.18902 | GH10: 44.434713 | GI10: 44.348135 | GJ10: 44.461402 | GK10: 45.214731 | GL10: 45.011377 | GM10: 45.035572 | GN10: 45.095329 | GO10: 44.558335 | GP10: 44.732371 | GQ10: 44.845055 | GR10: 45.507993 | GS10: 46.373142 | GT10: 46.675718 | GU10: 47.266945 | GV10: 47.331577 | GW10: 47.283567 | GX10: 47.406842 | GY10: 47.923322 | GZ10: 48.800258 | HA10: 49.790764 | HB10: 50.474783 | HC10: 50.76234 | HD10: 50.477863 | HE10: 49.964018 | HF10: 49.412312 | HG10: 49.319853 | HH10: 49.322444 | HI10: 49.84331 | HJ10: 49.939495 | HK10: 49.718858 | HL10: 48.733319 | HM10: 47.366503 | HN10: 45.618987 | HO10: 43.768153 | HP10: 42.003486 | HQ10: 40.707686 | HR10: 39.766935 | HS10: 39.613098 | HT10: 39.341164 | HU10: 39.254544 | HV10: 38.987802 | HW10: 38.81272 | HX10: 38.539129 | HY10: 38.225917 | HZ10: 38.019367 | IA10: 38.023122 | IB10: 38.327255 | IC10: 38.818306 | ID10: 39.326468 | IE10: 39.771973 | IF10: 40.179604 | IG10: 40.443836 | IH10: 40.54821 | II10: 40.706794 | IJ10: 40.763225 | IK10: 40.811449 | IL10: 40.814216 | IM10: 40.80391 | IN10: 40.765994 | IO10: 40.700465 | IP10: 40.607331 | IQ10: 40.486585 | IR10: 11.429397 | IS10: 12.00963 | IT10: 12.588765 | IU10: 13.1668 | IV10: 13.743735 | IW10: 14.319569 | IX10: 14.943594 | IY10: 15.493204 | IZ10: 15.983847 | JA10: 16.593488 | JB10: 17.064248 | JC10: 17.473405 | JD10: 17.898876 | JE10: 18.237079 | JF10: 18.585463 | JG10: 18.837812 | JH10: 19.29686 | JI10: 19.659609 | JJ10: 19.962757 | JK10: 20.392837 | JL10: 20.703805 | JM10: 20.944254 | JN10: 21.261631 | JO10: 21.475074 | JP10: 21.67528 | JQ10: 21.874438 | JR10: 22.220116 | JS10: 22.445004 | JT10: 22.581518 | JU10: 22.801194 | JV10: 22.93605 | JW10: 22.989978 | JX10: 23.053519 | JY10: 22.979139 | JZ10: 22.854814 | KA10: 22.725785 | KB10: 22.524293 | KC10: 22.299163 | KD10: 21.939842 | KE10: 21.752694 | KF10: 21.507534 | KG10: 21.323784 | KH10: 21.084004 | KI10: 20.805572 | KJ10: 20.527684 | KK10: 20.273056 | KL10: 19.958822 | KM10: 19.735041 | KN10: 19.346891 | KO10: 19.00924 | KP10: 18.549874 | KQ10: 18.213683 | KR10: 17.732694 | KS10: 17.043216 | KT10: 16.040356 | KU10: 14.677756 | KV10: 13.039822 | KW10: 11.126547 | KX10: 8.9379388 | KY10: 6.4739921 | KZ10: 6.2854123 | LA10: 6.5283796 | LB10: 6.7324622 | LC10: 6.8976602 | LD10: 7.0239722 | LE10: 7.1114002 | LF10: 6.8961507 | LG10: 6.7960989 | LH10: 7.0121746 | LI10: 7.1068297 | LJ10: 7.3795815 | LK10: 7.6113318 | LL10: 7.7896107 | LM10: 7.9339879 | LN10: 8.0474305 | LO10: 8.1482988 | LP10: 8.2554603 | LQ10: 8.4090782 | LR10: 8.5100932 | LS10: 8.6667447 | LT10: 8.8378271 | LU10: 9.0255666 | LV10: 9.1960654 | LW10: 9.3821598 | LX10: 9.5369688 | LY10: 9.7050787 | LZ10: 9.8695256 | MA10: 10.019345 | MB10: 10.16078 | MC10: 10.293395 | MD10: 10.395196 | ME10: 10.510787 | MF10: 10.618618 | MG10: 10.770597 | MH10: 10.984632 | MI10: 11.253178 | MJ10: 11.476223 | MK10: 11.667408 | ML10: 11.795971 | MM10: 11.832871 | MN10: 11.803627 | MO10: 11.736785 | MP10: 11.656076 | MQ10: 11.614626 | MR10: 11.62962 | MS10: 11.619429 | MT10: 11.536144 | MU10: 11.356492 | MV10: 11.171864 | MW10: 10.938121 | MX10: 10.703844 | MY10: 10.469096 | MZ10: 10.268338 | NA10: 10.082083 | NB10: 9.8757083 | NC10: 9.6992566 | ND10: 9.5451248 | NE10: 9.3301808 | NF10: 9.1409733 | NG10: 8.9701171 | NH10: 8.8365761 | NI10: 8.7521609 | NJ10: 8.7208822 | NK10: 8.6461012 | NL10: 8.4499118 | NM10: 8.4334287 | NN10: 8.4102876 | NO10: 8.3537173 | NP10: 8.3453939 | NQ10: 8.3373736 | NR10: 8.2894463 | NS10: 8.2378339 | NT10: 8.1825359 | NU10: 8.1235517 | NV10: 8.060883
A11: 9 | B11: H-509_NEG | C11: 0.92527834 | D11: 1.0124643 | E11: 1.0916914 | F11: 1.1629596 | G11: 1.226269 | H11: 1.2816193 | I11: 1.3143995 | J11: 1.346199 | K11: 1.3938267 | L11: 1.4315848 | M11: 1.4651592 | N11: 1.4884751 | O11: 1.5004647 | P11: 1.5165351 | Q11: 1.5488408 | R11: 1.5660777 | S11: 1.5704935 | T11: 1.5725293 | U11: 1.5691409 | V11: 1.5761923 | W11: 1.5944263 | X11: 1.5994553 | Y11: 1.6241806 | Z11: 1.6566865 | AA11: 1.6859469 | AB11: 1.7083772 | AC11: 1.7380972 | AD11: 1.7754167 | AE11: 1.8187233 | AF11: 1.8925187 | AG11: 1.9892238 | AH11: 2.1171259 | AI11: 2.323144 | AJ11: 2.5571359 | AK11: 2.8339722 | AL11: 3.1696887 | AM11: 3.5481466 | AN11: 3.947112 | AO11: 4.3380808 | AP11: 4.7049903 | AQ11: 5.0153019 | AR11: 5.2780558 | AS11: 5.4898278 | AT11: 5.6403117 | AU11: 5.7839163 | AV11: 5.8920649 | AW11: 5.9427303 | AX11: 5.960893 | AY11: 5.9136833 | AZ11: 5.8120221 | BA11: 5.6346425 | BB11: 5.3982473 | BC11: 5.1378441 | BD11: 4.9492431 | BE11: 4.7865315 | BF11: 4.6354816 | BG11: 4.5009845 | BH11: 4.4069492 | BI11: 4.3227984 | BJ11: 4.2619702 | BK11: 4.1934289 | BL11: 4.1277066 | BM11: 4.0659515 | BN11: 4.0278909 | BO11: 3.9559602 | BP11: 3.8889782 | BQ11: 3.8132248 | BR11: 3.7482761 | BS11: 3.6871257 | BT11: 3.6471421 | BU11: 3.6122742 | BV11: 3.5949036 | BW11: 3.553361 | BX11: 3.4749492 | BY11: 3.4128006 | BZ11: 3.3186465 | CA11: 3.2037962 | CB11: 3.0862057 | CC11: 2.9679399 | CD11: 2.866801 | CE11: 2.7835241 | CF11: 2.7255036 | CG11: 2.66023 | CH11: 2.6112117 | CI11: 2.6663695 | CJ11: 2.6974299 | CK11: 2.7533558 | CL11: 2.8661652 | CM11: 3.1525678 | CN11: 3.6208365 | CO11: 4.3236969 | CP11: 5.2821339 | CQ11: 6.3935785 | CR11: 7.9052174 | CS11: 9.9036873 | CT11: 11.784171 | CU11: 13.820586 | CV11: 15.966536 | CW11: 18.054846 | CX11: 20.039785 | CY11: 21.970291 | CZ11: 23.739876 | DA11: 25.30795 | DB11: 26.940294 | DC11: 28.490607 | DD11: 29.677566 | DE11: 30.640966 | DF11: 31.272569 | DG11: 31.983273 | DH11: 32.677786 | DI11: 33.246679 | DJ11: 33.664662 | DK11: 34.009144 | DL11: 34.343626 | DM11: 34.596593 | DN11: 34.774559 | DO11: 34.684047 | DP11: 34.61829 | DQ11: 34.916501 | DR11: 35.137045 | DS11: 35.253711 | DT11: 35.354133 | DU11: 35.425323 | DV11: 35.411785 | DW11: 35.44056 | DX11: 35.615103 | DY11: 35.715531 | DZ11: 35.987559 | EA11: 36.257417 | EB11: 36.474361 | EC11: 36.662068 | ED11: 36.776203 | EE11: 36.840146 | EF11: 36.857073 | EG11: 36.966017 | EH11: 37.179551 | EI11: 37.234755 | EJ11: 37.494075 | EK11: 37.652507 | EL11: 37.690338 | EM11: 37.790638 | EN11: 37.971225 | EO11: 38.072409 | EP11: 38.184247 | EQ11: 38.263072 | ER11: 38.391035 | ES11: 38.487574 | ET11: 38.681219 | EU11: 38.778382 | EV11: 38.755316 | EW11: 38.81536 | EX11: 39.176774 | EY11: 39.308496 | EZ11: 39.413219 | FA11: 39.649218 | FB11: 39.879589 | FC11: 40.228611 | FD11: 40.455873 | FE11: 40.596227 | FF11: 40.473312 | FG11: 40.031294 | FH11: 39.950431 | FI11: 40.582148 | FJ11: 41.590253 | FK11: 42.287219 | FL11: 43.130954 | FM11: 44.255447 | FN11: 44.101377 | FO11: 43.668339 | FP11: 43.522404 | FQ11: 41.449321 | FR11: 39.833319 | FS11: 39.868543 | FT11: 38.555614 | FU11: 37.793259 | FV11: 37.186905 | FW11: 37.248003 | FX11: 37.139684 | FY11: 37.165864 | FZ11: 37.910727 | GA11: 37.688066 | GB11: 37.788775 | GC11: 38.462247 | GD11: 38.229425 | GE11: 38.50298 | GF11: 38.393229 | GG11: 38.572783 | GH11: 38.826823 | GI11: 38.769999 | GJ11: 38.898101 | GK11: 39.501619 | GL11: 39.400252 | GM11: 39.469808 | GN11: 39.555158 | GO11: 39.193196 | GP11: 39.370996 | GQ11: 39.571766 | GR11: 40.176308 | GS11: 40.93396 | GT11: 41.252897 | GU11: 41.761485 | GV11: 41.831948 | GW11: 41.79014 | GX11: 41.866159 | GY11: 42.295139 | GZ11: 43.055 | HA11: 43.951311 | HB11: 44.584348 | HC11: 44.903875 | HD11: 44.706763 | HE11: 44.316509 | HF11: 43.911034 | HG11: 43.815602 | HH11: 43.720657 | HI11: 44.112345 | HJ11: 44.141483 | HK11: 44.049421 | HL11: 43.263113 | HM11: 42.176337 | HN11: 40.814153 | HO11: 39.43938 | HP11: 38.17977 | HQ11: 37.221442 | HR11: 36.528982 | HS11: 36.531289 | HT11: 36.390952 | HU11: 36.464093 | HV11: 36.255199 | HW11: 36.112379 | HX11: 35.865127 | HY11: 35.599761 | HZ11: 35.42683 | IA11: 35.443932 | IB11: 35.738296 | IC11: 36.221147 | ID11: 36.703747 | IE11: 37.129418 | IF11: 37.537902 | IG11: 37.81023 | IH11: 37.890076 | II11: 38.04253 | IJ11: 38.093128 | IK11: 38.138694 | IL11: 38.165789 | IM11: 38.170441 | IN11: 38.152775 | IO11: 38.112784 | IP11: 38.050469 | IQ11: 37.965834 | IR11: 12.23597 | IS11: 12.801827 | IT11: 13.364079 | IU11: 13.922728 | IV11: 14.477774 | IW11: 15.029216 | IX11: 15.606756 | IY11: 16.134722 | IZ11: 16.613847 | JA11: 17.190671 | JB11: 17.645046 | JC11: 18.005779 | JD11: 18.403909 | JE11: 18.710357 | JF11: 19.014028 | JG11: 19.256061 | JH11: 19.682651 | JI11: 20.032809 | JJ11: 20.327957 | JK11: 20.717738 | JL11: 21.031484 | JM11: 21.248952 | JN11: 21.551393 | JO11: 21.775888 | JP11: 21.953427 | JQ11: 22.150661 | JR11: 22.492641 | JS11: 22.697117 | JT11: 22.817913 | JU11: 23.019697 | JV11: 23.144365 | JW11: 23.182433 | JX11: 23.245133 | JY11: 23.169246 | JZ11: 23.028543 | KA11: 22.910885 | KB11: 22.714202 | KC11: 22.474553 | KD11: 22.135207 | KE11: 21.952886 | KF11: 21.69365 | KG11: 21.536078 | KH11: 21.320425 | KI11: 21.048216 | KJ11: 20.809715 | KK11: 20.607358 | KL11: 20.308255 | KM11: 20.112584 | KN11: 19.755574 | KO11: 19.428955 | KP11: 18.995394 | KQ11: 18.700453 | KR11: 18.254865 | KS11: 17.593095 | KT11: 16.614844 | KU11: 15.238669 | KV11: 13.567996 | KW11: 11.602823 | KX11: 9.3431496 | KY11: 6.7889759 | KZ11: 6.896132 | LA11: 7.1477944 | LB11: 7.3632538 | LC11: 7.5425128 | LD11: 7.68557 | LE11: 7.7924262 | LF11: 7.6147723 | LG11: 7.5769168 | LH11: 7.8016018 | LI11: 7.8860299 | LJ11: 8.1541506 | LK11: 8.3731139 | LL11: 8.5277552 | LM11: 8.6526577 | LN11: 8.7533338 | LO11: 8.842807 | LP11: 8.9497399 | LQ11: 9.1027323 | LR11: 9.2041692 | LS11: 9.3508517 | LT11: 9.5238142 | LU11: 9.6949431 | LV11: 9.8569842 | LW11: 10.025814 | LX11: 10.16739 | LY11: 10.323397 | LZ11: 10.478603 | MA11: 10.602667 | MB11: 10.732462 | MC11: 10.8572 | MD11: 10.945523 | ME11: 11.053206 | MF11: 11.14716 | MG11: 11.291034 | MH11: 11.516449 | MI11: 11.788225 | MJ11: 12.003266 | MK11: 12.197168 | ML11: 12.309362 | MM11: 12.357784 | MN11: 12.316442 | MO11: 12.2288 | MP11: 12.138021 | MQ11: 12.091114 | MR11: 12.125235 | MS11: 12.11562 | MT11: 12.000956 | MU11: 11.82898 | MV11: 11.614934 | MW11: 11.380335 | MX11: 11.119928 | MY11: 10.858434 | MZ11: 10.648246 | NA11: 10.440126 | NB11: 10.249615 | NC11: 10.054901 | ND11: 9.8746958 | NE11: 9.667478 | NF11: 9.4849907 | NG11: 9.3338326 | NH11: 9.2165091 | NI11: 9.1329119 | NJ11: 9.0839179 | NK11: 9.0112811 | NL11: 8.8588764 | NM11: 8.8320806 | NN11: 8.833529 | NO11: 8.7634524 | NP11: 8.766337 | NQ11: 8.7749036 | NR11: 8.7245972 | NS11: 8.6628726 | NT11: 8.5897304 | NU11: 8.5051705 | NV11: 8.4091943
A12: 10 | B12: L-108_NEG | C12: 1.6660631 | D12: 1.7633451 | E12: 1.8569225 | F12: 1.9467958 | G12: 2.0329647 | H12: 2.1154291 | I12: 2.1618826 | J12: 2.2246507 | K12: 2.3259188 | L12: 2.4231195 | M12: 2.518298 | N12: 2.5863721 | O12: 2.6387906 | P12: 2.6973055 | Q12: 2.7483844 | R12: 2.7902485 | S12: 2.8028657 | T12: 2.8066465 | U12: 2.8189492 | V12: 2.8253081 | W12: 2.8517748 | X12: 2.8726287 | Y12: 2.9333178 | Z12: 2.9842065 | AA12: 3.0245504 | AB12: 3.0704448 | AC12: 3.1266757 | AD12: 3.1873658 | AE12: 3.2556955 | AF12: 3.3355252 | AG12: 3.4613227 | AH12: 3.5934889 | AI12: 3.8166395 | AJ12: 4.0630484 | AK12: 4.3387007 | AL12: 4.6852088 | AM12: 5.0909014 | AN12: 5.5228588 | AO12: 5.964526 | AP12: 6.374768 | AQ12: 6.7097952 | AR12: 6.9952173 | AS12: 7.2279028 | AT12: 7.3839478 | AU12: 7.529933 | AV12: 7.6599938 | AW12: 7.7348568 | AX12: 7.7939181 | AY12: 7.7816773 | AZ12: 7.7240784 | BA12: 7.5809795 | BB12: 7.4044985 | BC12: 7.1788715 | BD12: 7.0268546 | BE12: 6.9164595 | BF12: 6.8137701 | BG12: 6.7063885 | BH12: 6.6426213 | BI12: 6.5736551 | BJ12: 6.5580034 | BK12: 6.5145743 | BL12: 6.4860192 | BM12: 6.4381486 | BN12: 6.4086831 | BO12: 6.3363141 | BP12: 6.2749944 | BQ12: 6.2120079 | BR12: 6.1609629 | BS12: 6.1219125 | BT12: 6.1111255 | BU12: 6.0850521 | BV12: 6.0741318 | BW12: 6.0597533 | BX12: 5.9861662 | BY12: 5.9426035 | BZ12: 5.8641186 | CA12: 5.7591918 | CB12: 5.6515081 | CC12: 5.5533449 | CD12: 5.4767284 | CE12: 5.4044332 | CF12: 5.3589543 | CG12: 5.2949746 | CH12: 5.2484545 | CI12: 5.3526382 | CJ12: 5.4047057 | CK12: 5.4678471 | CL12: 5.5752218 | CM12: 5.8728032 | CN12: 6.3759869 | CO12: 7.0847521 | CP12: 8.0509227 | CQ12: 9.120087 | CR12: 10.700851 | CS12: 12.741486 | CT12: 14.617358 | CU12: 16.601672 | CV12: 18.70467 | CW12: 20.754509 | CX12: 22.767806 | CY12: 24.712977 | CZ12: 26.579763 | DA12: 28.280167 | DB12: 30.122936 | DC12: 31.820397 | DD12: 33.11781 | DE12: 34.220826 | DF12: 35.023967 | DG12: 35.827636 | DH12: 36.634734 | DI12: 37.238473 | DJ12: 37.72681 | DK12: 38.056903 | DL12: 38.354274 | DM12: 38.583553 | DN12: 38.724141 | DO12: 38.628925 | DP12: 38.606978 | DQ12: 38.904793 | DR12: 39.124227 | DS12: 39.170466 | DT12: 39.269393 | DU12: 39.241459 | DV12: 39.235715 | DW12: 39.310822 | DX12: 39.455265 | DY12: 39.567502 | DZ12: 39.819456 | EA12: 40.069868 | EB12: 40.221222 | EC12: 40.300462 | ED12: 40.382873 | EE12: 40.376391 | EF12: 40.498552 | EG12: 40.559072 | EH12: 40.733267 | EI12: 40.907037 | EJ12: 41.142447 | EK12: 41.351607 | EL12: 41.370784 | EM12: 41.539482 | EN12: 41.68337 | EO12: 41.790559 | EP12: 41.955932 | EQ12: 41.872915 | ER12: 41.928768 | ES12: 42.03731 | ET12: 42.111917 | EU12: 42.213935 | EV12: 42.295684 | EW12: 42.439115 | EX12: 42.663828 | EY12: 42.795098 | EZ12: 42.894852 | FA12: 43.056892 | FB12: 43.257678 | FC12: 43.522979 | FD12: 43.634906 | FE12: 43.592538 | FF12: 43.53912 | FG12: 43.20023 | FH12: 43.099442 | FI12: 43.40099 | FJ12: 44.299911 | FK12: 44.874133 | FL12: 45.800489 | FM12: 47.02166 | FN12: 46.877256 | FO12: 46.05752 | FP12: 46.038741 | FQ12: 43.876545 | FR12: 42.147015 | FS12: 41.977063 | FT12: 40.509596 | FU12: 39.804492 | FV12: 39.087442 | FW12: 39.280279 | FX12: 39.500432 | FY12: 39.325757 | FZ12: 40.191043 | GA12: 40.071548 | GB12: 40.334582 | GC12: 40.910888 | GD12: 40.680225 | GE12: 40.731569 | GF12: 40.498688 | GG12: 40.61099 | GH12: 40.973136 | GI12: 41.07839 | GJ12: 41.276429 | GK12: 42.195182 | GL12: 41.941953 | GM12: 41.697747 | GN12: 41.67934 | GO12: 40.729603 | GP12: 40.725686 | GQ12: 40.325441 | GR12: 40.683577 | GS12: 41.537483 | GT12: 41.676764 | GU12: 42.295212 | GV12: 42.325536 | GW12: 42.179603 | GX12: 42.159181 | GY12: 42.46989 | GZ12: 43.162666 | HA12: 44.035569 | HB12: 44.708261 | HC12: 45.03375 | HD12: 44.860099 | HE12: 44.476747 | HF12: 44.053152 | HG12: 43.936228 | HH12: 43.980004 | HI12: 44.513532 | HJ12: 44.788434 | HK12: 44.933869 | HL12: 44.349496 | HM12: 43.420635 | HN12: 42.194436 | HO12: 40.895176 | HP12: 39.644013 | HQ12: 38.741285 | HR12: 38.125881 | HS12: 38.163267 | HT12: 38.109077 | HU12: 38.235434 | HV12: 38.046053 | HW12: 37.929279 | HX12: 37.6904 | HY12: 37.406966 | HZ12: 37.205441 | IA12: 37.208788 | IB12: 37.440208 | IC12: 37.888021 | ID12: 38.349037 | IE12: 38.76627 | IF12: 39.145673 | IG12: 39.393724 | IH12: 39.458252 | II12: 39.572845 | IJ12: 39.594002 | IK12: 39.645406 | IL12: 39.652134 | IM12: 39.667214 | IN12: 39.672187 | IO12: 39.667056 | IP12: 39.651818 | IQ12: 39.626473 | IR12: 15.58533 | IS12: 16.182346 | IT12: 16.769138 | IU12: 17.345706 | IV12: 17.912049 | IW12: 18.468166 | IX12: 19.062074 | IY12: 19.561694 | IZ12: 19.988636 | JA12: 20.580533 | JB12: 21.013054 | JC12: 21.377393 | JD12: 21.760953 | JE12: 22.055632 | JF12: 22.358975 | JG12: 22.537638 | JH12: 22.961212 | JI12: 23.272763 | JJ12: 23.53174 | JK12: 23.943121 | JL12: 24.240298 | JM12: 24.444733 | JN12: 24.742639 | JO12: 24.95923 | JP12: 25.114518 | JQ12: 25.293146 | JR12: 25.65322 | JS12: 25.862798 | JT12: 25.993727 | JU12: 26.219859 | JV12: 26.368043 | JW12: 26.42313 | JX12: 26.520131 | JY12: 26.486566 | JZ12: 26.353555 | KA12: 26.2537 | KB12: 26.111414 | KC12: 25.887965 | KD12: 25.54793 | KE12: 25.377074 | KF12: 25.130399 | KG12: 24.967107 | KH12: 24.766177 | KI12: 24.51084 | KJ12: 24.24185 | KK12: 24.055971 | KL12: 23.789302 | KM12: 23.609073 | KN12: 23.258808 | KO12: 22.940093 | KP12: 22.484624 | KQ12: 22.214524 | KR12: 21.783929 | KS12: 21.055461 | KT12: 19.902577 | KU12: 18.207135 | KV12: 16.116541 | KW12: 13.630799 | KX12: 10.749907 | KY12: 7.4738658 | KZ12: 10.160532 | LA12: 10.370912 | LB12: 10.562417 | LC12: 10.735046 | LD12: 10.888797 | LE12: 11.023673 | LF12: 10.890757 | LG12: 11.006974 | LH12: 11.255338 | LI12: 11.374971 | LJ12: 11.682818 | LK12: 11.886553 | LL12: 12.080691 | LM12: 12.240027 | LN12: 12.364154 | LO12: 12.459182 | LP12: 12.585332 | LQ12: 12.766135 | LR12: 12.833204 | LS12: 13.005076 | LT12: 13.15043 | LU12: 13.327123 | LV12: 13.5056 | LW12: 13.712524 | LX12: 13.85674 | LY12: 14.023666 | LZ12: 14.183569 | MA12: 14.326917 | MB12: 14.41551 | MC12: 14.509581 | MD12: 14.546424 | ME12: 14.685297 | MF12: 14.747931 | MG12: 14.978418 | MH12: 15.261673 | MI12: 15.547304 | MJ12: 15.77375 | MK12: 15.893583 | ML12: 15.918138 | MM12: 15.927854 | MN12: 15.79972 | MO12: 15.749643 | MP12: 15.599876 | MQ12: 15.669039 | MR12: 15.734109 | MS12: 15.741409 | MT12: 15.657469 | MU12: 15.357144 | MV12: 15.106535 | MW12: 14.869893 | MX12: 14.631865 | MY12: 14.406345 | MZ12: 14.162782 | NA12: 14.014356 | NB12: 13.770339 | NC12: 13.627837 | ND12: 13.444262 | NE12: 13.154452 | NF12: 12.963967 | NG12: 12.840582 | NH12: 12.711266 | NI12: 12.663576 | NJ12: 12.548257 | NK12: 12.385932 | NL12: 12.088795 | NM12: 12.188545 | NN12: 12.261304 | NO12: 12.231222 | NP12: 12.321907 | NQ12: 12.41217 | NR12: 12.346212 | NS12: 12.228565 | NT12: 12.05923 | NU12: 11.838207 | NV12: 11.565497
A13: 11 | B13: L-111_NEG | C13: 1.4328549 | D13: 1.5649602 | E13: 1.6870581 | F13: 1.7991485 | G13: 1.9012315 | H13: 1.9933073 | I13: 2.0579116 | J13: 2.1220987 | K13: 2.2106824 | L13: 2.2777036 | M13: 2.3414223 | N13: 2.3868484 | O13: 2.4161293 | P13: 2.4482208 | Q13: 2.491658 | R13: 2.5154543 | S13: 2.5183274 | T13: 2.5208446 | U13: 2.5180196 | V13: 2.5268379 | W13: 2.5569232 | X13: 2.5648279 | Y13: 2.6039901 | Z13: 2.6512613 | AA13: 2.6972148 | AB13: 2.7303239 | AC13: 2.7720601 | AD13: 2.813581 | AE13: 2.862879 | AF13: 2.9494377 | AG13: 3.0579358 | AH13: 3.1855689 | AI13: 3.3994161 | AJ13: 3.6366799 | AK13: 3.9113513 | AL13: 4.2568744 | AM13: 4.6484239 | AN13: 5.0680304 | AO13: 5.4902908 | AP13: 5.8962514 | AQ13: 6.2401567 | AR13: 6.5314785 | AS13: 6.7652504 | AT13: 6.9354364 | AU13: 7.0958496 | AV13: 7.2232438 | AW13: 7.2817943 | AX13: 7.3250776 | AY13: 7.2969566 | AZ13: 7.2185147 | BA13: 7.0557009 | BB13: 6.8275943 | BC13: 6.5712098 | BD13: 6.4126333 | BE13: 6.2730201 | BF13: 6.1389925 | BG13: 6.0184642 | BH13: 5.9453461 | BI13: 5.8753054 | BJ13: 5.8323066 | BK13: 5.774924 | BL13: 5.7219206 | BM13: 5.6711154 | BN13: 5.6534124 | BO13: 5.5878158 | BP13: 5.5317999 | BQ13: 5.4630839 | BR13: 5.3992372 | BS13: 5.3371122 | BT13: 5.3009001 | BU13: 5.2715812 | BV13: 5.2802102 | BW13: 5.2628906 | BX13: 5.2084645 | BY13: 5.1943135 | BZ13: 5.134333 | CA13: 5.03883 | CB13: 4.9313513 | CC13: 4.817007 | CD13: 4.7192159 | CE13: 4.6408303 | CF13: 4.5962138 | CG13: 4.5347576 | CH13: 4.4987501 | CI13: 4.615015 | CJ13: 4.6732406 | CK13: 4.7369877 | CL13: 4.8385602 | CM13: 5.1088395 | CN13: 5.540994 | CO13: 6.1922848 | CP13: 7.0892882 | CQ13: 8.1330975 | CR13: 9.6451756 | CS13: 11.739279 | CT13: 13.701215 | CU13: 15.886714 | CV13: 18.249728 | CW13: 20.592207 | CX13: 22.896997 | CY13: 25.221015 | CZ13: 27.433248 | DA13: 29.478099 | DB13: 31.658341 | DC13: 33.745095 | DD13: 35.378602 | DE13: 36.776729 | DF13: 37.823527 | DG13: 38.796862 | DH13: 39.672659 | DI13: 40.366464 | DJ13: 40.858094 | DK13: 41.248021 | DL13: 41.616144 | DM13: 41.854191 | DN13: 42.013377 | DO13: 41.929188 | DP13: 41.884714 | DQ13: 42.125413 | DR13: 42.257544 | DS13: 42.306756 | DT13: 42.341105 | DU13: 42.360745 | DV13: 42.30764 | DW13: 42.317472 | DX13: 42.456141 | DY13: 42.554944 | DZ13: 42.775717 | EA13: 43.018235 | EB13: 43.178138 | EC13: 43.289953 | ED13: 43.347538 | EE13: 43.380661 | EF13: 43.37377 | EG13: 43.474766 | EH13: 43.663105 | EI13: 43.755027 | EJ13: 44.007323 | EK13: 44.169486 | EL13: 44.165724 | EM13: 44.221484 | EN13: 44.364953 | EO13: 44.420569 | EP13: 44.46665 | EQ13: 44.475644 | ER13: 44.5362 | ES13: 44.580731 | ET13: 44.713467 | EU13: 44.748729 | EV13: 44.693395 | EW13: 44.687212 | EX13: 44.932307 | EY13: 44.982566 | EZ13: 44.988832 | FA13: 45.104899 | FB13: 45.240273 | FC13: 45.467732 | FD13: 45.591586 | FE13: 45.658559 | FF13: 45.507422 | FG13: 45.072374 | FH13: 44.938941 | FI13: 45.459125 | FJ13: 46.235582 | FK13: 46.806993 | FL13: 47.512141 | FM13: 48.348047 | FN13: 48.134804 | FO13: 47.716931 | FP13: 47.645223 | FQ13: 45.797992 | FR13: 44.281256 | FS13: 44.273463 | FT13: 42.915727 | FU13: 42.110239 | FV13: 41.384112 | FW13: 41.277376 | FX13: 41.232255 | FY13: 41.291845 | FZ13: 42.058946 | GA13: 41.918363 | GB13: 42.101181 | GC13: 42.774898 | GD13: 42.559029 | GE13: 42.780568 | GF13: 42.672029 | GG13: 42.869096 | GH13: 43.149539 | GI13: 43.097503 | GJ13: 43.245671 | GK13: 43.824936 | GL13: 43.756782 | GM13: 43.786543 | GN13: 43.815225 | GO13: 43.399369 | GP13: 43.526319 | GQ13: 43.725339 | GR13: 44.351057 | GS13: 45.130661 | GT13: 45.491278 | GU13: 45.95569 | GV13: 45.949609 | GW13: 45.787769 | GX13: 45.73125 | GY13: 46.05259 | GZ13: 46.770229 | HA13: 47.673028 | HB13: 48.365612 | HC13: 48.710585 | HD13: 48.494179 | HE13: 48.056762 | HF13: 47.57306 | HG13: 47.378653 | HH13: 47.172253 | HI13: 47.544346 | HJ13: 47.577212 | HK13: 47.664927 | HL13: 46.947868 | HM13: 45.938947 | HN13: 44.642549 | HO13: 43.343161 | HP13: 42.121782 | HQ13: 41.143683 | HR13: 40.389447 | HS13: 40.365126 | HT13: 40.193619 | HU13: 40.349193 | HV13: 40.046244 | HW13: 39.864764 | HX13: 39.577907 | HY13: 39.293933 | HZ13: 39.098527 | IA13: 39.102273 | IB13: 39.375256 | IC13: 39.852411 | ID13: 40.345972 | IE13: 40.790254 | IF13: 41.190984 | IG13: 41.431449 | IH13: 41.487801 | II13: 41.61778 | IJ13: 41.642629 | IK13: 41.660169 | IL13: 41.654447 | IM13: 41.638371 | IN13: 41.60494 | IO13: 41.554143 | IP13: 41.485989 | IQ13: 41.400477 | IR13: 14.65756 | IS13: 15.274412 | IT13: 15.886181 | IU13: 16.49286 | IV13: 17.094456 | IW13: 17.690968 | IX13: 18.325669 | IY13: 18.887487 | IZ13: 19.379098 | JA13: 20.022326 | JB13: 20.482809 | JC13: 20.886909 | JD13: 21.315398 | JE13: 21.639703 | JF13: 21.987671 | JG13: 22.214344 | JH13: 22.688611 | JI13: 23.057547 | JJ13: 23.33844 | JK13: 23.766893 | JL13: 24.061387 | JM13: 24.285036 | JN13: 24.595248 | JO13: 24.796132 | JP13: 24.97574 | JQ13: 25.181056 | JR13: 25.550816 | JS13: 25.788339 | JT13: 25.926463 | JU13: 26.173162 | JV13: 26.331186 | JW13: 26.399475 | JX13: 26.486613 | JY13: 26.439837 | JZ13: 26.326633 | KA13: 26.226684 | KB13: 26.041336 | KC13: 25.81173 | KD13: 25.448825 | KE13: 25.265029 | KF13: 25.013914 | KG13: 24.827441 | KH13: 24.592389 | KI13: 24.318824 | KJ13: 24.033677 | KK13: 23.802696 | KL13: 23.487282 | KM13: 23.242783 | KN13: 22.832105 | KO13: 22.469373 | KP13: 21.984694 | KQ13: 21.649094 | KR13: 21.171974 | KS13: 20.456589 | KT13: 19.396755 | KU13: 17.911054 | KV13: 16.11121 | KW13: 13.997226 | KX13: 11.569097 | KY13: 8.8268275 | KZ13: 9.3323514 | LA13: 9.5717165 | LB13: 9.785747 | LC13: 9.9744429 | LD13: 10.137804 | LE13: 10.275829 | LF13: 10.130217 | LG13: 10.19253 | LH13: 10.41815 | LI13: 10.561717 | LJ13: 10.90925 | LK13: 11.169685 | LL13: 11.363896 | LM13: 11.492013 | LN13: 11.573587 | LO13: 11.666515 | LP13: 11.776195 | LQ13: 11.944142 | LR13: 12.027938 | LS13: 12.192263 | LT13: 12.374638 | LU13: 12.571731 | LV13: 12.754173 | LW13: 12.9534 | LX13: 13.116485 | LY13: 13.31736 | LZ13: 13.494027 | MA13: 13.640193 | MB13: 13.799874 | MC13: 13.939556 | MD13: 14.031135 | ME13: 14.145005 | MF13: 14.229667 | MG13: 14.38552 | MH13: 14.631352 | MI13: 14.932755 | MJ13: 15.141092 | MK13: 15.300618 | ML13: 15.398684 | MM13: 15.396167 | MN13: 15.30421 | MO13: 15.188617 | MP13: 15.067143 | MQ13: 15.039173 | MR13: 15.100455 | MS13: 15.136479 | MT13: 15.041187 | MU13: 14.854228 | MV13: 14.637715 | MW13: 14.390785 | MX13: 14.136399 | MY13: 13.885449 | MZ13: 13.6901 | NA13: 13.501482 | NB13: 13.296689 | NC13: 13.154127 | ND13: 12.982254 | NE13: 12.714569 | NF13: 12.481588 | NG13: 12.30807 | NH13: 12.148064 | NI13: 12.06799 | NJ13: 12.022443 | NK13: 11.910108 | NL13: 11.696396 | NM13: 11.761677 | NN13: 11.778675 | NO13: 11.7229 | NP13: 11.701394 | NQ13: 11.731192 | NR13: 11.671112 | NS13: 11.591309 | NT13: 11.491782 | NU13: 11.372533 | NV13: 11.233559
... A35: 33 | B35: L-511_POS | C35: 1.124856 | D35: 1.2099353 | E35: 1.2906786 | F35: 1.3670856 | G35: 1.4391565 | H35: 1.5068913 | I35: 1.5543486 | J35: 1.5916286 | K35: 1.6757005 | L35: 1.7262389 | M35: 1.7675416 | N35: 1.7997338 | O35: 1.8029108 | P35: 1.8096199 | Q35: 1.822916 | R35: 1.8415829 | S35: 1.8469822 | T35: 1.838973 | U35: 1.8343013 | V35: 1.8174822 | W35: 1.8286797 | X35: 1.8233916 | Y35: 1.8431673 | Z35: 1.8621524 | AA35: 1.8804568 | AB35: 1.9019769 | AC35: 1.9316777 | AD35: 1.9662395 | AE35: 2.0012074 | AF35: 2.0640898 | AG35: 2.1603451 | AH35: 2.2816909 | AI35: 2.4838367 | AJ35: 2.7190946 | AK35: 3.0144024 | AL35: 3.3825455 | AM35: 3.8124441 | AN35: 4.2784049 | AO35: 4.7475293 | AP35: 5.1826108 | AQ35: 5.5651118 | AR35: 5.8839442 | AS35: 6.1352857 | AT35: 6.3187319 | AU35: 6.4786199 | AV35: 6.5844371 | AW35: 6.618796 | AX35: 6.626002 | AY35: 6.5392501 | AZ35: 6.3610471 | BA35: 6.1179218 | BB35: 5.8051116 | BC35: 5.4749934 | BD35: 5.2169876 | BE35: 4.9799506 | BF35: 4.7644943 | BG35: 4.5743211 | BH35: 4.4524142 | BI35: 4.3309088 | BJ35: 4.2535445 | BK35: 4.1750539 | BL35: 4.1001409 | BM35: 4.0394103 | BN35: 3.983484 | BO35: 3.8779195 | BP35: 3.7856499 | BQ35: 3.6854426 | BR35: 3.6038869 | BS35: 3.5227098 | BT35: 3.48128 | BU35: 3.4397246 | BV35: 3.4138966 | BW35: 3.3729254 | BX35: 3.2829657 | BY35: 3.21053 | BZ35: 3.11759 | CA35: 3.0056597 | CB35: 2.8918066 | CC35: 2.7718455 | CD35: 2.6714614 | CE35: 2.5808587 | CF35: 2.5136935 | CG35: 2.4465249 | CH35: 2.4000928 | CI35: 2.4551937 | CJ35: 2.4837484 | CK35: 2.5273485 | CL35: 2.6133178 | CM35: 2.8564857 | CN35: 3.3027194 | CO35: 4.0118726 | CP35: 5.0607678 | CQ35: 6.3420067 | CR35: 8.1691132 | CS35: 10.632159 | CT35: 13.023081 | CU35: 15.695621 | CV35: 18.645766 | CW35: 21.557294 | CX35: 24.52184 | CY35: 27.535085 | CZ35: 30.490944 | DA35: 33.307205 | DB35: 36.242617 | DC35: 39.091291 | DD35: 41.315704 | DE35: 43.154816 | DF35: 44.681381 | DG35: 45.983988 | DH35: 47.077972 | DI35: 47.879913 | DJ35: 48.45811 | DK35: 48.88267 | DL35: 49.278198 | DM35: 49.596537 | DN35: 49.761393 | DO35: 49.674866 | DP35: 49.744578 | DQ35: 49.994853 | DR35: 50.110077 | DS35: 50.147105 | DT35: 50.165655 | DU35: 50.128764 | DV35: 50.068146 | DW35: 50.162516 | DX35: 50.360916 | DY35: 50.474701 | DZ35: 50.751872 | EA35: 51.043976 | EB35: 51.249715 | EC35: 51.432785 | ED35: 51.463226 | EE35: 51.521072 | EF35: 51.611262 | EG35: 51.834371 | EH35: 52.035777 | EI35: 52.113118 | EJ35: 52.423833 | EK35: 52.612996 | EL35: 52.556793 | EM35: 52.656372 | EN35: 52.839671 | EO35: 52.967733 | EP35: 53.148361 | EQ35: 53.249593 | ER35: 53.346812 | ES35: 53.399002 | ET35: 53.514638 | EU35: 53.55542 | EV35: 53.451681 | EW35: 53.507436 | EX35: 53.763601 | EY35: 53.754532 | EZ35: 53.679688 | FA35: 53.692464 | FB35: 53.736689 | FC35: 53.858927 | FD35: 53.858968 | FE35: 53.880514 | FF35: 53.838399 | FG35: 53.492432 | FH35: 53.543432 | FI35: 54.003306 | FJ35: 54.811564 | FK35: 55.36557 | FL35: 56.175252 | FM35: 57.491018 | FN35: 56.757935 | FO35: 55.866186 | FP35: 56.100087 | FQ35: 53.52003 | FR35: 51.492574 | FS35: 51.490173 | FT35: 49.507996 | FU35: 48.842896 | FV35: 47.882014 | FW35: 47.847992 | FX35: 47.786774 | FY35: 47.587199 | FZ35: 48.802587 | GA35: 48.712606 | GB35: 48.730499 | GC35: 49.852514 | GD35: 49.726247 | GE35: 50.071075 | GF35: 49.791117 | GG35: 49.655909 | GH35: 50.051275 | GI35: 49.852793 | GJ35: 49.907369 | GK35: 50.996399 | GL35: 50.427027 | GM35: 50.408076 | GN35: 50.438792 | GO35: 49.27656 | GP35: 49.197154 | GQ35: 48.577764 | GR35: 48.946147 | GS35: 49.892365 | GT35: 49.927394 | GU35: 50.762461 | GV35: 50.787999 | GW35: 50.623383 | GX35: 50.568782 | GY35: 50.957703 | GZ35: 51.777466 | HA35: 52.795476 | HB35: 53.584442 | HC35: 53.967428 | HD35: 53.734019 | HE35: 53.259003 | HF35: 52.710826 | HG35: 52.458883 | HH35: 52.169815 | HI35: 52.445638 | HJ35: 52.302724 | HK35: 52.171402 | HL35: 51.205973 | HM35: 49.868566 | HN35: 48.271917 | HO35: 46.728439 | HP35: 45.321548 | HQ35: 44.269307 | HR35: 43.498789 | HS35: 43.512431 | HT35: 43.377858 | HU35: 43.618195 | HV35: 43.375443 | HW35: 43.166128 | HX35: 42.8526 | HY35: 42.503649 | HZ35: 42.261098 | IA35: 42.263646 | IB35: 42.594139 | IC35: 43.150553 | ID35: 43.720098 | IE35: 44.278941 | IF35: 44.75528 | IG35: 45.077581 | IH35: 45.183726 | II35: 45.301437 | IJ35: 45.319641 | IK35: 45.344035 | IL35: 45.334808 | IM35: 45.324575 | IN35: 45.296946 | IO35: 45.251923 | IP35: 45.189494 | IQ35: 45.10967 | IR35: 12.921544 | IS35: 13.608017 | IT35: 14.294034 | IU35: 14.979595 | IV35: 15.664702 | IW35: 16.349354 | IX35: 17.08705 | IY35: 17.766444 | IZ35: 18.344907 | JA35: 19.057818 | JB35: 19.622639 | JC35: 20.091736 | JD35: 20.617901 | JE35: 21.009323 | JF35: 21.423386 | JG35: 21.716291 | JH35: 22.240433 | JI35: 22.691739 | JJ35: 23.039787 | JK35: 23.532799 | JL35: 23.91982 | JM35: 24.18336 | JN35: 24.575953 | JO35: 24.813563 | JP35: 25.012695 | JQ35: 25.234553 | JR35: 25.610883 | JS35: 25.860372 | JT35: 26.014994 | JU35: 26.271729 | JV35: 26.424212 | JW35: 26.487991 | JX35: 26.558858 | JY35: 26.449191 | JZ35: 26.287354 | KA35: 26.127594 | KB35: 25.872752 | KC35: 25.58831 | KD35: 25.183909 | KE35: 24.955414 | KF35: 24.685382 | KG35: 24.489237 | KH35: 24.189161 | KI35: 23.890798 | KJ35: 23.555064 | KK35: 23.240237 | KL35: 22.898944 | KM35: 22.633896 | KN35: 22.171661 | KO35: 21.755885 | KP35: 21.217487 | KQ35: 20.811386 | KR35: 20.25561 | KS35: 19.450834 | KT35: 18.22201 | KU35: 16.545324 | KV35: 14.523804 | KW35: 12.15745 | KX35: 9.446263 | KY35: 6.3902435 | KZ35: 6.5929228 | LA35: 6.9003054 | LB35: 7.1652946 | LC35: 7.3878886 | LD35: 7.5680898 | LE35: 7.7058983 | LF35: 7.6008333 | LG35: 7.5522626 | LH35: 7.6676979 | LI35: 7.7213707 | LJ35: 8.0789935 | LK35: 8.3266239 | LL35: 8.5392977 | LM35: 8.702301 | LN35: 8.8491561 | LO35: 9.0051041 | LP35: 9.2095496 | LQ35: 9.3741894 | LR35: 9.4884739 | LS35: 9.6724542 | LT35: 9.8589312 | LU35: 10.063644 | LV35: 10.260483 | LW35: 10.495054 | LX35: 10.677368 | LY35: 10.89994 | LZ35: 11.071162 | MA35: 11.22322 | MB35: 11.318375 | MC35: 11.426331 | MD35: 11.52174 | ME35: 11.629805 | MF35: 11.754976 | MG35: 11.924337 | MH35: 12.232934 | MI35: 12.561071 | MJ35: 12.784958 | MK35: 13.011147 | ML35: 13.129534 | MM35: 13.164953 | MN35: 13.049001 | MO35: 12.912285 | MP35: 12.872134 | MQ35: 12.801704 | MR35: 12.886162 | MS35: 12.868032 | MT35: 12.787785 | MU35: 12.60719 | MV35: 12.395139 | MW35: 12.11353 | MX35: 11.756563 | MY35: 11.472808 | MZ35: 11.338038 | NA35: 11.109348 | NB35: 10.863172 | NC35: 10.591407 | ND35: 10.431756 | NE35: 10.1347 | NF35: 9.8606923 | NG35: 9.6845379 | NH35: 9.51017 | NI35: 9.4283218 | NJ35: 9.3717804 | NK35: 9.2219048 | NL35: 9.0389748 | NM35: 8.9440289 | NN35: 8.9132786 | NO35: 8.8507207 | NP35: 8.8328985 | NQ35: 8.8730481 | NR35: 8.7824465 | NS35: 8.6628176 | NT35: 8.5141621 | NU35: 8.3364792 | NV35: 8.1297703

Sheet 5
