Workbook

Sheet Sheet1
A1: OID | B1: PlotID | C1: AY | D1: 1.3 | E1: 1.9 | F1: 0.40534 | G1: 0.40853 | H1: 0.41173 | I1: 0.41492 | J1: 0.41811 | K1: 0.4213 | L1: 0.42449 | M1: 0.4277 | N1: 0.4309 | O1: 0.43411 | P1: 0.43732 | Q1: 0.44053 | R1: 0.44374 | S1: 0.44695 | T1: 0.45015 | U1: 0.45336 | V1: 0.45657 | W1: 0.45978 | X1: 0.46299 | Y1: 0.46619 | Z1: 0.4694 | AA1: 0.47261 | AB1: 0.47582 | AC1: 0.47903 | AD1: 0.4822 | AE1: 0.48534 | AF1: 0.48848 | AG1: 0.49162 | AH1: 0.49475 | AI1: 0.49789 | AJ1: 0.50103 | AK1: 0.50417 | AL1: 0.50731 | AM1: 0.51045 | AN1: 0.51359 | AO1: 0.51673 | AP1: 0.51986 | AQ1: 0.52307 | AR1: 0.52631 | AS1: 0.52954 | AT1: 0.53277 | AU1: 0.53601 | AV1: 0.53924 | AW1: 0.54247 | AX1: 0.54571 | AY1: 0.54894 | AZ1: 0.55218 | BA1: 0.55541 | BB1: 0.55864 | BC1: 0.56188 | BD1: 0.56511 | BE1: 0.56835 | BF1: 0.57158 | BG1: 0.57481 | BH1: 0.57805 | BI1: 0.58128 | BJ1: 0.58449 | BK1: 0.58766 | BL1: 0.59083 | BM1: 0.59401 | BN1: 0.59718 | BO1: 0.60035 | BP1: 0.60353 | BQ1: 0.6067 | BR1: 0.60987 | BS1: 0.61304 | BT1: 0.61622 | BU1: 0.61939 | BV1: 0.62256 | BW1: 0.62574 | BX1: 0.62891 | BY1: 0.63208 | BZ1: 0.63526 | CA1: 0.63843 | CB1: 0.6416 | CC1: 0.64477 | CD1: 0.64795 | CE1: 0.65112 | CF1: 0.65429 | CG1: 0.65747 | CH1: 0.66064 | CI1: 0.66381 | CJ1: 0.66699 | CK1: 0.67016 | CL1: 0.67333 | CM1: 0.6765 | CN1: 0.67968 | CO1: 0.68287 | CP1: 0.68608 | CQ1: 0.68929 | CR1: 0.6925 | CS1: 0.69571 | CT1: 0.69892 | CU1: 0.70213 | CV1: 0.70534 | CW1: 0.70854 | CX1: 0.71175 | CY1: 0.71496 | CZ1: 0.71817 | DA1: 0.72138 | DB1: 0.72459 | DC1: 0.7278 | DD1: 0.73101 | DE1: 0.73422 | DF1: 0.73743 | DG1: 0.74063 | DH1: 0.74384 | DI1: 0.74705 | DJ1: 0.75026 | DK1: 0.75347 | DL1: 0.75668 | DM1: 0.75989 | DN1: 0.7631 | DO1: 0.7663 | DP1: 0.76951 | DQ1: 0.77271 | DR1: 0.77592 | DS1: 0.77912 | DT1: 0.78233 | DU1: 0.78553 | DV1: 0.78874 | DW1: 0.79194 | DX1: 0.79515 | DY1: 0.79835 | DZ1: 0.80156 | EA1: 0.80476 | EB1: 0.80797 | EC1: 0.81118 | ED1: 0.81438 | EE1: 0.81758 | EF1: 0.82077 | EG1: 0.82396 | EH1: 0.82714 | EI1: 0.83033 | EJ1: 0.83352 | EK1: 0.83671 | EL1: 0.8399 | EM1: 0.84308 | EN1: 0.84627 | EO1: 0.84946 | EP1: 0.85265 | EQ1: 0.85584 | ER1: 0.85903 | ES1: 0.86221 | ET1: 0.8654 | EU1: 0.86859 | EV1: 0.87178 | EW1: 0.87496 | EX1: 0.87815 | EY1: 0.88134 | EZ1: 0.88453 | FA1: 0.88771 | FB1: 0.8909 | FC1: 0.89409 | FD1: 0.89728 | FE1: 0.90047 | FF1: 0.90365 | FG1: 0.90684 | FH1: 0.91003 | FI1: 0.91322 | FJ1: 0.91641 | FK1: 0.91959 | FL1: 0.92278 | FM1: 0.92597 | FN1: 0.92916 | FO1: 0.93235 | FP1: 0.93553 | FQ1: 0.93872 | FR1: 0.94191 | FS1: 0.9451 | FT1: 0.9483 | FU1: 0.95056 | FV1: 0.95149 | FW1: 0.95468 | FX1: 0.95601 | FY1: 0.95787 | FZ1: 0.96106 | GA1: 0.96147 | GB1: 0.96426 | GC1: 0.96692 | GD1: 0.96745 | GE1: 0.97064 | GF1: 0.97237 | GG1: 0.97383 | GH1: 0.97702 | GI1: 0.97782 | GJ1: 0.98022 | GK1: 0.98327 | GL1: 0.98341 | GM1: 0.9866 | GN1: 0.98873 | GO1: 0.98979 | GP1: 0.99298 | GQ1: 0.99418 | GR1: 0.99618 | GS1: 0.99963 | GT1: 1.00508 | GU1: 1.01053 | GV1: 1.01599 | GW1: 1.02144 | GX1: 1.02689 | GY1: 1.03235 | GZ1: 1.0378 | HA1: 1.04325 | HB1: 1.0487 | HC1: 1.05416 | HD1: 1.05961 | HE1: 1.06506 | HF1: 1.07052 | HG1: 1.07597 | HH1: 1.08142 | HI1: 1.08687 | HJ1: 1.09232 | HK1: 1.09777 | HL1: 1.10323 | HM1: 1.1087 | HN1: 1.11416 | HO1: 1.11963 | HP1: 1.1251 | HQ1: 1.13057 | HR1: 1.13603 | HS1: 1.1415 | HT1: 1.14697 | HU1: 1.15243 | HV1: 1.1579 | HW1: 1.16337 | HX1: 1.16884 | HY1: 1.1743 | HZ1: 1.17977 | IA1: 1.18524 | IB1: 1.1907 | IC1: 1.19616 | ID1: 1.20164 | IE1: 1.2071 | IF1: 1.21256 | IG1: 1.21803 | IH1: 1.2235 | II1: 1.22896 | IJ1: 1.23443 | IK1: 1.2399 | IL1: 1.24536 | IM1: 1.25083 | IN1: 1.25628 | IO1: 1.26171 | IP1: 1.26715 | IQ1: 1.27258 | IR1: 1.27801 | IS1: 1.28344 | IT1: 1.28888 | IU1: 1.50086 | IV1: 1.50631 | IW1: 1.51176 | IX1: 1.51722 | IY1: 1.52267 | IZ1: 1.52813 | JA1: 1.53358 | JB1: 1.53902 | JC1: 1.54448 | JD1: 1.54993 | JE1: 1.55538 | JF1: 1.56084 | JG1: 1.56629 | JH1: 1.57174 | JI1: 1.5772 | JJ1: 1.58265 | JK1: 1.58811 | JL1: 1.59358 | JM1: 1.59904 | JN1: 1.60451 | JO1: 1.60998 | JP1: 1.61544 | JQ1: 1.62091 | JR1: 1.62638 | JS1: 1.63183 | JT1: 1.63731 | JU1: 1.64277 | JV1: 1.64823 | JW1: 1.6537 | JX1: 1.65916 | JY1: 1.66463 | JZ1: 1.6701 | KA1: 1.67556 | KB1: 1.68103 | KC1: 1.68649 | KD1: 1.69196 | KE1: 1.69743 | KF1: 1.70289 | KG1: 1.70836 | KH1: 1.71383 | KI1: 1.71929 | KJ1: 1.72476 | KK1: 1.73022 | KL1: 1.73569 | KM1: 1.74116 | KN1: 1.74662 | KO1: 1.75208 | KP1: 1.75756 | KQ1: 1.76301 | KR1: 1.76848 | KS1: 1.77394 | KT1: 1.77941 | KU1: 1.78488 | KV1: 1.79034 | KW1: 1.79581 | KX1: 1.80128 | KY1: 1.80674 | KZ1: 1.81221 | LA1: 1.81767 | LB1: 1.82314 | LC1: 1.99257 | LD1: 1.99804 | LE1: 2.0035 | LF1: 2.00895 | LG1: 2.0144 | LH1: 2.01984 | LI1: 2.02529 | LJ1: 2.03074 | LK1: 2.03618 | LL1: 2.04163 | LM1: 2.04708 | LN1: 2.05252 | LO1: 2.05797 | LP1: 2.0634 | LQ1: 2.06882 | LR1: 2.07425 | LS1: 2.07967 | LT1: 2.0851 | LU1: 2.09053 | LV1: 2.09596 | LW1: 2.10138 | LX1: 2.10681 | LY1: 2.11224 | LZ1: 2.11767 | MA1: 2.1231 | MB1: 2.12853 | MC1: 2.13396 | MD1: 2.13938 | ME1: 2.14481 | MF1: 2.15024 | MG1: 2.15567 | MH1: 2.1611 | MI1: 2.16653 | MJ1: 2.17195 | MK1: 2.17738 | ML1: 2.18281 | MM1: 2.18824 | MN1: 2.19367 | MO1: 2.19912 | MP1: 2.20461 | MQ1: 2.2101 | MR1: 2.21559 | MS1: 2.22109 | MT1: 2.22658 | MU1: 2.23208 | MV1: 2.23757 | MW1: 2.24306 | MX1: 2.24856 | MY1: 2.25405 | MZ1: 2.25955 | NA1: 2.26504 | NB1: 2.27053 | NC1: 2.27603 | ND1: 2.28152 | NE1: 2.28702 | NF1: 2.29251 | NG1: 2.298 | NH1: 2.30349 | NI1: 2.30898 | NJ1: 2.31446 | NK1: 2.3199 | NL1: 2.32534 | NM1: 2.33077 | NN1: 2.33621 | NO1: 2.34165 | NP1: 2.34708 | NQ1: 2.35252 | NR1: 2.35795 | NS1: 2.36339 | NT1: 2.36883 | NU1: 2.37426 | NV1: 2.3797 | NW1: 2.38514 | NX1: 2.39057 | NY1: 2.39601
A2: 0 | B2: H-102 | C2: NEG | F2: =MAX('1'!C2,'2'!C2) -> 0.91266267 | G2: =MAX('1'!D2,'2'!D2) -> 1.025977 | H2: =MAX('1'!E2,'2'!E2) -> 1.1147119 | I2: =MAX('1'!F2,'2'!F2) -> 1.1788673 | J2: =MAX('1'!G2,'2'!G2) -> 1.2184433 | K2: =MAX('1'!H2,'2'!H2) -> 1.23344 | L2: =MAX('1'!I2,'2'!I2) -> 1.1504081 | M2: =MAX('1'!J2,'2'!J2) -> 1.108903 | ... NY2: =MAX('1'!NV2,'2'!NV2) -> 12.232144
A3: 1 | B3: H-115 | C3: NEG | F3: =MAX('1'!C3,'2'!C3) -> 0.94503894 | G3: =MAX('1'!D3,'2'!D3) -> 0.99868976 | H3: =MAX('1'!E3,'2'!E3) -> 1.0529367 | I3: =MAX('1'!F3,'2'!F3) -> 1.10778 | J3: =MAX('1'!G3,'2'!G3) -> 1.1632193 | K3: =MAX('1'!H3,'2'!H3) -> 1.2192549 | L3: =MAX('1'!I3,'2'!I3) -> 1.2601508 | M3: =MAX('1'!J3,'2'!J3) -> 1.3251818 | ... NY3: =MAX('1'!NV3,'2'!NV3) -> 14.158316
A4: 2 | B4: H-207 | C4: NEG | F4: =MAX('1'!C4,'2'!C4) -> 0.80691681 | G4: =MAX('1'!D4,'2'!D4) -> 0.96283107 | H4: =MAX('1'!E4,'2'!E4) -> 1.0872587 | I4: =MAX('1'!F4,'2'!F4) -> 1.1801997 | J4: =MAX('1'!G4,'2'!G4) -> 1.2416539 | K4: =MAX('1'!H4,'2'!H4) -> 1.2716215 | L4: =MAX('1'!I4,'2'!I4) -> 1.1879755 | M4: =MAX('1'!J4,'2'!J4) -> 1.1400947 | ... NY4: =MAX('1'!NV4,'2'!NV4) -> 12.331145
A5: 3 | B5: H-217 | C5: NEG | F5: =MAX('1'!C5,'2'!C5) -> 0.86833597 | G5: =MAX('1'!D5,'2'!D5) -> 0.96000941 | H5: =MAX('1'!E5,'2'!E5) -> 1.0452967 | I5: =MAX('1'!F5,'2'!F5) -> 1.1241981 | J5: =MAX('1'!G5,'2'!G5) -> 1.1967132 | K5: =MAX('1'!H5,'2'!H5) -> 1.2628425 | L5: =MAX('1'!I5,'2'!I5) -> 1.30107 | M5: =MAX('1'!J5,'2'!J5) -> 1.3535401 | ... NY5: =MAX('1'!NV5,'2'!NV5) -> 15.478377
A6: 4 | B6: H-306 | C6: NEG | F6: =MAX('1'!C6,'2'!C6) -> 0.8335048 | G6: =MAX('1'!D6,'2'!D6) -> 0.96879734 | H6: =MAX('1'!E6,'2'!E6) -> 1.0765011 | I6: =MAX('1'!F6,'2'!F6) -> 1.1566163 | J6: =MAX('1'!G6,'2'!G6) -> 1.2091426 | K6: =MAX('1'!H6,'2'!H6) -> 1.2340803 | L6: =MAX('1'!I6,'2'!I6) -> 1.1515128 | M6: =MAX('1'!J6,'2'!J6) -> 1.1133948 | ... NY6: =MAX('1'!NV6,'2'!NV6) -> 12.353792
A7: 5 | B7: H-312 | C7: NEG | F7: =MAX('1'!C7,'2'!C7) -> 0.92895189 | G7: =MAX('1'!D7,'2'!D7) -> 1.0119517 | H7: =MAX('1'!E7,'2'!E7) -> 1.0900755 | I7: =MAX('1'!F7,'2'!F7) -> 1.1633231 | J7: =MAX('1'!G7,'2'!G7) -> 1.2316944 | K7: =MAX('1'!H7,'2'!H7) -> 1.2951896 | L7: =MAX('1'!I7,'2'!I7) -> 1.3359744 | M7: =MAX('1'!J7,'2'!J7) -> 1.3856024 | ... NY7: =MAX('1'!NV7,'2'!NV7) -> 13.767953
A8: 6 | B8: H-405 | C8: NEG | F8: =MAX('1'!C8,'2'!C8) -> 0.70404238 | G8: =MAX('1'!D8,'2'!D8) -> 0.82674564 | H8: =MAX('1'!E8,'2'!E8) -> 0.92479567 | I8: =MAX('1'!F8,'2'!F8) -> 0.99819241 | J8: =MAX('1'!G8,'2'!G8) -> 1.046936 | K8: =MAX('1'!H8,'2'!H8) -> 1.0710264 | L8: =MAX('1'!I8,'2'!I8) -> 1.0041565 | M8: =MAX('1'!J8,'2'!J8) -> 0.97032455 | ... NY8: =MAX('1'!NV8,'2'!NV8) -> 12.793659
A9: 7 | B9: H-411 | C9: NEG | F9: =MAX('1'!C9,'2'!C9) -> 0.80695263 | G9: =MAX('1'!D9,'2'!D9) -> 0.89904166 | H9: =MAX('1'!E9,'2'!E9) -> 0.98515932 | I9: =MAX('1'!F9,'2'!F9) -> 1.0653056 | J9: =MAX('1'!G9,'2'!G9) -> 1.1394804 | K9: =MAX('1'!H9,'2'!H9) -> 1.2076839 | L9: =MAX('1'!I9,'2'!I9) -> 1.2484612 | M9: =MAX('1'!J9,'2'!J9) -> 1.2957232 | ... NY9: =MAX('1'!NV9,'2'!NV9) -> 13.569646
A10: 8 | B10: H-502 | C10: NEG | F10: =MAX('1'!C10,'2'!C10) -> 0.85381036 | G10: =MAX('1'!D10,'2'!D10) -> 0.96892689 | H10: =MAX('1'!E10,'2'!E10) -> 1.0599698 | I10: =MAX('1'!F10,'2'!F10) -> 1.1269391 | J10: =MAX('1'!G10,'2'!G10) -> 1.1698346 | K10: =MAX('1'!H10,'2'!H10) -> 1.1886566 | L10: =MAX('1'!I10,'2'!I10) -> 1.1102044 | M10: =MAX('1'!J10,'2'!J10) -> 1.0737361 | ... NY10: =MAX('1'!NV10,'2'!NV10) -> 13.47746
A11: 9 | B11: H-509 | C11: NEG | F11: =MAX('1'!C11,'2'!C11) -> 0.86428052 | G11: =MAX('1'!D11,'2'!D11) -> 0.95790567 | H11: =MAX('1'!E11,'2'!E11) -> 1.0446945 | I11: =MAX('1'!F11,'2'!F11) -> 1.1246472 | J11: =MAX('1'!G11,'2'!G11) -> 1.1977634 | K11: =MAX('1'!H11,'2'!H11) -> 1.2640435 | L11: =MAX('1'!I11,'2'!I11) -> 1.3095875 | M11: =MAX('1'!J11,'2'!J11) -> 1.3510939 | ... NY11: =MAX('1'!NV11,'2'!NV11) -> 13.330729
A12: 10 | B12: L-108 | C12: NEG | F12: =MAX('1'!C12,'2'!C12) -> 0.97093881 | G12: =MAX('1'!D12,'2'!D12) -> 1.042828 | H12: =MAX('1'!E12,'2'!E12) -> 1.111743 | I12: =MAX('1'!F12,'2'!F12) -> 1.1776836 | J12: =MAX('1'!G12,'2'!G12) -> 1.2406503 | K12: =MAX('1'!H12,'2'!H12) -> 1.3006428 | L12: =MAX('1'!I12,'2'!I12) -> 1.3335579 | M12: =MAX('1'!J12,'2'!J12) -> 1.382594 | ... NY12: =MAX('1'!NV12,'2'!NV12) -> 14.89377
A13: 11 | B13: L-111 | C13: NEG | F13: =MAX('1'!C13,'2'!C13) -> 1.122428 | G13: =MAX('1'!D13,'2'!D13) -> 1.2217255 | H13: =MAX('1'!E13,'2'!E13) -> 1.3146127 | I13: =MAX('1'!F13,'2'!F13) -> 1.4010898 | J13: =MAX('1'!G13,'2'!G13) -> 1.4811566 | K13: =MAX('1'!H13,'2'!H13) -> 1.554813 | L13: =MAX('1'!I13,'2'!I13) -> 1.5981078 | M13: =MAX('1'!J13,'2'!J13) -> 1.650668 | ... NY13: =MAX('1'!NV13,'2'!NV13) -> 15.914471
... A35: 33 | B35: L-511 | C35: POS | F35: =MAX('1'!C35,'2'!C35) -> 0.77004283 | G35: =MAX('1'!D35,'2'!D35) -> 0.84942892 | H35: =MAX('1'!E35,'2'!E35) -> 0.92430388 | I35: =MAX('1'!F35,'2'!F35) -> 0.9946678 | J35: =MAX('1'!G35,'2'!G35) -> 1.0605205 | K35: =MAX('1'!H35,'2'!H35) -> 1.1218622 | L35: =MAX('1'!I35,'2'!I35) -> 1.1646981 | M35: =MAX('1'!J35,'2'!J35) -> 1.2110282 | ... NY35: =MAX('1'!NV35,'2'!NV35) -> 12.837438

Sheet 1
B1: PlotID | C1: 0.40534 | D1: 0.40853 | E1: 0.41173 | F1: 0.41492 | G1: 0.41811 | H1: 0.4213 | I1: 0.42449 | J1: 0.4277 | K1: 0.4309 | L1: 0.43411 | M1: 0.43732 | N1: 0.44053 | O1: 0.44374 | P1: 0.44695 | Q1: 0.45015 | R1: 0.45336 | S1: 0.45657 | T1: 0.45978 | U1: 0.46299 | V1: 0.46619 | W1: 0.4694 | X1: 0.47261 | Y1: 0.47582 | Z1: 0.47903 | AA1: 0.4822 | AB1: 0.48534 | AC1: 0.48848 | AD1: 0.49162 | AE1: 0.49475 | AF1: 0.49789 | AG1: 0.50103 | AH1: 0.50417 | AI1: 0.50731 | AJ1: 0.51045 | AK1: 0.51359 | AL1: 0.51673 | AM1: 0.51986 | AN1: 0.52307 | AO1: 0.52631 | AP1: 0.52954 | AQ1: 0.53277 | AR1: 0.53601 | AS1: 0.53924 | AT1: 0.54247 | AU1: 0.54571 | AV1: 0.54894 | AW1: 0.55218 | AX1: 0.55541 | AY1: 0.55864 | AZ1: 0.56188 | BA1: 0.56511 | BB1: 0.56835 | BC1: 0.57158 | BD1: 0.57481 | BE1: 0.57805 | BF1: 0.58128 | BG1: 0.58449 | BH1: 0.58766 | BI1: 0.59083 | BJ1: 0.59401 | BK1: 0.59718 | BL1: 0.60035 | BM1: 0.60353 | BN1: 0.6067 | BO1: 0.60987 | BP1: 0.61304 | BQ1: 0.61622 | BR1: 0.61939 | BS1: 0.62256 | BT1: 0.62574 | BU1: 0.62891 | BV1: 0.63208 | BW1: 0.63526 | BX1: 0.63843 | BY1: 0.6416 | BZ1: 0.64477 | CA1: 0.64795 | CB1: 0.65112 | CC1: 0.65429 | CD1: 0.65747 | CE1: 0.66064 | CF1: 0.66381 | CG1: 0.66699 | CH1: 0.67016 | CI1: 0.67333 | CJ1: 0.6765 | CK1: 0.67968 | CL1: 0.68287 | CM1: 0.68608 | CN1: 0.68929 | CO1: 0.6925 | CP1: 0.69571 | CQ1: 0.69892 | CR1: 0.70213 | CS1: 0.70534 | CT1: 0.70854 | CU1: 0.71175 | CV1: 0.71496 | CW1: 0.71817 | CX1: 0.72138 | CY1: 0.72459 | CZ1: 0.7278 | DA1: 0.73101 | DB1: 0.73422 | DC1: 0.73743 | DD1: 0.74063 | DE1: 0.74384 | DF1: 0.74705 | DG1: 0.75026 | DH1: 0.75347 | DI1: 0.75668 | DJ1: 0.75989 | DK1: 0.7631 | DL1: 0.7663 | DM1: 0.76951 | DN1: 0.77271 | DO1: 0.77592 | DP1: 0.77912 | DQ1: 0.78233 | DR1: 0.78553 | DS1: 0.78874 | DT1: 0.79194 | DU1: 0.79515 | DV1: 0.79835 | DW1: 0.80156 | DX1: 0.80476 | DY1: 0.80797 | DZ1: 0.81118 | EA1: 0.81438 | EB1: 0.81758 | EC1: 0.82077 | ED1: 0.82396 | EE1: 0.82714 | EF1: 0.83033 | EG1: 0.83352 | EH1: 0.83671 | EI1: 0.8399 | EJ1: 0.84308 | EK1: 0.84627 | EL1: 0.84946 | EM1: 0.85265 | EN1: 0.85584 | EO1: 0.85903 | EP1: 0.86221 | EQ1: 0.8654 | ER1: 0.86859 | ES1: 0.87178 | ET1: 0.87496 | EU1: 0.87815 | EV1: 0.88134 | EW1: 0.88453 | EX1: 0.88771 | EY1: 0.8909 | EZ1: 0.89409 | FA1: 0.89728 | FB1: 0.90047 | FC1: 0.90365 | FD1: 0.90684 | FE1: 0.91003 | FF1: 0.91322 | FG1: 0.91641 | FH1: 0.91959 | FI1: 0.92278 | FJ1: 0.92597 | FK1: 0.92916 | FL1: 0.93235 | FM1: 0.93553 | FN1: 0.93872 | FO1: 0.94191 | FP1: 0.9451 | FQ1: 0.9483 | FR1: 0.95056 | FS1: 0.95149 | FT1: 0.95468 | FU1: 0.95601 | FV1: 0.95787 | FW1: 0.96106 | FX1: 0.96147 | FY1: 0.96426 | FZ1: 0.96692 | GA1: 0.96745 | GB1: 0.97064 | GC1: 0.97237 | GD1: 0.97383 | GE1: 0.97702 | GF1: 0.97782 | GG1: 0.98022 | GH1: 0.98327 | GI1: 0.98341 | GJ1: 0.9866 | GK1: 0.98873 | GL1: 0.98979 | GM1: 0.99298 | GN1: 0.99418 | GO1: 0.99618 | GP1: 0.99963 | GQ1: 1.00508 | GR1: 1.01053 | GS1: 1.01599 | GT1: 1.02144 | GU1: 1.02689 | GV1: 1.03235 | GW1: 1.0378 | GX1: 1.04325 | GY1: 1.0487 | GZ1: 1.05416 | HA1: 1.05961 | HB1: 1.06506 | HC1: 1.07052 | HD1: 1.07597 | HE1: 1.08142 | HF1: 1.08687 | HG1: 1.09232 | HH1: 1.09777 | HI1: 1.10323 | HJ1: 1.1087 | HK1: 1.11416 | HL1: 1.11963 | HM1: 1.1251 | HN1: 1.13057 | HO1: 1.13603 | HP1: 1.1415 | HQ1: 1.14697 | HR1: 1.15243 | HS1: 1.1579 | HT1: 1.16337 | HU1: 1.16884 | HV1: 1.1743 | HW1: 1.17977 | HX1: 1.18524 | HY1: 1.1907 | HZ1: 1.19616 | IA1: 1.20164 | IB1: 1.2071 | IC1: 1.21256 | ID1: 1.21803 | IE1: 1.2235 | IF1: 1.22896 | IG1: 1.23443 | IH1: 1.2399 | II1: 1.24536 | IJ1: 1.25083 | IK1: 1.25628 | IL1: 1.26171 | IM1: 1.26715 | IN1: 1.27258 | IO1: 1.27801 | IP1: 1.28344 | IQ1: 1.28888 | IR1: 1.50086 | IS1: 1.50631 | IT1: 1.51176 | IU1: 1.51722 | IV1: 1.52267 | IW1: 1.52813 | IX1: 1.53358 | IY1: 1.53902 | IZ1: 1.54448 | JA1: 1.54993 | JB1: 1.55538 | JC1: 1.56084 | JD1: 1.56629 | JE1: 1.57174 | JF1: 1.5772 | JG1: 1.58265 | JH1: 1.58811 | JI1: 1.59358 | JJ1: 1.59904 | JK1: 1.60451 | JL1: 1.60998 | JM1: 1.61544 | JN1: 1.62091 | JO1: 1.62638 | JP1: 1.63183 | JQ1: 1.63731 | JR1: 1.64277 | JS1: 1.64823 | JT1: 1.6537 | JU1: 1.65916 | JV1: 1.66463 | JW1: 1.6701 | JX1: 1.67556 | JY1: 1.68103 | JZ1: 1.68649 | KA1: 1.69196 | KB1: 1.69743 | KC1: 1.70289 | KD1: 1.70836 | KE1: 1.71383 | KF1: 1.71929 | KG1: 1.72476 | KH1: 1.73022 | KI1: 1.73569 | KJ1: 1.74116 | KK1: 1.74662 | KL1: 1.75208 | KM1: 1.75756 | KN1: 1.76301 | KO1: 1.76848 | KP1: 1.77394 | KQ1: 1.77941 | KR1: 1.78488 | KS1: 1.79034 | KT1: 1.79581 | KU1: 1.80128 | KV1: 1.80674 | KW1: 1.81221 | KX1: 1.81767 | KY1: 1.82314 | KZ1: 1.99257 | LA1: 1.99804 | LB1: 2.0035 | LC1: 2.00895 | LD1: 2.0144 | LE1: 2.01984 | LF1: 2.02529 | LG1: 2.03074 | LH1: 2.03618 | LI1: 2.04163 | LJ1: 2.04708 | LK1: 2.05252 | LL1: 2.05797 | LM1: 2.0634 | LN1: 2.06882 | LO1: 2.07425 | LP1: 2.07967 | LQ1: 2.0851 | LR1: 2.09053 | LS1: 2.09596 | LT1: 2.10138 | LU1: 2.10681 | LV1: 2.11224 | LW1: 2.11767 | LX1: 2.1231 | LY1: 2.12853 | LZ1: 2.13396 | MA1: 2.13938 | MB1: 2.14481 | MC1: 2.15024 | MD1: 2.15567 | ME1: 2.1611 | MF1: 2.16653 | MG1: 2.17195 | MH1: 2.17738 | MI1: 2.18281 | MJ1: 2.18824 | MK1: 2.19367 | ML1: 2.19912 | MM1: 2.20461 | MN1: 2.2101 | MO1: 2.21559 | MP1: 2.22109 | MQ1: 2.22658 | MR1: 2.23208 | MS1: 2.23757 | MT1: 2.24306 | MU1: 2.24856 | MV1: 2.25405 | MW1: 2.25955 | MX1: 2.26504 | MY1: 2.27053 | MZ1: 2.27603 | NA1: 2.28152 | NB1: 2.28702 | NC1: 2.29251 | ND1: 2.298 | NE1: 2.30349 | NF1: 2.30898 | NG1: 2.31446 | NH1: 2.3199 | NI1: 2.32534 | NJ1: 2.33077 | NK1: 2.33621 | NL1: 2.34165 | NM1: 2.34708 | NN1: 2.35252 | NO1: 2.35795 | NP1: 2.36339 | NQ1: 2.36883 | NR1: 2.37426 | NS1: 2.3797 | NT1: 2.38514 | NU1: 2.39057 | NV1: 2.39601
A2: 0 | B2: H-102_NEG | C2: 0.91266267 | D2: 1.025977 | E2: 1.1147119 | F2: 1.1788673 | G2: 1.2184433 | H2: 1.23344 | I2: 1.1504081 | J2: 1.108903 | K2: 1.1243014 | L2: 1.1613665 | M2: 1.2358311 | N2: 1.3304118 | O2: 1.4461381 | P2: 1.596071 | Q2: 1.7913706 | R2: 1.6980799 | S2: 1.7122831 | T2: 1.726652 | U2: 1.7394998 | V2: 1.7635059 | W2: 1.803479 | X2: 1.8260131 | Y2: 1.8736045 | Z2: 1.9272641 | AA2: 1.9788002 | AB2: 2.019832 | AC2: 2.0705762 | AD2: 2.1290572 | AE2: 2.188552 | AF2: 2.2803257 | AG2: 2.3844913 | AH2: 2.4999241 | AI2: 2.679991 | AJ2: 2.8608692 | AK2: 3.0525375 | AL2: 3.2715767 | AM2: 3.5122125 | AN2: 3.7611575 | AO2: 4.0024182 | AP2: 4.2391769 | AQ2: 4.436929 | AR2: 4.6085112 | AS2: 4.7550301 | AT2: 4.8700872 | AU2: 4.9826374 | AV2: 5.088373 | AW2: 5.1548447 | AX2: 5.2294617 | AY2: 5.2735457 | AZ2: 5.3000284 | BA2: 5.2789614 | BB2: 5.2127929 | BC2: 5.1434024 | BD2: 5.130913 | BE2: 5.1163846 | BF2: 5.0969279 | BG2: 5.0723243 | BH2: 5.0727539 | BI2: 5.0615921 | BJ2: 5.0657561 | BK2: 5.0580532 | BL2: 5.0656265 | BM2: 5.0751689 | BN2: 5.0952362 | BO2: 5.0948757 | BP2: 5.0974244 | BQ2: 5.0844904 | BR2: 5.0680257 | BS2: 5.0434925 | BT2: 5.0386988 | BU2: 5.0366752 | BV2: 5.0626932 | BW2: 5.0432647 | BX2: 5.0026324 | BY2: 5.0001014 | BZ2: 4.9497952 | CA2: 4.8691083 | CB2: 4.7873622 | CC2: 4.7028731 | CD2: 4.6367342 | CE2: 4.5885353 | CF2: 4.5621245 | CG2: 4.5039481 | CH2: 4.4888814 | CI2: 4.6220158 | CJ2: 4.6975452 | CK2: 4.7855977 | CL2: 4.9303904 | CM2: 5.2226772 | CN2: 5.6342687 | CO2: 6.163186 | CP2: 6.7955329 | CQ2: 7.4446542 | CR2: 8.283445 | CS2: 9.3286051 | CT2: 10.137692 | CU2: 10.913649 | CV2: 11.641214 | CW2: 12.28787 | CX2: 12.815417 | CY2: 13.277487 | CZ2: 13.658991 | DA2: 13.961483 | DB2: 14.35343 | DC2: 14.764701 | DD2: 15.041531 | DE2: 15.243097 | DF2: 15.407148 | DG2: 15.732724 | DH2: 16.090037 | DI2: 16.389392 | DJ2: 16.61716 | DK2: 16.798119 | DL2: 16.948488 | DM2: 17.037258 | DN2: 17.071666 | DO2: 16.961427 | DP2: 16.960534 | DQ2: 17.176487 | DR2: 17.333104 | DS2: 17.433703 | DT2: 17.541003 | DU2: 17.639767 | DV2: 17.705751 | DW2: 17.76764 | DX2: 17.908287 | DY2: 18.022894 | DZ2: 18.207993 | EA2: 18.386588 | EB2: 18.536804 | EC2: 18.673304 | ED2: 18.786175 | EE2: 18.883211 | EF2: 18.955696 | EG2: 19.049086 | EH2: 19.213567 | EI2: 19.291705 | EJ2: 19.479869 | EK2: 19.612101 | EL2: 19.682977 | EM2: 19.755659 | EN2: 19.902296 | EO2: 20.01333 | EP2: 20.120094 | EQ2: 20.213193 | ER2: 20.331189 | ES2: 20.414637 | ET2: 20.578583 | EU2: 20.682474 | EV2: 20.724235 | EW2: 20.749858 | EX2: 20.924159 | EY2: 21.044858 | EZ2: 21.109075 | FA2: 21.231185 | FB2: 21.368506 | FC2: 21.532632 | FD2: 21.703992 | FE2: 21.843817 | FF2: 21.921793 | FG2: 21.799428 | FH2: 21.667692 | FI2: 21.747056 | FJ2: 22.061849 | FK2: 22.231971 | FL2: 22.529093 | FM2: 23.043749 | FN2: 23.046251 | FO2: 23.02885 | FP2: 23.307099 | FQ2: 22.528348 | FR2: 21.830558 | FS2: 21.926338 | FT2: 21.421122 | FU2: 21.197226 | FV2: 20.959254 | FW2: 21.120363 | FX2: 21.256127 | FY2: 21.39328 | FZ2: 21.809818 | GA2: 21.780523 | GB2: 21.864358 | GC2: 22.432666 | GD2: 21.979789 | GE2: 22.219128 | GF2: 22.232007 | GG2: 22.399914 | GH2: 22.648681 | GI2: 22.719477 | GJ2: 22.779935 | GK2: 23.227997 | GL2: 23.163277 | GM2: 23.227181 | GN2: 22.86079 | GO2: 22.779615 | GP2: 22.868213 | GQ2: 22.917861 | GR2: 23.26341 | GS2: 23.735186 | GT2: 23.883267 | GU2: 24.215215 | GV2: 24.233373 | GW2: 24.194356 | GX2: 24.233864 | GY2: 24.51349 | GZ2: 25.0105 | HA2: 25.602681 | HB2: 26.050372 | HC2: 26.295282 | HD2: 26.258365 | HE2: 26.116202 | HF2: 25.972474 | HG2: 26.004797 | HH2: 26.027046 | HI2: 26.257829 | HJ2: 26.204078 | HK2: 26.197911 | HL2: 25.763794 | HM2: 25.229127 | HN2: 24.662237 | HO2: 24.218066 | HP2: 23.945556 | HQ2: 23.894355 | HR2: 23.987337 | HS2: 24.336654 | HT2: 24.503541 | HU2: 24.809667 | HV2: 24.768657 | HW2: 24.717859 | HX2: 24.59563 | HY2: 24.474269 | HZ2: 24.403715 | IA2: 24.485639 | IB2: 24.735113 | IC2: 25.07791 | ID2: 25.429928 | IE2: 25.752964 | IF2: 26.027038 | IG2: 26.206164 | IH2: 26.285334 | II2: 26.451336 | IJ2: 26.561294 | IK2: 26.680444 | IL2: 26.757634 | IM2: 26.81374 | IN2: 26.849278 | IO2: 26.864256 | IP2: 26.858669 | IQ2: 26.832519 | IR2: 15.919936 | IS2: 16.390243 | IT2: 16.839025 | IU2: 17.266283 | IV2: 17.672015 | IW2: 18.056224 | IX2: 18.439304 | IY2: 18.758795 | IZ2: 18.987423 | JA2: 19.348595 | JB2: 19.560772 | JC2: 19.730261 | JD2: 19.929069 | JE2: 20.049003 | JF2: 20.17537 | JG2: 20.221183 | JH2: 20.505387 | JI2: 20.721827 | JJ2: 20.865231 | JK2: 21.136791 | JL2: 21.301367 | JM2: 21.411287 | JN2: 21.587349 | JO2: 21.696407 | JP2: 21.757351 | JQ2: 21.868226 | JR2: 22.131974 | JS2: 22.290841 | JT2: 22.358891 | JU2: 22.505463 | JV2: 22.574772 | JW2: 22.578012 | JX2: 22.6079 | JY2: 22.544704 | JZ2: 22.427018 | KA2: 22.349111 | KB2: 22.175621 | KC2: 22.00359 | KD2: 21.698655 | KE2: 21.560267 | KF2: 21.398656 | KG2: 21.327258 | KH2: 21.210479 | KI2: 21.127313 | KJ2: 21.039759 | KK2: 21.031505 | KL2: 20.906626 | KM2: 20.782872 | KN2: 20.532067 | KO2: 20.376777 | KP2: 20.184729 | KQ2: 19.999731 | KR2: 19.735715 | KS2: 19.499865 | KT2: 19.223458 | KU2: 18.953218 | KV2: 18.674585 | KW2: 18.387555 | KX2: 18.092135 | KY2: 17.788321 | KZ2: 12.896293 | LA2: 13.194119 | LB2: 13.437642 | LC2: 13.626862 | LD2: 13.761781 | LE2: 13.842397 | LF2: 13.589585 | LG2: 13.529143 | LH2: 13.633914 | LI2: 13.654722 | LJ2: 13.785627 | LK2: 13.856286 | LL2: 13.893953 | LM2: 13.912224 | LN2: 13.901921 | LO2: 13.884164 | LP2: 13.896841 | LQ2: 13.967375 | LR2: 13.941759 | LS2: 13.966841 | LT2: 13.988676 | LU2: 14.071274 | LV2: 14.115065 | LW2: 14.201887 | LX2: 14.244735 | LY2: 14.320474 | LZ2: 14.398516 | MA2: 14.441635 | MB2: 14.488681 | MC2: 14.521749 | MD2: 14.544409 | ME2: 14.593608 | MF2: 14.61643 | MG2: 14.738264 | MH2: 14.967817 | MI2: 15.244884 | MJ2: 15.461254 | MK2: 15.638617 | ML2: 15.767247 | MM2: 15.809663 | MN2: 15.780424 | MO2: 15.698935 | MP2: 15.605356 | MQ2: 15.565855 | MR2: 15.568796 | MS2: 15.491682 | MT2: 15.311143 | MU2: 15.050069 | MV2: 14.754341 | MW2: 14.427507 | MX2: 14.132084 | MY2: 13.869874 | MZ2: 13.683835 | NA2: 13.509496 | NB2: 13.299232 | NC2: 13.134689 | ND2: 12.991315 | NE2: 12.807159 | NF2: 12.651413 | NG2: 12.530819 | NH2: 12.441621 | NI2: 12.411424 | NJ2: 12.419318 | NK2: 12.364379 | NL2: 12.205747 | NM2: 12.276658 | NN2: 12.376683 | NO2: 12.43044 | NP2: 12.486662 | NQ2: 12.541452 | NR2: 12.53243 | NS2: 12.496987 | NT2: 12.435125 | NU2: 12.346843 | NV2: 12.232144
A3: 1 | B3: H-115_NEG | C3: 0.94503894 | D3: 0.99868976 | E3: 1.0529367 | F3: 1.10778 | G3: 1.1632193 | H3: 1.2192549 | I3: 1.2601508 | J3: 1.3251818 | K3: 1.3901638 | L3: 1.462535 | M3: 1.5192672 | N3: 1.5713237 | O3: 1.5920958 | P3: 1.6154667 | Q3: 1.6624395 | R3: 1.6837268 | S3: 1.6895366 | T3: 1.7053871 | U3: 1.71881 | V3: 1.7494161 | W3: 1.7961512 | X3: 1.8282025 | Y3: 1.8816494 | Z3: 1.9488997 | AA3: 2.0054697 | AB3: 2.0384032 | AC3: 2.0841993 | AD3: 2.1405126 | AE3: 2.1998548 | AF3: 2.292364 | AG3: 2.3963682 | AH3: 2.5059951 | AI3: 2.6724091 | AJ3: 2.8282981 | AK3: 2.9875311 | AL3: 3.1593087 | AM3: 3.3616432 | AN3: 3.5654692 | AO3: 3.767071 | AP3: 3.9738965 | AQ3: 4.1515143 | AR3: 4.307433 | AS3: 4.4433031 | AT3: 4.5452593 | AU3: 4.6529543 | AV3: 4.74566 | AW3: 4.8095712 | AX3: 4.8791741 | AY3: 4.9274249 | AZ3: 4.9663431 | BA3: 4.9725426 | BB3: 4.9331633 | BC3: 4.8971177 | BD3: 4.9091372 | BE3: 4.9210051 | BF3: 4.9186542 | BG3: 4.9038382 | BH3: 4.9144866 | BI3: 4.91812 | BJ3: 4.9391149 | BK3: 4.9466915 | BL3: 4.9608812 | BM3: 4.9847514 | BN3: 5.0202605 | BO3: 5.0365092 | BP3: 5.0551906 | BQ3: 5.0558974 | BR3: 5.056677 | BS3: 5.0477668 | BT3: 5.0500759 | BU3: 5.0517441 | BV3: 5.0796521 | BW3: 5.0715095 | BX3: 5.0501799 | BY3: 5.0700289 | BZ3: 5.0410411 | CA3: 4.9785625 | CB3: 4.9126445 | CC3: 4.8405382 | CD3: 4.7871262 | CE3: 4.7520247 | CF3: 4.7419668 | CG3: 4.7009395 | CH3: 4.701043 | CI3: 4.8553469 | CJ3: 4.9406056 | CK3: 5.0260898 | CL3: 5.1573981 | CM3: 5.4208848 | CN3: 5.7945999 | CO3: 6.2520516 | CP3: 6.7994049 | CQ3: 7.3600636 | CR3: 8.0820462 | CS3: 9.0446368 | CT3: 9.7709422 | CU3: 10.454365 | CV3: 11.112347 | CW3: 11.69162 | CX3: 12.159904 | CY3: 12.546046 | CZ3: 12.869042 | DA3: 13.119132 | DB3: 13.457695 | DC3: 13.842097 | DD3: 14.112922 | DE3: 14.258924 | DF3: 14.443863 | DG3: 14.825447 | DH3: 15.240969 | DI3: 15.560166 | DJ3: 15.788378 | DK3: 15.946228 | DL3: 16.094459 | DM3: 16.152387 | DN3: 16.158222 | DO3: 15.9789 | DP3: 15.998051 | DQ3: 16.259192 | DR3: 16.44487 | DS3: 16.551439 | DT3: 16.651518 | DU3: 16.774015 | DV3: 16.863293 | DW3: 16.918998 | DX3: 17.078288 | DY3: 17.179613 | DZ3: 17.382458 | EA3: 17.54547 | EB3: 17.68118 | EC3: 17.835303 | ED3: 17.967451 | EE3: 18.117949 | EF3: 18.179549 | EG3: 18.270611 | EH3: 18.437917 | EI3: 18.480745 | EJ3: 18.661318 | EK3: 18.765683 | EL3: 18.80618 | EM3: 18.922595 | EN3: 19.113433 | EO3: 19.25803 | EP3: 19.35144 | EQ3: 19.467369 | ER3: 19.570065 | ES3: 19.653797 | ET3: 19.800096 | EU3: 19.88865 | EV3: 19.891743 | EW3: 19.885851 | EX3: 20.056721 | EY3: 20.131877 | EZ3: 20.210204 | FA3: 20.37302 | FB3: 20.514247 | FC3: 20.701861 | FD3: 20.909495 | FE3: 21.090935 | FF3: 21.137473 | FG3: 20.934551 | FH3: 20.844432 | FI3: 20.937368 | FJ3: 21.230944 | FK3: 21.356847 | FL3: 21.616626 | FM3: 22.198148 | FN3: 22.117634 | FO3: 21.966066 | FP3: 22.190006 | FQ3: 21.39813 | FR3: 20.729868 | FS3: 20.78906 | FT3: 20.270396 | FU3: 20.105502 | FV3: 19.967367 | FW3: 20.247018 | FX3: 20.333656 | FY3: 20.36863 | FZ3: 20.861195 | GA3: 20.947676 | GB3: 21.033497 | GC3: 21.610208 | GD3: 21.149066 | GE3: 21.388486 | GF3: 21.427909 | GG3: 21.532339 | GH3: 21.700024 | GI3: 21.623379 | GJ3: 21.626859 | GK3: 22.117212 | GL3: 21.977953 | GM3: 21.994547 | GN3: 21.539391 | GO3: 21.467277 | GP3: 21.596304 | GQ3: 21.567565 | GR3: 21.836478 | GS3: 22.213539 | GT3: 22.234946 | GU3: 22.507482 | GV3: 22.472189 | GW3: 22.446812 | GX3: 22.521513 | GY3: 22.847416 | GZ3: 23.351958 | HA3: 23.863978 | HB3: 24.218337 | HC3: 24.376472 | HD3: 24.291884 | HE3: 24.176955 | HF3: 24.097443 | HG3: 24.17849 | HH3: 24.255318 | HI3: 24.543097 | HJ3: 24.492975 | HK3: 24.576961 | HL3: 24.213871 | HM3: 23.816048 | HN3: 23.433635 | HO3: 23.215625 | HP3: 23.086841 | HQ3: 23.114535 | HR3: 23.227868 | HS3: 23.541909 | HT3: 23.629518 | HU3: 23.908544 | HV3: 23.754152 | HW3: 23.670653 | HX3: 23.566831 | HY3: 23.493033 | HZ3: 23.477235 | IA3: 23.593811 | IB3: 23.848754 | IC3: 24.188837 | ID3: 24.522957 | IE3: 24.82215 | IF3: 25.034251 | IG3: 25.155218 | IH3: 25.204553 | II3: 25.329959 | IJ3: 25.430651 | IK3: 25.527999 | IL3: 25.620521 | IM3: 25.699687 | IN3: 25.771764 | IO3: 25.836757 | IP3: 25.894663 | IQ3: 25.945483 | IR3: 17.254636 | IS3: 17.723625 | IT3: 18.173258 | IU3: 18.603537 | IV3: 19.014462 | IW3: 19.40603 | IX3: 19.805094 | IY3: 20.156853 | IZ3: 20.391234 | JA3: 20.748456 | JB3: 20.959037 | JC3: 21.083361 | JD3: 21.275485 | JE3: 21.360276 | JF3: 21.463388 | JG3: 21.483421 | JH3: 21.750346 | JI3: 21.98833 | JJ3: 22.108643 | JK3: 22.396523 | JL3: 22.583825 | JM3: 22.653709 | JN3: 22.863224 | JO3: 22.953592 | JP3: 23.006854 | JQ3: 23.114748 | JR3: 23.375416 | JS3: 23.563269 | JT3: 23.634867 | JU3: 23.786212 | JV3: 23.870124 | JW3: 23.872866 | JX3: 23.93604 | JY3: 23.87522 | JZ3: 23.79137 | KA3: 23.728626 | KB3: 23.573946 | KC3: 23.439495 | KD3: 23.133186 | KE3: 22.982366 | KF3: 22.850584 | KG3: 22.810529 | KH3: 22.720395 | KI3: 22.681674 | KJ3: 22.624375 | KK3: 22.630592 | KL3: 22.509559 | KM3: 22.395866 | KN3: 22.156373 | KO3: 22.049467 | KP3: 21.914354 | KQ3: 21.794379 | KR3: 21.595429 | KS3: 21.413987 | KT3: 21.160128 | KU3: 20.907269 | KV3: 20.632916 | KW3: 20.337072 | KX3: 20.019736 | KY3: 19.680907 | KZ3: 16.235536 | LA3: 16.490158 | LB3: 16.671302 | LC3: 16.778972 | LD3: 16.813165 | LE3: 16.773882 | LF3: 16.111334 | LG3: 15.479361 | LH3: 16.11234 | LI3: 16.062896 | LJ3: 16.152607 | LK3: 16.227577 | LL3: 16.255554 | LM3: 16.265559 | LN3: 16.231805 | LO3: 16.198406 | LP3: 16.184183 | LQ3: 16.240959 | LR3: 16.192348 | LS3: 16.206781 | LT3: 16.221718 | LU3: 16.285355 | LV3: 16.319779 | LW3: 16.390727 | LX3: 16.417747 | LY3: 16.479334 | LZ3: 16.556972 | MA3: 16.611333 | MB3: 16.65566 | MC3: 16.703529 | MD3: 16.68104 | ME3: 16.719565 | MF3: 16.753473 | MG3: 16.878247 | MH3: 17.132803 | MI3: 17.43264 | MJ3: 17.669351 | MK3: 17.851491 | ML3: 17.942644 | MM3: 17.943607 | MN3: 17.825763 | MO3: 17.73845 | MP3: 17.646558 | MQ3: 17.597089 | MR3: 17.676698 | MS3: 17.635102 | MT3: 17.440641 | MU3: 17.155713 | MV3: 16.802339 | MW3: 16.450184 | MX3: 16.093922 | MY3: 15.774328 | MZ3: 15.527188 | NA3: 15.250905 | NB3: 15.106217 | NC3: 14.922542 | ND3: 14.76467 | NE3: 14.636743 | NF3: 14.488786 | NG3: 14.468861 | NH3: 14.375025 | NI3: 14.298551 | NJ3: 14.284347 | NK3: 14.23434 | NL3: 14.147947 | NM3: 14.314806 | NN3: 14.484355 | NO3: 14.655911 | NP3: 14.684028 | NQ3: 14.772836 | NR3: 14.762751 | NS3: 14.696257 | NT3: 14.573352 | NU3: 14.394039 | NV3: 14.158316
A4: 2 | B4: H-207_NEG | C4: 0.80691681 | D4: 0.96283107 | E4: 1.0872587 | F4: 1.1801997 | G4: 1.2416539 | H4: 1.2716215 | I4: 1.1879755 | J4: 1.1400947 | K4: 1.1500209 | L4: 1.1889143 | M4: 1.2622345 | N4: 1.3667185 | O4: 1.479124 | P4: 1.6342134 | Q4: 1.8452013 | R4: 1.762258 | S4: 1.7810124 | T4: 1.7999542 | U4: 1.8056493 | V4: 1.818191 | W4: 1.8504405 | X4: 1.8738984 | Y4: 1.9205885 | Z4: 1.9755175 | AA4: 2.0331323 | AB4: 2.0781649 | AC4: 2.1356244 | AD4: 2.1997714 | AE4: 2.2698838 | AF4: 2.3666097 | AG4: 2.4811307 | AH4: 2.6133653 | AI4: 2.8152816 | AJ4: 3.0204989 | AK4: 3.24999 | AL4: 3.5070396 | AM4: 3.7913336 | AN4: 4.0847478 | AO4: 4.383527 | AP4: 4.6610786 | AQ4: 4.8966188 | AR4: 5.1022346 | AS4: 5.2790684 | AT4: 5.4112745 | AU4: 5.5477986 | AV4: 5.6576859 | AW4: 5.7288716 | AX4: 5.7995212 | AY4: 5.8354324 | AZ4: 5.8439949 | BA4: 5.8027265 | BB4: 5.7107935 | BC4: 5.6163711 | BD4: 5.5810479 | BE4: 5.547052 | BF4: 5.5015549 | BG4: 5.4533068 | BH4: 5.4313883 | BI4: 5.407054 | BJ4: 5.4042807 | BK4: 5.3845705 | BL4: 5.3847047 | BM4: 5.3947861 | BN4: 5.4115397 | BO4: 5.3972812 | BP4: 5.3792756 | BQ4: 5.3518122 | BR4: 5.3272289 | BS4: 5.298392 | BT4: 5.2954975 | BU4: 5.2852845 | BV4: 5.3065184 | BW4: 5.2785087 | BX4: 5.2197128 | BY4: 5.2023777 | BZ4: 5.1274162 | CA4: 5.0335457 | CB4: 4.9335424 | CC4: 4.833571 | CD4: 4.7622545 | CE4: 4.692522 | CF4: 4.6526795 | CG4: 4.5796831 | CH4: 4.5406593 | CI4: 4.6717994 | CJ4: 4.7396716 | CK4: 4.8283866 | CL4: 4.9888916 | CM4: 5.3240739 | CN4: 5.8024235 | CO4: 6.4222248 | CP4: 7.1754804 | CQ4: 7.9577834 | CR4: 8.9383328 | CS4: 10.190072 | CT4: 11.165573 | CU4: 12.114504 | CV4: 13.02215 | CW4: 13.829075 | CX4: 14.495404 | CY4: 15.076321 | CZ4: 15.557841 | DA4: 15.95506 | DB4: 16.450189 | DC4: 16.967739 | DD4: 17.315352 | DE4: 17.526853 | DF4: 17.772878 | DG4: 18.21447 | DH4: 18.605381 | DI4: 18.897299 | DJ4: 19.094915 | DK4: 19.269664 | DL4: 19.422722 | DM4: 19.503576 | DN4: 19.510273 | DO4: 19.331929 | DP4: 19.387599 | DQ4: 19.650952 | DR4: 19.805399 | DS4: 19.902145 | DT4: 19.997555 | DU4: 20.098404 | DV4: 20.157887 | DW4: 20.247057 | DX4: 20.388206 | DY4: 20.513019 | DZ4: 20.731826 | EA4: 20.938899 | EB4: 21.143973 | EC4: 21.289769 | ED4: 21.396661 | EE4: 21.46327 | EF4: 21.535909 | EG4: 21.644877 | EH4: 21.800646 | EI4: 21.887414 | EJ4: 22.100072 | EK4: 22.245193 | EL4: 22.319987 | EM4: 22.398981 | EN4: 22.54036 | EO4: 22.642788 | EP4: 22.797809 | EQ4: 22.880847 | ER4: 22.97746 | ES4: 23.077821 | ET4: 23.255915 | EU4: 23.353136 | EV4: 23.379212 | EW4: 23.382723 | EX4: 23.572916 | EY4: 23.727662 | EZ4: 23.834132 | FA4: 23.999302 | FB4: 24.155143 | FC4: 24.354973 | FD4: 24.56279 | FE4: 24.712758 | FF4: 24.768721 | FG4: 24.585495 | FH4: 24.470401 | FI4: 24.646246 | FJ4: 25.014342 | FK4: 25.245115 | FL4: 25.52527 | FM4: 26.15709 | FN4: 26.027592 | FO4: 25.91658 | FP4: 26.174416 | FQ4: 25.148847 | FR4: 24.302365 | FS4: 24.483166 | FT4: 23.842786 | FU4: 23.690332 | FV4: 23.467675 | FW4: 23.719876 | FX4: 23.761056 | FY4: 23.85354 | FZ4: 24.24816 | GA4: 24.169797 | GB4: 24.201428 | GC4: 24.941732 | GD4: 24.377141 | GE4: 24.725034 | GF4: 24.856103 | GG4: 25.015063 | GH4: 25.355287 | GI4: 25.432663 | GJ4: 25.491419 | GK4: 26.031395 | GL4: 25.833098 | GM4: 25.835409 | GN4: 25.250946 | GO4: 25.051777 | GP4: 25.129791 | GQ4: 25.061674 | GR4: 25.468418 | GS4: 25.98238 | GT4: 26.114594 | GU4: 26.454706 | GV4: 26.445618 | GW4: 26.387469 | GX4: 26.456048 | GY4: 26.779221 | GZ4: 27.336192 | HA4: 27.975924 | HB4: 28.439413 | HC4: 28.666284 | HD4: 28.59768 | HE4: 28.413678 | HF4: 28.246627 | HG4: 28.300226 | HH4: 28.285312 | HI4: 28.252037 | HJ4: 28.419211 | HK4: 28.629517 | HL4: 28.311248 | HM4: 27.835664 | HN4: 27.269598 | HO4: 26.778487 | HP4: 26.415215 | HQ4: 26.225199 | HR4: 26.038821 | HS4: 26.078206 | HT4: 26.451884 | HU4: 26.794389 | HV4: 26.698335 | HW4: 26.630973 | HX4: 26.484554 | HY4: 26.326068 | HZ4: 26.270084 | IA4: 26.378724 | IB4: 26.657889 | IC4: 27.051717 | ID4: 27.446883 | IE4: 27.803782 | IF4: 28.077698 | IG4: 28.271069 | IH4: 28.337483 | II4: 28.462161 | IJ4: 28.559751 | IK4: 28.655204 | IL4: 28.734543 | IM4: 28.793921 | IN4: 28.839786 | IO4: 28.872144 | IP4: 28.890991 | IQ4: 28.896324 | IR4: 16.212576 | IS4: 16.733468 | IT4: 17.229567 | IU4: 17.700871 | IV4: 18.147379 | IW4: 18.569096 | IX4: 18.988656 | IY4: 19.33704 | IZ4: 19.603264 | JA4: 19.973804 | JB4: 20.210602 | JC4: 20.399811 | JD4: 20.620557 | JE4: 20.768444 | JF4: 20.90762 | JG4: 20.991169 | JH4: 21.304733 | JI4: 21.561082 | JJ4: 21.738799 | JK4: 22.033511 | JL4: 22.248289 | JM4: 22.3686 | JN4: 22.579089 | JO4: 22.71815 | JP4: 22.791672 | JQ4: 22.919331 | JR4: 23.192843 | JS4: 23.351149 | JT4: 23.417938 | JU4: 23.56736 | JV4: 23.63546 | JW4: 23.632854 | JX4: 23.666845 | JY4: 23.608977 | JZ4: 23.489871 | KA4: 23.397531 | KB4: 23.203905 | KC4: 23.014102 | KD4: 22.688116 | KE4: 22.523424 | KF4: 22.334256 | KG4: 22.260471 | KH4: 22.109323 | KI4: 22.017747 | KJ4: 21.900221 | KK4: 21.858445 | KL4: 21.697699 | KM4: 21.553432 | KN4: 21.276535 | KO4: 21.10333 | KP4: 20.902744 | KQ4: 20.715623 | KR4: 20.436995 | KS4: 20.202425 | KT4: 19.899803 | KU4: 19.609951 | KV4: 19.309416 | KW4: 18.998199 | KX4: 18.676298 | KY4: 18.343714 | KZ4: 12.66786 | LA4: 13.063499 | LB4: 13.387143 | LC4: 13.638789 | LD4: 13.81844 | LE4: 13.926095 | LF4: 13.719613 | LG4: 13.612232 | LH4: 13.655846 | LI4: 13.650534 | LJ4: 13.781013 | LK4: 13.854332 | LL4: 13.901536 | LM4: 13.92894 | LN4: 13.934234 | LO4: 13.930179 | LP4: 13.941159 | LQ4: 13.993757 | LR4: 13.988042 | LS4: 14.04135 | LT4: 14.071565 | LU4: 14.157022 | LV4: 14.244153 | LW4: 14.33931 | LX4: 14.391046 | LY4: 14.447153 | LZ4: 14.511804 | MA4: 14.541626 | MB4: 14.595335 | MC4: 14.659585 | MD4: 14.681141 | ME4: 14.777604 | MF4: 14.847288 | MG4: 14.990962 | MH4: 15.235512 | MI4: 15.510175 | MJ4: 15.735041 | MK4: 15.91445 | ML4: 16.030096 | MM4: 16.083021 | MN4: 16.046462 | MO4: 15.987588 | MP4: 15.894408 | MQ4: 15.88717 | MR4: 15.910273 | MS4: 15.892582 | MT4: 15.689224 | MU4: 15.408089 | MV4: 15.05277 | MW4: 14.708231 | MX4: 14.401542 | MY4: 14.122619 | MZ4: 13.906357 | NA4: 13.71048 | NB4: 13.512526 | NC4: 13.381365 | ND4: 13.186908 | NE4: 12.978428 | NF4: 12.802711 | NG4: 12.713012 | NH4: 12.679612 | NI4: 12.640577 | NJ4: 12.598865 | NK4: 12.542139 | NL4: 12.379189 | NM4: 12.446911 | NN4: 12.524276 | NO4: 12.545816 | NP4: 12.644266 | NQ4: 12.74143 | NR4: 12.731595 | NS4: 12.685649 | NT4: 12.603591 | NU4: 12.485424 | NV4: 12.331145
A5: 3 | B5: H-217_NEG | C5: 0.86833597 | D5: 0.96000941 | E5: 1.0452967 | F5: 1.1241981 | G5: 1.1967132 | H5: 1.2628425 | I5: 1.30107 | J5: 1.3535401 | K5: 1.4183641 | L5: 1.4758525 | M5: 1.5299911 | N5: 1.5836087 | O5: 1.6122835 | P5: 1.6428681 | Q5: 1.6912627 | R5: 1.7230662 | S5: 1.739276 | T5: 1.7578471 | U5: 1.7682375 | V5: 1.796132 | W5: 1.8329339 | X5: 1.8598747 | Y5: 1.9049229 | Z5: 1.9605897 | AA5: 2.0134934 | AB5: 2.056115 | AC5: 2.1091351 | AD5: 2.1640152 | AE5: 2.2269029 | AF5: 2.3200481 | AG5: 2.418765 | AH5: 2.5374564 | AI5: 2.710418 | AJ5: 2.8757126 | AK5: 3.0580767 | AL5: 3.2577842 | AM5: 3.4840299 | AN5: 3.7096484 | AO5: 3.9365699 | AP5: 4.1623535 | AQ5: 4.3554045 | AR5: 4.5327347 | AS5: 4.679611 | AT5: 4.7910131 | AU5: 4.9110775 | AV5: 5.0053407 | AW5: 5.0692574 | AX5: 5.134513 | AY5: 5.1783278 | AZ5: 5.2104315 | BA5: 5.2055702 | BB5: 5.1584131 | BC5: 5.1082658 | BD5: 5.1137945 | BE5: 5.1210059 | BF5: 5.1114561 | BG5: 5.0958831 | BH5: 5.1035338 | BI5: 5.0986514 | BJ5: 5.1084436 | BK5: 5.1113577 | BL5: 5.1252019 | BM5: 5.1447914 | BN5: 5.176969 | BO5: 5.1907625 | BP5: 5.2067482 | BQ5: 5.2071842 | BR5: 5.1981822 | BS5: 5.1768482 | BT5: 5.1801259 | BU5: 5.1843 | BV5: 5.2203365 | BW5: 5.2112294 | BX5: 5.1834713 | BY5: 5.1994815 | BZ5: 5.1579978 | CA5: 5.0859531 | CB5: 5.0077884 | CC5: 4.92686 | CD5: 4.8710676 | CE5: 4.8282289 | CF5: 4.8107167 | CG5: 4.7602125 | CH5: 4.7518758 | CI5: 4.9034834 | CJ5: 4.9851235 | CK5: 5.0790395 | CL5: 5.2217963 | CM5: 5.5014446 | CN5: 5.8869033 | CO5: 6.3743575 | CP5: 6.9461995 | CQ5: 7.5315541 | CR5: 8.2830967 | CS5: 9.2743541 | CT5: 10.01339 | CU5: 10.715472 | CV5: 11.380953 | CW5: 11.966619 | CX5: 12.430346 | CY5: 12.820891 | CZ5: 13.137477 | DA5: 13.380064 | DB5: 13.717403 | DC5: 14.100811 | DD5: 14.347817 | DE5: 14.477806 | DF5: 14.633181 | DG5: 15.030797 | DH5: 15.413946 | DI5: 15.700805 | DJ5: 15.914774 | DK5: 16.071887 | DL5: 16.188122 | DM5: 16.239194 | DN5: 16.218578 | DO5: 16.028172 | DP5: 16.037295 | DQ5: 16.310898 | DR5: 16.476377 | DS5: 16.584359 | DT5: 16.705078 | DU5: 16.817619 | DV5: 16.880893 | DW5: 16.941514 | DX5: 17.079711 | DY5: 17.16436 | DZ5: 17.341136 | EA5: 17.5122 | EB5: 17.652384 | EC5: 17.790326 | ED5: 17.904797 | EE5: 18.000416 | EF5: 18.060152 | EG5: 18.137131 | EH5: 18.290262 | EI5: 18.336823 | EJ5: 18.533673 | EK5: 18.65035 | EL5: 18.701794 | EM5: 18.779506 | EN5: 18.916891 | EO5: 19.013621 | EP5: 19.110252 | EQ5: 19.203025 | ER5: 19.311512 | ES5: 19.388935 | ET5: 19.552667 | EU5: 19.628582 | EV5: 19.649789 | EW5: 19.634923 | EX5: 19.802493 | EY5: 19.897202 | EZ5: 19.965859 | FA5: 20.136487 | FB5: 20.281304 | FC5: 20.484546 | FD5: 20.671652 | FE5: 20.809094 | FF5: 20.868335 | FG5: 20.653513 | FH5: 20.481156 | FI5: 20.593733 | FJ5: 20.982412 | FK5: 21.1747 | FL5: 21.435993 | FM5: 22.028864 | FN5: 21.953627 | FO5: 21.859689 | FP5: 22.031362 | FQ5: 21.183655 | FR5: 20.449817 | FS5: 20.611369 | FT5: 20.294489 | FU5: 20.146032 | FV5: 20.072898 | FW5: 20.39936 | FX5: 20.487855 | FY5: 20.576446 | FZ5: 20.970603 | GA5: 20.904446 | GB5: 20.925447 | GC5: 21.407355 | GD5: 21.03878 | GE5: 21.230408 | GF5: 21.268754 | GG5: 21.426572 | GH5: 21.631562 | GI5: 21.620252 | GJ5: 21.67051 | GK5: 22.063112 | GL5: 21.9775 | GM5: 21.973528 | GN5: 21.655458 | GO5: 21.608601 | GP5: 21.771185 | GQ5: 21.882257 | GR5: 22.199775 | GS5: 22.532906 | GT5: 22.610194 | GU5: 22.839283 | GV5: 22.806181 | GW5: 22.775174 | GX5: 22.884144 | GY5: 23.218694 | GZ5: 23.720399 | HA5: 24.215099 | HB5: 24.522191 | HC5: 24.626152 | HD5: 24.543915 | HE5: 24.417007 | HF5: 24.344767 | HG5: 24.449247 | HH5: 24.4988 | HI5: 24.765811 | HJ5: 24.668133 | HK5: 24.697884 | HL5: 24.287038 | HM5: 23.863325 | HN5: 23.489312 | HO5: 23.288752 | HP5: 23.201745 | HQ5: 23.280093 | HR5: 23.402545 | HS5: 23.768009 | HT5: 23.841114 | HU5: 24.111489 | HV5: 23.943204 | HW5: 23.859463 | HX5: 23.750304 | HY5: 23.662839 | HZ5: 23.63401 | IA5: 23.760009 | IB5: 24.039157 | IC5: 24.398802 | ID5: 24.727123 | IE5: 25.014978 | IF5: 25.235308 | IG5: 25.362805 | IH5: 25.385107 | II5: 25.483885 | IJ5: 25.552464 | IK5: 25.640122 | IL5: 25.736522 | IM5: 25.804954 | IN5: 25.866167 | IO5: 25.920162 | IP5: 25.966939 | IQ5: 26.006496 | IR5: 17.700156 | IS5: 18.173129 | IT5: 18.622537 | IU5: 19.048375 | IV5: 19.450645 | IW5: 19.829348 | IX5: 20.216349 | IY5: 20.529133 | IZ5: 20.742799 | JA5: 21.064791 | JB5: 21.242471 | JC5: 21.37967 | JD5: 21.557073 | JE5: 21.658955 | JF5: 21.73452 | JG5: 21.755758 | JH5: 22.005873 | JI5: 22.187399 | JJ5: 22.288851 | JK5: 22.538535 | JL5: 22.705717 | JM5: 22.800633 | JN5: 22.964188 | JO5: 23.064703 | JP5: 23.095223 | JQ5: 23.211108 | JR5: 23.45446 | JS5: 23.606903 | JT5: 23.666749 | JU5: 23.829183 | JV5: 23.91266 | JW5: 23.918969 | JX5: 23.957639 | JY5: 23.911342 | JZ5: 23.806462 | KA5: 23.764877 | KB5: 23.610689 | KC5: 23.471531 | KD5: 23.189943 | KE5: 23.086444 | KF5: 22.933678 | KG5: 22.89859 | KH5: 22.810123 | KI5: 22.746361 | KJ5: 22.665259 | KK5: 22.698347 | KL5: 22.550751 | KM5: 22.428819 | KN5: 22.187731 | KO5: 22.058739 | KP5: 21.889035 | KQ5: 21.76024 | KR5: 21.546243 | KS5: 21.353597 | KT5: 21.114028 | KU5: 20.868681 | KV5: 20.606878 | KW5: 20.328622 | KX5: 20.033906 | KY5: 19.722737 | KZ5: 16.119414 | LA5: 16.525879 | LB5: 16.840138 | LC5: 17.062189 | LD5: 17.192038 | LE5: 17.229678 | LF5: 16.735002 | LG5: 16.187243 | LH5: 16.646256 | LI5: 16.589653 | LJ5: 16.665864 | LK5: 16.7469 | LL5: 16.77634 | LM5: 16.798286 | LN5: 16.797843 | LO5: 16.7916 | LP5: 16.793994 | LQ5: 16.843331 | LR5: 16.819765 | LS5: 16.826312 | LT5: 16.842844 | LU5: 16.92344 | LV5: 16.972263 | LW5: 17.064652 | LX5: 17.109323 | LY5: 17.164389 | LZ5: 17.248233 | MA5: 17.287892 | MB5: 17.327527 | MC5: 17.34288 | MD5: 17.332714 | ME5: 17.363734 | MF5: 17.396532 | MG5: 17.521138 | MH5: 17.753734 | MI5: 18.047642 | MJ5: 18.296076 | MK5: 18.465126 | ML5: 18.558699 | MM5: 18.563003 | MN5: 18.508725 | MO5: 18.402195 | MP5: 18.307512 | MQ5: 18.322641 | MR5: 18.36921 | MS5: 18.344564 | MT5: 18.161207 | MU5: 17.875193 | MV5: 17.58762 | MW5: 17.297612 | MX5: 17.018369 | MY5: 16.750296 | MZ5: 16.54144 | NA5: 16.419611 | NB5: 16.244916 | NC5: 16.065122 | ND5: 15.887645 | NE5: 15.670317 | NF5: 15.541479 | NG5: 15.427968 | NH5: 15.373337 | NI5: 15.310523 | NJ5: 15.321022 | NK5: 15.349971 | NL5: 15.262574 | NM5: 15.338835 | NN5: 15.448472 | NO5: 15.492042 | NP5: 15.548315 | NQ5: 15.641478 | NR5: 15.653469 | NS5: 15.643154 | NT5: 15.610534 | NU5: 15.555607 | NV5: 15.478377
A6: 4 | B6: H-306_NEG | C6: 0.8335048 | D6: 0.96879734 | E6: 1.0765011 | F6: 1.1566163 | G6: 1.2091426 | H6: 1.2340803 | I6: 1.1515128 | J6: 1.1133948 | K6: 1.1380192 | L6: 1.1829029 | M6: 1.259044 | N6: 1.3601365 | O6: 1.4844945 | P6: 1.6419557 | Q6: 1.8453322 | R6: 1.7555558 | S6: 1.7691673 | T6: 1.7874087 | U6: 1.8011557 | V6: 1.8262496 | W6: 1.8658685 | X6: 1.8907745 | Y6: 1.9393765 | Z6: 1.9927136 | AA6: 2.043556 | AB6: 2.0883483 | AC6: 2.1414268 | AD6: 2.2028751 | AE6: 2.2728522 | AF6: 2.3719873 | AG6: 2.4880416 | AH6: 2.6226953 | AI6: 2.8183012 | AJ6: 3.0166149 | AK6: 3.2331575 | AL6: 3.4811298 | AM6: 3.7547249 | AN6: 4.0377548 | AO6: 4.3186099 | AP6: 4.5869026 | AQ6: 4.8190256 | AR6: 5.0249499 | AS6: 5.1907825 | AT6: 5.3218716 | AU6: 5.4510602 | AV6: 5.5612644 | AW6: 5.6313659 | AX6: 5.7087109 | AY6: 5.7506386 | AZ6: 5.7680639 | BA6: 5.7365048 | BB6: 5.6544175 | BC6: 5.5615268 | BD6: 5.5332269 | BE6: 5.5004671 | BF6: 5.4591597 | BG6: 5.417607 | BH6: 5.4076036 | BI6: 5.3859562 | BJ6: 5.3849227 | BK6: 5.3708679 | BL6: 5.3717782 | BM6: 5.3785878 | BN6: 5.3975034 | BO6: 5.3883564 | BP6: 5.3824359 | BQ6: 5.3632779 | BR6: 5.3367451 | BS6: 5.3042438 | BT6: 5.2953651 | BU6: 5.2839126 | BV6: 5.3041113 | BW6: 5.2779102 | BX6: 5.2226376 | BY6: 5.2077904 | BZ6: 5.1411846 | CA6: 5.048902 | CB6: 4.952241 | CC6: 4.8560717 | CD6: 4.7811791 | CE6: 4.7171433 | CF6: 4.6819599 | CG6: 4.6123454 | CH6: 4.5824928 | CI6: 4.711368 | CJ6: 4.7828516 | CK6: 4.8753804 | CL6: 5.0296671 | CM6: 5.3526609 | CN6: 5.8175157 | CO6: 6.4192476 | CP6: 7.1485037 | CQ6: 7.9072368 | CR6: 8.8720618 | CS6: 10.092069 | CT6: 11.058966 | CU6: 11.990795 | CV6: 12.876372 | CW6: 13.671172 | CX6: 14.342607 | CY6: 14.931416 | CZ6: 15.426036 | DA6: 15.823176 | DB6: 16.318618 | DC6: 16.844355 | DD6: 17.189438 | DE6: 17.408346 | DF6: 17.642469 | DG6: 18.071911 | DH6: 18.479825 | DI6: 18.795547 | DJ6: 19.02608 | DK6: 19.196253 | DL6: 19.34447 | DM6: 19.418203 | DN6: 19.42038 | DO6: 19.26339 | DP6: 19.307157 | DQ6: 19.580262 | DR6: 19.733986 | DS6: 19.833244 | DT6: 19.931736 | DU6: 20.020832 | DV6: 20.077425 | DW6: 20.147264 | DX6: 20.299718 | DY6: 20.42001 | DZ6: 20.629927 | EA6: 20.824918 | EB6: 20.980061 | EC6: 21.125965 | ED6: 21.234494 | EE6: 21.315771 | EF6: 21.377483 | EG6: 21.485982 | EH6: 21.653959 | EI6: 21.73733 | EJ6: 21.948438 | EK6: 22.078195 | EL6: 22.135669 | EM6: 22.219321 | EN6: 22.358567 | EO6: 22.451748 | EP6: 22.561236 | EQ6: 22.6575 | ER6: 22.7782 | ES6: 22.87587 | ET6: 23.051552 | EU6: 23.16216 | EV6: 23.215554 | EW6: 23.251816 | EX6: 23.442714 | EY6: 23.560735 | EZ6: 23.64001 | FA6: 23.804299 | FB6: 23.965662 | FC6: 24.15438 | FD6: 24.329243 | FE6: 24.480068 | FF6: 24.548492 | FG6: 24.389643 | FH6: 24.280452 | FI6: 24.413663 | FJ6: 24.73892 | FK6: 24.9209 | FL6: 25.186437 | FM6: 25.738071 | FN6: 25.648585 | FO6: 25.52892 | FP6: 25.770678 | FQ6: 24.876031 | FR6: 24.109552 | FS6: 24.225112 | FT6: 23.639188 | FU6: 23.388115 | FV6: 23.152364 | FW6: 23.364662 | FX6: 23.47803 | FY6: 23.575401 | FZ6: 24.087306 | GA6: 24.049599 | GB6: 24.134958 | GC6: 24.760622 | GD6: 24.280007 | GE6: 24.501024 | GF6: 24.533699 | GG6: 24.69587 | GH6: 24.966423 | GI6: 25.014411 | GJ6: 25.117599 | GK6: 25.622473 | GL6: 25.577982 | GM6: 25.643471 | GN6: 25.243188 | GO6: 25.132947 | GP6: 25.253563 | GQ6: 25.310374 | GR6: 25.688726 | GS6: 26.176814 | GT6: 26.310136 | GU6: 26.659862 | GV6: 26.675267 | GW6: 26.636085 | GX6: 26.712033 | GY6: 27.0431 | GZ6: 27.60741 | HA6: 28.243584 | HB6: 28.714732 | HC6: 28.946617 | HD6: 28.862768 | HE6: 28.686729 | HF6: 28.513832 | HG6: 28.545346 | HH6: 28.549562 | HI6: 28.776318 | HJ6: 28.646168 | HK6: 28.594986 | HL6: 28.071284 | HM6: 27.455452 | HN6: 26.811061 | HO6: 26.3248 | HP6: 26.000567 | HQ6: 25.931126 | HR6: 25.98089 | HS6: 26.316422 | HT6: 26.430151 | HU6: 26.73785 | HV6: 26.652843 | HW6: 26.598033 | HX6: 26.453105 | HY6: 26.314482 | HZ6: 26.240199 | IA6: 26.328033 | IB6: 26.595824 | IC6: 26.966321 | ID6: 27.343709 | IE6: 27.687082 | IF6: 27.982196 | IG6: 28.183488 | IH6: 28.250581 | II6: 28.396678 | IJ6: 28.494266 | IK6: 28.58874 | IL6: 28.668913 | IM6: 28.71659 | IN6: 28.744592 | IO6: 28.752921 | IP6: 28.741576 | IQ6: 28.710557 | IR6: 16.150418 | IS6: 16.641427 | IT6: 17.110968 | IU6: 17.559042 | IV6: 17.985649 | IW6: 18.39079 | IX6: 18.798393 | IY6: 19.133736 | IZ6: 19.391979 | JA6: 19.7634 | JB6: 20.006281 | JC6: 20.189112 | JD6: 20.396967 | JE6: 20.546075 | JF6: 20.672768 | JG6: 20.743648 | JH6: 21.039613 | JI6: 21.291909 | JJ6: 21.446816 | JK6: 21.723767 | JL6: 21.934806 | JM6: 22.040054 | JN6: 22.233234 | JO6: 22.359733 | JP6: 22.407493 | JQ6: 22.537649 | JR6: 22.800015 | JS6: 22.962928 | JT6: 23.027162 | JU6: 23.180815 | JV6: 23.263478 | JW6: 23.26695 | JX6: 23.293991 | JY6: 23.223268 | JZ6: 23.108815 | KA6: 23.023886 | KB6: 22.830788 | KC6: 22.650871 | KD6: 22.342813 | KE6: 22.194547 | KF6: 22.022064 | KG6: 21.9541 | KH6: 21.814412 | KI6: 21.720206 | KJ6: 21.623032 | KK6: 21.569382 | KL6: 21.402045 | KM6: 21.244443 | KN6: 20.958906 | KO6: 20.785408 | KP6: 20.582852 | KQ6: 20.397133 | KR6: 20.136172 | KS6: 19.90536 | KT6: 19.625878 | KU6: 19.345335 | KV6: 19.050856 | KW6: 18.742447 | KX6: 18.420104 | KY6: 18.083826 | KZ6: 12.698044 | LA6: 13.037666 | LB6: 13.317928 | LC6: 13.53883 | LD6: 13.70037 | LE6: 13.802553 | LF6: 13.574943 | LG6: 13.52082 | LH6: 13.633739 | LI6: 13.642514 | LJ6: 13.795442 | LK6: 13.890988 | LL6: 13.941382 | LM6: 13.963803 | LN6: 13.969565 | LO6: 13.963913 | LP6: 13.963902 | LQ6: 14.034631 | LR6: 14.014626 | LS6: 14.046156 | LT6: 14.083884 | LU6: 14.167438 | LV6: 14.227086 | LW6: 14.333558 | LX6: 14.39535 | LY6: 14.474868 | LZ6: 14.55484 | MA6: 14.612549 | MB6: 14.661398 | MC6: 14.704317 | MD6: 14.720015 | ME6: 14.768966 | MF6: 14.816036 | MG6: 14.934806 | MH6: 15.160287 | MI6: 15.453611 | MJ6: 15.6623 | MK6: 15.827303 | ML6: 15.94311 | MM6: 15.985335 | MN6: 15.954113 | MO6: 15.881097 | MP6: 15.791376 | MQ6: 15.740798 | MR6: 15.770516 | MS6: 15.743057 | MT6: 15.55324 | MU6: 15.294594 | MV6: 15.01213 | MW6: 14.721529 | MX6: 14.421153 | MY6: 14.15929 | MZ6: 13.95687 | NA6: 13.754367 | NB6: 13.559756 | NC6: 13.393118 | ND6: 13.223683 | NE6: 13.044749 | NF6: 12.887558 | NG6: 12.785105 | NH6: 12.70772 | NI6: 12.697415 | NJ6: 12.692066 | NK6: 12.643546 | NL6: 12.507024 | NM6: 12.57373 | NN6: 12.661298 | NO6: 12.720457 | NP6: 12.773103 | NQ6: 12.837019 | NR6: 12.810657 | NS6: 12.749154 | NT6: 12.652508 | NU6: 12.520722 | NV6: 12.353792
A7: 5 | B7: H-312_NEG | C7: 0.92895189 | D7: 1.0119517 | E7: 1.0900755 | F7: 1.1633231 | G7: 1.2316944 | H7: 1.2951896 | I7: 1.3359744 | J7: 1.3856024 | K7: 1.4534142 | L7: 1.5187837 | M7: 1.5768569 | N7: 1.6292942 | O7: 1.6646672 | P7: 1.7039373 | Q7: 1.7552579 | R7: 1.789803 | S7: 1.8066014 | T7: 1.8273156 | U7: 1.8388636 | V7: 1.8636827 | W7: 1.9022239 | X7: 1.9280113 | Y7: 1.9742683 | Z7: 2.0350852 | AA7: 2.0896282 | AB7: 2.1380729 | AC7: 2.1969641 | AD7: 2.2632649 | AE7: 2.3307354 | AF7: 2.428929 | AG7: 2.5411699 | AH7: 2.672558 | AI7: 2.8684887 | AJ7: 3.0651728 | AK7: 3.2783175 | AL7: 3.5182684 | AM7: 3.7860279 | AN7: 4.0583424 | AO7: 4.3255277 | AP7: 4.583644 | AQ7: 4.8041881 | AR7: 5.0054699 | AS7: 5.1651367 | AT7: 5.2894359 | AU7: 5.4200994 | AV7: 5.5299017 | AW7: 5.6065524 | AX7: 5.6848189 | AY7: 5.7333008 | AZ7: 5.7617742 | BA7: 5.7421797 | BB7: 5.6762129 | BC7: 5.594397 | BD7: 5.5797591 | BE7: 5.5660223 | BF7: 5.539801 | BG7: 5.5107844 | BH7: 5.5064819 | BI7: 5.4945007 | BJ7: 5.5025535 | BK7: 5.4940946 | BL7: 5.5018987 | BM7: 5.5102683 | BN7: 5.5313232 | BO7: 5.5296592 | BP7: 5.5319314 | BQ7: 5.5186557 | BR7: 5.4992642 | BS7: 5.4764193 | BT7: 5.475086 | BU7: 5.4682195 | BV7: 5.4936845 | BW7: 5.4684626 | BX7: 5.4175937 | BY7: 5.4092407 | BZ7: 5.3493658 | CA7: 5.2612504 | CB7: 5.1705433 | CC7: 5.0783886 | CD7: 5.0082026 | CE7: 4.9520996 | CF7: 4.9204013 | CG7: 4.8552451 | CH7: 4.8316123 | CI7: 4.9648221 | CJ7: 5.0415932 | CK7: 5.1364175 | CL7: 5.3002453 | CM7: 5.6290078 | CN7: 6.0958685 | CO7: 6.6861028 | CP7: 7.3856534 | CQ7: 8.105188 | CR7: 9.0124273 | CS7: 10.173921 | CT7: 11.067369 | CU7: 11.921025 | CV7: 12.731763 | CW7: 13.448571 | CX7: 14.027774 | CY7: 14.529974 | CZ7: 14.944095 | DA7: 15.258014 | DB7: 15.67939 | DC7: 16.15332 | DD7: 16.460764 | DE7: 16.63055 | DF7: 16.817012 | DG7: 17.250607 | DH7: 17.661235 | DI7: 17.987964 | DJ7: 18.213676 | DK7: 18.383203 | DL7: 18.529363 | DM7: 18.595628 | DN7: 18.58997 | DO7: 18.390791 | DP7: 18.402581 | DQ7: 18.68038 | DR7: 18.839211 | DS7: 18.937995 | DT7: 19.041198 | DU7: 19.147756 | DV7: 19.209335 | DW7: 19.266069 | DX7: 19.414018 | DY7: 19.504612 | DZ7: 19.695765 | EA7: 19.872543 | EB7: 20.033745 | EC7: 20.182786 | ED7: 20.308791 | EE7: 20.407315 | EF7: 20.477601 | EG7: 20.566211 | EH7: 20.731838 | EI7: 20.784235 | EJ7: 20.985862 | EK7: 21.109351 | EL7: 21.175786 | EM7: 21.262112 | EN7: 21.411987 | EO7: 21.507764 | EP7: 21.620124 | EQ7: 21.708554 | ER7: 21.827803 | ES7: 21.902748 | ET7: 22.08034 | EU7: 22.177925 | EV7: 22.209981 | EW7: 22.222297 | EX7: 22.416972 | EY7: 22.537418 | EZ7: 22.604417 | FA7: 22.786319 | FB7: 22.941537 | FC7: 23.152184 | FD7: 23.352246 | FE7: 23.504288 | FF7: 23.571067 | FG7: 23.382986 | FH7: 23.2265 | FI7: 23.367725 | FJ7: 23.73554 | FK7: 23.947718 | FL7: 24.241371 | FM7: 24.873917 | FN7: 24.782018 | FO7: 24.686679 | FP7: 24.912234 | FQ7: 23.98267 | FR7: 23.213565 | FS7: 23.357005 | FT7: 22.873728 | FU7: 22.657795 | FV7: 22.5159 | FW7: 22.798912 | FX7: 22.866025 | FY7: 22.965765 | FZ7: 23.423149 | GA7: 23.352259 | GB7: 23.414446 | GC7: 23.974117 | GD7: 23.531627 | GE7: 23.774285 | GF7: 23.81665 | GG7: 23.991886 | GH7: 24.244383 | GI7: 24.265379 | GJ7: 24.333514 | GK7: 24.788337 | GL7: 24.693466 | GM7: 24.726935 | GN7: 24.346285 | GO7: 24.278052 | GP7: 24.421342 | GQ7: 24.516404 | GR7: 24.885982 | GS7: 25.317995 | GT7: 25.414522 | GU7: 25.699916 | GV7: 25.667045 | GW7: 25.62761 | GX7: 25.715714 | GY7: 26.080056 | GZ7: 26.651944 | HA7: 27.239571 | HB7: 27.656838 | HC7: 27.835276 | HD7: 27.731463 | HE7: 27.566062 | HF7: 27.450937 | HG7: 27.520304 | HH7: 27.524268 | HI7: 27.780027 | HJ7: 27.642518 | HK7: 27.637331 | HL7: 27.157222 | HM7: 26.604142 | HN7: 26.079634 | HO7: 25.734854 | HP7: 25.556441 | HQ7: 25.545406 | HR7: 25.619562 | HS7: 25.969949 | HT7: 26.057617 | HU7: 26.378877 | HV7: 26.242274 | HW7: 26.149509 | HX7: 26.023659 | HY7: 25.909881 | HZ7: 25.868426 | IA7: 25.969682 | IB7: 26.245401 | IC7: 26.616997 | ID7: 26.990825 | IE7: 27.333896 | IF7: 27.601116 | IG7: 27.764617 | IH7: 27.820577 | II7: 27.937997 | IJ7: 28.028795 | IK7: 28.134268 | IL7: 28.228112 | IM7: 28.296211 | IN7: 28.353607 | IO7: 28.400302 | IP7: 28.436297 | IQ7: 28.46159 | IR7: 17.197312 | IS7: 17.704682 | IT7: 18.188374 | IU7: 18.648393 | IV7: 19.084735 | IW7: 19.497403 | IX7: 19.908507 | IY7: 20.264009 | IZ7: 20.502734 | JA7: 20.882673 | JB7: 21.098466 | JC7: 21.264673 | JD7: 21.47207 | JE7: 21.577381 | JF7: 21.694207 | JG7: 21.723553 | JH7: 22.003582 | JI7: 22.217516 | JJ7: 22.329343 | JK7: 22.625732 | JL7: 22.805844 | JM7: 22.929084 | JN7: 23.136188 | JO7: 23.250732 | JP7: 23.325835 | JQ7: 23.443739 | JR7: 23.702115 | JS7: 23.858627 | JT7: 23.905675 | JU7: 24.058039 | JV7: 24.133303 | JW7: 24.133634 | JX7: 24.174321 | JY7: 24.112309 | JZ7: 24.00016 | KA7: 23.911381 | KB7: 23.719531 | KC7: 23.546058 | KD7: 23.218497 | KE7: 23.077888 | KF7: 22.910931 | KG7: 22.843861 | KH7: 22.736523 | KI7: 22.654428 | KJ7: 22.541886 | KK7: 22.525213 | KL7: 22.363519 | KM7: 22.211037 | KN7: 21.943386 | KO7: 21.792707 | KP7: 21.597097 | KQ7: 21.439 | KR7: 21.198469 | KS7: 20.973398 | KT7: 20.698122 | KU7: 20.424538 | KV7: 20.13669 | KW7: 19.834579 | KX7: 19.518204 | KY7: 19.187567 | KZ7: 14.047963 | LA7: 14.45352 | LB7: 14.785332 | LC7: 15.043396 | LD7: 15.227717 | LE7: 15.338292 | LF7: 15.102781 | LG7: 14.990687 | LH7: 15.097776 | LI7: 15.084553 | LJ7: 15.206525 | LK7: 15.32239 | LL7: 15.376252 | LM7: 15.393029 | LN7: 15.388403 | LO7: 15.369132 | LP7: 15.34943 | LQ7: 15.394427 | LR7: 15.364597 | LS7: 15.378581 | LT7: 15.399321 | LU7: 15.486464 | LV7: 15.540274 | LW7: 15.640379 | LX7: 15.700695 | LY7: 15.775475 | LZ7: 15.855128 | MA7: 15.882856 | MB7: 15.930808 | MC7: 15.960316 | MD7: 15.974204 | ME7: 16.004229 | MF7: 16.025891 | MG7: 16.174209 | MH7: 16.401792 | MI7: 16.701025 | MJ7: 16.92671 | MK7: 17.09844 | ML7: 17.244222 | MM7: 17.249529 | MN7: 17.219575 | MO7: 17.112638 | MP7: 17.025266 | MQ7: 17.027436 | MR7: 17.06484 | MS7: 17.05619 | MT7: 16.871248 | MU7: 16.590228 | MV7: 16.293228 | MW7: 15.940685 | MX7: 15.666018 | MY7: 15.350286 | MZ7: 15.116808 | NA7: 14.942437 | NB7: 14.773351 | NC7: 14.606785 | ND7: 14.416454 | NE7: 14.204095 | NF7: 14.068925 | NG7: 13.986264 | NH7: 13.922613 | NI7: 13.879938 | NJ7: 13.853893 | NK7: 13.850767 | NL7: 13.706159 | NM7: 13.787047 | NN7: 13.917732 | NO7: 13.981461 | NP7: 14.086264 | NQ7: 14.158818 | NR7: 14.15526 | NS7: 14.114395 | NT7: 14.036223 | NU7: 13.920743 | NV7: 13.767953
A8: 6 | B8: H-405_NEG | C8: 0.70404238 | D8: 0.82674564 | E8: 0.92479567 | F8: 0.99819241 | G8: 1.046936 | H8: 1.0710264 | I8: 1.0041565 | J8: 0.97032455 | K8: 0.98755264 | L8: 1.0228327 | M8: 1.0880543 | N8: 1.1714128 | O8: 1.2739483 | P8: 1.4116844 | Q8: 1.5885537 | R8: 1.5112365 | S8: 1.5271588 | T8: 1.5442334 | U8: 1.5575384 | V8: 1.577642 | W8: 1.6122356 | X8: 1.6326271 | Y8: 1.6767044 | Z8: 1.72903 | AA8: 1.7775916 | AB8: 1.8194587 | AC8: 1.8734481 | AD8: 1.9322395 | AE8: 1.9958452 | AF8: 2.0867217 | AG8: 2.1954968 | AH8: 2.3213998 | AI8: 2.5040801 | AJ8: 2.6925442 | AK8: 2.8954509 | AL8: 3.1305318 | AM8: 3.3896794 | AN8: 3.655433 | AO8: 3.9177861 | AP8: 4.170701 | AQ8: 4.3906796 | AR8: 4.579797 | AS8: 4.7326036 | AT8: 4.8504375 | AU8: 4.9695162 | AV8: 5.0692065 | AW8: 5.1315261 | AX8: 5.2000159 | AY8: 5.2357825 | AZ8: 5.2513252 | BA8: 5.219697 | BB8: 5.1400073 | BC8: 5.0540004 | BD8: 5.025607 | BE8: 4.9996541 | BF8: 4.96119 | BG8: 4.9248722 | BH8: 4.9149651 | BI8: 4.8968228 | BJ8: 4.897792 | BK8: 4.8838196 | BL8: 4.8863451 | BM8: 4.8930396 | BN8: 4.9127257 | BO8: 4.9073496 | BP8: 4.9025888 | BQ8: 4.8869527 | BR8: 4.8650235 | BS8: 4.8379581 | BT8: 4.8305095 | BU8: 4.8220686 | BV8: 4.843055 | BW8: 4.8195251 | BX8: 4.7695331 | BY8: 4.7546225 | BZ8: 4.6926408 | CA8: 4.6038268 | CB8: 4.5164064 | CC8: 4.4274597 | CD8: 4.361034 | CE8: 4.3091491 | CF8: 4.2789612 | CG8: 4.2188952 | CH8: 4.1944238 | CI8: 4.3160992 | CJ8: 4.3832379 | CK8: 4.4692762 | CL8: 4.6173743 | CM8: 4.9220105 | CN8: 5.355109 | CO8: 5.9111569 | CP8: 6.5823272 | CQ8: 7.2876869 | CR8: 8.1817951 | CS8: 9.311762 | CT8: 10.202539 | CU8: 11.069761 | CV8: 11.887336 | CW8: 12.624053 | CX8: 13.236925 | CY8: 13.771226 | CZ8: 14.228828 | DA8: 14.597014 | DB8: 15.054068 | DC8: 15.535326 | DD8: 15.856886 | DE8: 16.075976 | DF8: 16.283525 | DG8: 16.684742 | DH8: 17.076834 | DI8: 17.378544 | DJ8: 17.608569 | DK8: 17.779789 | DL8: 17.9284 | DM8: 17.995261 | DN8: 18.003213 | DO8: 17.857533 | DP8: 17.884177 | DQ8: 18.144106 | DR8: 18.296287 | DS8: 18.397076 | DT8: 18.50543 | DU8: 18.606514 | DV8: 18.676454 | DW8: 18.748445 | DX8: 18.890991 | DY8: 19.0151 | DZ8: 19.207869 | EA8: 19.390222 | EB8: 19.527229 | EC8: 19.657297 | ED8: 19.761168 | EE8: 19.84254 | EF8: 19.917884 | EG8: 20.025335 | EH8: 20.194839 | EI8: 20.295965 | EJ8: 20.499031 | EK8: 20.635002 | EL8: 20.683102 | EM8: 20.756512 | EN8: 20.894929 | EO8: 20.982919 | EP8: 21.096894 | EQ8: 21.199078 | ER8: 21.323893 | ES8: 21.423591 | ET8: 21.60305 | EU8: 21.718487 | EV8: 21.777614 | EW8: 21.811111 | EX8: 21.998875 | EY8: 22.107113 | EZ8: 22.193548 | FA8: 22.342082 | FB8: 22.480082 | FC8: 22.66112 | FD8: 22.842148 | FE8: 22.985734 | FF8: 23.083896 | FG8: 22.938649 | FH8: 22.865948 | FI8: 22.989787 | FJ8: 23.320316 | FK8: 23.49808 | FL8: 23.761732 | FM8: 24.275783 | FN8: 24.277457 | FO8: 24.224763 | FP8: 24.469727 | FQ8: 23.678702 | FR8: 23.005504 | FS8: 23.104849 | FT8: 22.631488 | FU8: 22.367957 | FV8: 22.17759 | FW8: 22.394794 | FX8: 22.518316 | FY8: 22.649488 | FZ8: 23.095459 | GA8: 23.035064 | GB8: 23.135069 | GC8: 23.675996 | GD8: 23.30808 | GE8: 23.497348 | GF8: 23.55053 | GG8: 23.755071 | GH8: 23.99651 | GI8: 24.056382 | GJ8: 24.187248 | GK8: 24.578591 | GL8: 24.56417 | GM8: 24.621364 | GN8: 24.337628 | GO8: 24.282338 | GP8: 24.442486 | GQ8: 24.623912 | GR8: 25.04192 | GS8: 25.526228 | GT8: 25.734101 | GU8: 26.005012 | GV8: 26.016642 | GW8: 25.979239 | GX8: 26.048595 | GY8: 26.377266 | GZ8: 26.926288 | HA8: 27.554921 | HB8: 28.028953 | HC8: 28.270868 | HD8: 28.199677 | HE8: 28.030151 | HF8: 27.875314 | HG8: 27.916722 | HH8: 27.926443 | HI8: 28.167031 | HJ8: 28.060798 | HK8: 28.023907 | HL8: 27.539007 | HM8: 26.958191 | HN8: 26.349859 | HO8: 25.90554 | HP8: 25.630342 | HQ8: 25.600371 | HR8: 25.689253 | HS8: 26.050397 | HT8: 26.190846 | HU8: 26.501454 | HV8: 26.432321 | HW8: 26.372707 | HX8: 26.236025 | HY8: 26.112549 | HZ8: 26.054155 | IA8: 26.148474 | IB8: 26.418435 | IC8: 26.788569 | ID8: 27.170331 | IE8: 27.525964 | IF8: 27.823351 | IG8: 28.023304 | IH8: 28.099787 | II8: 28.264053 | IJ8: 28.370217 | IK8: 28.467243 | IL8: 28.541238 | IM8: 28.595468 | IN8: 28.63208 | IO8: 28.651064 | IP8: 28.652429 | IQ8: 28.636171 | IR8: 16.540535 | IS8: 17.033466 | IT8: 17.50453 | IU8: 17.953728 | IV8: 18.381057 | IW8: 18.786523 | IX8: 19.191883 | IY8: 19.528476 | IZ8: 19.784191 | JA8: 20.14995 | JB8: 20.390185 | JC8: 20.568948 | JD8: 20.773007 | JE8: 20.919319 | JF8: 21.046901 | JG8: 21.119701 | JH8: 21.422073 | JI8: 21.682906 | JJ8: 21.838142 | JK8: 22.117028 | JL8: 22.325954 | JM8: 22.429329 | JN8: 22.62362 | JO8: 22.754385 | JP8: 22.802326 | JQ8: 22.930694 | JR8: 23.193655 | JS8: 23.353312 | JT8: 23.410948 | JU8: 23.556715 | JV8: 23.633885 | JW8: 23.630256 | JX8: 23.655939 | JY8: 23.581868 | JZ8: 23.456743 | KA8: 23.369451 | KB8: 23.17408 | KC8: 22.986343 | KD8: 22.667815 | KE8: 22.519966 | KF8: 22.351346 | KG8: 22.275664 | KH8: 22.137148 | KI8: 22.044397 | KJ8: 21.952126 | KK8: 21.917199 | KL8: 21.769422 | KM8: 21.626354 | KN8: 21.35287 | KO8: 21.194513 | KP8: 20.998228 | KQ8: 20.805586 | KR8: 20.542721 | KS8: 20.309629 | KT8: 20.024055 | KU8: 19.74177 | KV8: 19.446759 | KW8: 19.139025 | KX8: 18.818567 | KY8: 18.485381 | KZ8: 13.144391 | LA8: 13.487799 | LB8: 13.768927 | LC8: 13.987774 | LD8: 14.144339 | LE8: 14.238624 | LF8: 13.996859 | LG8: 13.923264 | LH8: 14.016172 | LI8: 14.010038 | LJ8: 14.164584 | LK8: 14.237594 | LL8: 14.270639 | LM8: 14.284805 | LN8: 14.280784 | LO8: 14.275429 | LP8: 14.272359 | LQ8: 14.343095 | LR8: 14.320847 | LS8: 14.346175 | LT8: 14.368133 | LU8: 14.445131 | LV8: 14.493191 | LW8: 14.593804 | LX8: 14.642658 | LY8: 14.725019 | LZ8: 14.808276 | MA8: 14.866696 | MB8: 14.90846 | MC8: 14.934827 | MD8: 14.952907 | ME8: 15.013863 | MF8: 15.048551 | MG8: 15.180664 | MH8: 15.406958 | MI8: 15.710512 | MJ8: 15.950523 | MK8: 16.120864 | ML8: 16.245465 | MM8: 16.276981 | MN8: 16.262305 | MO8: 16.200264 | MP8: 16.121284 | MQ8: 16.099391 | MR8: 16.128847 | MS8: 16.094695 | MT8: 15.903226 | MU8: 15.59901 | MV8: 15.302028 | MW8: 14.967379 | MX8: 14.673059 | MY8: 14.386464 | MZ8: 14.184681 | NA8: 13.987556 | NB8: 13.793751 | NC8: 13.618469 | ND8: 13.435284 | NE8: 13.225769 | NF8: 13.071145 | NG8: 12.973098 | NH8: 12.922101 | NI8: 12.916327 | NJ8: 12.930102 | NK8: 12.897971 | NL8: 12.78803 | NM8: 12.851927 | NN8: 12.933683 | NO8: 12.953709 | NP8: 13.002016 | NQ8: 13.061857 | NR8: 13.054278 | NS8: 13.023669 | NT8: 12.970029 | NU8: 12.89336 | NV8: 12.793659
A9: 7 | B9: H-411_NEG | C9: 0.80695263 | D9: 0.89904166 | E9: 0.98515932 | F9: 1.0653056 | G9: 1.1394804 | H9: 1.2076839 | I9: 1.2484612 | J9: 1.2957232 | K9: 1.3740125 | L9: 1.4376091 | M9: 1.4928348 | N9: 1.5326777 | O9: 1.5633166 | P9: 1.5988281 | Q9: 1.6478507 | R9: 1.6817782 | S9: 1.7003199 | T9: 1.721699 | U9: 1.7410767 | V9: 1.7680721 | W9: 1.8053261 | X9: 1.829553 | Y9: 1.8792563 | Z9: 1.9314417 | AA9: 1.9873299 | AB9: 2.0325516 | AC9: 2.0872099 | AD9: 2.1527372 | AE9: 2.2244365 | AF9: 2.325852 | AG9: 2.4400255 | AH9: 2.5814093 | AI9: 2.789555 | AJ9: 2.9978801 | AK9: 3.2290237 | AL9: 3.4889834 | AM9: 3.7743502 | AN9: 4.0648312 | AO9: 4.3485081 | AP9: 4.6172113 | AQ9: 4.8436071 | AR9: 5.0447512 | AS9: 5.2110399 | AT9: 5.3401987 | AU9: 5.4761468 | AV9: 5.5870808 | AW9: 5.6543657 | AX9: 5.7254223 | AY9: 5.7632697 | AZ9: 5.7758864 | BA9: 5.7352919 | BB9: 5.6458553 | BC9: 5.5540777 | BD9: 5.5240457 | BE9: 5.5016557 | BF9: 5.4600719 | BG9: 5.4153186 | BH9: 5.4002985 | BI9: 5.3786007 | BJ9: 5.3731519 | BK9: 5.3543162 | BL9: 5.3557419 | BM9: 5.362744 | BN9: 5.3825053 | BO9: 5.3768801 | BP9: 5.3725205 | BQ9: 5.3568135 | BR9: 5.3341041 | BS9: 5.3102296 | BT9: 5.2997276 | BU9: 5.2898987 | BV9: 5.3062498 | BW9: 5.2755128 | BX9: 5.2127756 | BY9: 5.1776233 | BZ9: 5.0997196 | CA9: 5.0008036 | CB9: 4.8993703 | CC9: 4.8004158 | CD9: 4.7222271 | CE9: 4.6592661 | CF9: 4.6203946 | CG9: 4.5572935 | CH9: 4.516385 | CI9: 4.6322295 | CJ9: 4.7067524 | CK9: 4.8096056 | CL9: 4.9871497 | CM9: 5.3422495 | CN9: 5.8426213 | CO9: 6.4777253 | CP9: 7.243359 | CQ9: 8.0335557 | CR9: 9.0065789 | CS9: 10.243956 | CT9: 11.212422 | CU9: 12.142048 | CV9: 13.039789 | CW9: 13.836408 | CX9: 14.498302 | CY9: 15.088963 | CZ9: 15.590122 | DA9: 15.970155 | DB9: 16.4664 | DC9: 16.984391 | DD9: 17.328566 | DE9: 17.522101 | DF9: 17.738755 | DG9: 18.199114 | DH9: 18.653777 | DI9: 19.010649 | DJ9: 19.26468 | DK9: 19.446173 | DL9: 19.612709 | DM9: 19.680274 | DN9: 19.680203 | DO9: 19.464154 | DP9: 19.497162 | DQ9: 19.800316 | DR9: 19.976208 | DS9: 20.084034 | DT9: 20.201355 | DU9: 20.321839 | DV9: 20.393346 | DW9: 20.461605 | DX9: 20.622903 | DY9: 20.725541 | DZ9: 20.955883 | EA9: 21.14418 | EB9: 21.315175 | EC9: 21.481195 | ED9: 21.608904 | EE9: 21.71369 | EF9: 21.789604 | EG9: 21.880273 | EH9: 22.057723 | EI9: 22.129331 | EJ9: 22.360034 | EK9: 22.488156 | EL9: 22.538134 | EM9: 22.628342 | EN9: 22.773967 | EO9: 22.874912 | EP9: 22.985301 | EQ9: 23.052016 | ER9: 23.175309 | ES9: 23.287103 | ET9: 23.472362 | EU9: 23.589241 | EV9: 23.620255 | EW9: 23.680949 | EX9: 23.884917 | EY9: 23.986279 | EZ9: 24.079463 | FA9: 24.248297 | FB9: 24.452789 | FC9: 24.687589 | FD9: 24.877202 | FE9: 25.072724 | FF9: 25.11961 | FG9: 24.946352 | FH9: 24.732959 | FI9: 24.848168 | FJ9: 25.226387 | FK9: 25.434172 | FL9: 25.722832 | FM9: 26.352724 | FN9: 26.238438 | FO9: 26.138169 | FP9: 26.364113 | FQ9: 25.444969 | FR9: 24.558134 | FS9: 24.698024 | FT9: 24.182628 | FU9: 23.923471 | FV9: 23.692577 | FW9: 23.940289 | FX9: 24.002994 | FY9: 24.112302 | FZ9: 24.6522 | GA9: 24.628476 | GB9: 24.664185 | GC9: 25.326007 | GD9: 24.908749 | GE9: 25.091775 | GF9: 25.18611 | GG9: 25.37447 | GH9: 25.681395 | GI9: 25.743049 | GJ9: 25.865923 | GK9: 26.336767 | GL9: 26.224046 | GM9: 26.245209 | GN9: 25.795725 | GO9: 25.650114 | GP9: 25.83524 | GQ9: 25.926964 | GR9: 26.355852 | GS9: 26.866872 | GT9: 27.000459 | GU9: 27.314589 | GV9: 27.282753 | GW9: 27.237118 | GX9: 27.326846 | GY9: 27.701882 | GZ9: 28.294825 | HA9: 28.92344 | HB9: 29.368007 | HC9: 29.565397 | HD9: 29.44755 | HE9: 29.275667 | HF9: 29.112668 | HG9: 29.190313 | HH9: 29.240941 | HI9: 29.526518 | HJ9: 29.39977 | HK9: 29.369076 | HL9: 28.82822 | HM9: 28.202946 | HN9: 27.579531 | HO9: 27.14205 | HP9: 26.858143 | HQ9: 26.792437 | HR9: 26.848031 | HS9: 27.194181 | HT9: 27.291225 | HU9: 27.610093 | HV9: 27.477557 | HW9: 27.391033 | HX9: 27.245851 | HY9: 27.118532 | HZ9: 27.060588 | IA9: 27.154424 | IB9: 27.447416 | IC9: 27.850687 | ID9: 28.260401 | IE9: 28.613707 | IF9: 28.901326 | IG9: 29.074457 | IH9: 29.122306 | II9: 29.275991 | IJ9: 29.370755 | IK9: 29.472952 | IL9: 29.559457 | IM9: 29.616561 | IN9: 29.656574 | IO9: 29.679494 | IP9: 29.685317 | IQ9: 29.67405 | IR9: 17.231321 | IS9: 17.722101 | IT9: 18.194792 | IU9: 18.649393 | IV9: 19.085902 | IW9: 19.50432 | IX9: 19.929791 | IY9: 20.307633 | IZ9: 20.571679 | JA9: 20.97222 | JB9: 21.213778 | JC9: 21.371835 | JD9: 21.592324 | JE9: 21.714252 | JF9: 21.84112 | JG9: 21.888466 | JH9: 22.171283 | JI9: 22.41698 | JJ9: 22.543538 | JK9: 22.852921 | JL9: 23.049371 | JM9: 23.162783 | JN9: 23.398797 | JO9: 23.522096 | JP9: 23.587099 | JQ9: 23.702575 | JR9: 23.939776 | JS9: 24.093765 | JT9: 24.132022 | JU9: 24.289964 | JV9: 24.370774 | JW9: 24.379321 | JX9: 24.428746 | JY9: 24.36034 | JZ9: 24.242639 | KA9: 24.145563 | KB9: 23.93191 | KC9: 23.726914 | KD9: 23.377301 | KE9: 23.219375 | KF9: 23.037454 | KG9: 22.943849 | KH9: 22.817298 | KI9: 22.725144 | KJ9: 22.617696 | KK9: 22.594613 | KL9: 22.431973 | KM9: 22.265264 | KN9: 21.992324 | KO9: 21.83664 | KP9: 21.631159 | KQ9: 21.451363 | KR9: 21.204951 | KS9: 20.966807 | KT9: 20.684758 | KU9: 20.401592 | KV9: 20.103946 | KW9: 19.791818 | KX9: 19.465207 | KY9: 19.124117 | KZ9: 13.607507 | LA9: 13.99633 | LB9: 14.318834 | LC9: 14.575022 | LD9: 14.764892 | LE9: 14.888443 | LF9: 14.704028 | LG9: 14.653396 | LH9: 14.720896 | LI9: 14.702576 | LJ9: 14.86053 | LK9: 14.963491 | LL9: 14.99648 | LM9: 15.035489 | LN9: 15.011216 | LO9: 15.025257 | LP9: 15.045384 | LQ9: 15.114059 | LR9: 15.088616 | LS9: 15.116626 | LT9: 15.164126 | LU9: 15.241039 | LV9: 15.293023 | LW9: 15.383365 | LX9: 15.423771 | LY9: 15.52195 | LZ9: 15.592697 | MA9: 15.630043 | MB9: 15.677707 | MC9: 15.710091 | MD9: 15.725557 | ME9: 15.779489 | MF9: 15.80455 | MG9: 15.923912 | MH9: 16.21468 | MI9: 16.5046 | MJ9: 16.725416 | MK9: 16.94536 | ML9: 17.101432 | MM9: 17.157009 | MN9: 17.132144 | MO9: 17.061637 | MP9: 16.898672 | MQ9: 16.860166 | MR9: 16.897043 | MS9: 16.798062 | MT9: 16.59536 | MU9: 16.338472 | MV9: 16.058821 | MW9: 15.76351 | MX9: 15.494263 | MY9: 15.21575 | MZ9: 15.00206 | NA9: 14.89547 | NB9: 14.711105 | NC9: 14.562744 | ND9: 14.39832 | NE9: 14.18074 | NF9: 13.996519 | NG9: 13.870328 | NH9: 13.749666 | NI9: 13.693479 | NJ9: 13.674367 | NK9: 13.623688 | NL9: 13.499461 | NM9: 13.600948 | NN9: 13.687027 | NO9: 13.77983 | NP9: 13.849123 | NQ9: 13.921076 | NR9: 13.918647 | NS9: 13.882288 | NT9: 13.812001 | NU9: 13.707788 | NV9: 13.569646
A10: 8 | B10: H-502_NEG | C10: 0.85381036 | D10: 0.96892689 | E10: 1.0599698 | F10: 1.1269391 | G10: 1.1698346 | H10: 1.1886566 | I10: 1.1102044 | J10: 1.0737361 | K10: 1.0900645 | L10: 1.1341021 | M10: 1.2070943 | N10: 1.3027988 | O10: 1.4159395 | P10: 1.5668033 | Q10: 1.758313 | R10: 1.6673261 | S10: 1.6830597 | T10: 1.6980485 | U10: 1.7052047 | V10: 1.7269958 | W10: 1.7654307 | X10: 1.7888401 | Y10: 1.8341204 | Z10: 1.8871562 | AA10: 1.9384015 | AB10: 1.9804305 | AC10: 2.0308777 | AD10: 2.0878461 | AE10: 2.1479746 | AF10: 2.242013 | AG10: 2.3558379 | AH10: 2.4844011 | AI10: 2.6805407 | AJ10: 2.88389 | AK10: 3.1076076 | AL10: 3.3654584 | AM10: 3.6484106 | AN10: 3.9417672 | AO10: 4.2327376 | AP10: 4.5139941 | AQ10: 4.7540186 | AR10: 4.9627241 | AS10: 5.1334599 | AT10: 5.2639817 | AU10: 5.3926184 | AV10: 5.4973378 | AW10: 5.5604086 | AX10: 5.624281 | AY10: 5.6560377 | AZ10: 5.6618995 | BA10: 5.6171263 | BB10: 5.5225604 | BC10: 5.4170896 | BD10: 5.3745893 | BE10: 5.3360882 | BF10: 5.2854571 | BG10: 5.2355425 | BH10: 5.2160953 | BI10: 5.1923584 | BJ10: 5.1868954 | BK10: 5.1680269 | BL10: 5.1648799 | BM10: 5.1675779 | BN10: 5.1830468 | BO10: 5.1687603 | BP10: 5.1571903 | BQ10: 5.1312174 | BR10: 5.1036553 | BS10: 5.0711454 | BT10: 5.0604733 | BU10: 5.0499926 | BV10: 5.0720175 | BW10: 5.0488147 | BX10: 4.9992139 | BY10: 4.9830762 | BZ10: 4.92133 | CA10: 4.8316176 | CB10: 4.7395661 | CC10: 4.6460911 | CD10: 4.5732879 | CE10: 4.5129534 | CF10: 4.4788667 | CG10: 4.4117921 | CH10: 4.3890468 | CI10: 4.5081516 | CJ10: 4.5756622 | CK10: 4.6604108 | CL10: 4.8142045 | CM10: 5.1292394 | CN10: 5.5868907 | CO10: 6.1836196 | CP10: 6.9166764 | CQ10: 7.6893174 | CR10: 8.6894442 | CS10: 9.9267538 | CT10: 10.930231 | CU10: 11.907306 | CV10: 12.855378 | CW10: 13.702656 | CX10: 14.422871 | CY10: 15.066706 | CZ10: 15.620836 | DA10: 16.067478 | DB10: 16.615399 | DC10: 17.16483 | DD10: 17.539162 | DE10: 17.812241 | DF10: 18.01905 | DG10: 18.389833 | DH10: 18.768825 | DI10: 19.089716 | DJ10: 19.330555 | DK10: 19.509237 | DL10: 19.686323 | DM10: 19.792102 | DN10: 19.829195 | DO10: 19.694901 | DP10: 19.681975 | DQ10: 19.905303 | DR10: 20.053251 | DS10: 20.161543 | DT10: 20.260096 | DU10: 20.355699 | DV10: 20.425431 | DW10: 20.497532 | DX10: 20.644058 | DY10: 20.751197 | DZ10: 20.953276 | EA10: 21.127355 | EB10: 21.283645 | EC10: 21.419186 | ED10: 21.527666 | EE10: 21.623584 | EF10: 21.700134 | EG10: 21.804809 | EH10: 21.98527 | EI10: 22.063564 | EJ10: 22.263857 | EK10: 22.389897 | EL10: 22.457083 | EM10: 22.540683 | EN10: 22.693332 | EO10: 22.787537 | EP10: 22.892841 | EQ10: 22.983257 | ER10: 23.102231 | ES10: 23.185141 | ET10: 23.355091 | EU10: 23.465249 | EV10: 23.534661 | EW10: 23.575627 | EX10: 23.746778 | EY10: 23.863957 | EZ10: 23.933176 | FA10: 24.088579 | FB10: 24.233858 | FC10: 24.419842 | FD10: 24.59951 | FE10: 24.773179 | FF10: 24.888594 | FG10: 24.762284 | FH10: 24.596001 | FI10: 24.694939 | FJ10: 25.035317 | FK10: 25.192942 | FL10: 25.426806 | FM10: 25.954219 | FN10: 25.900687 | FO10: 25.86716 | FP10: 26.171153 | FQ10: 25.325392 | FR10: 24.531576 | FS10: 24.689071 | FT10: 24.152805 | FU10: 23.885327 | FV10: 23.627792 | FW10: 23.843481 | FX10: 23.951765 | FY10: 24.087497 | FZ10: 24.552848 | GA10: 24.478269 | GB10: 24.527815 | GC10: 25.182359 | GD10: 24.724884 | GE10: 24.979631 | GF10: 25.032738 | GG10: 25.265464 | GH10: 25.535288 | GI10: 25.599699 | GJ10: 25.707023 | GK10: 26.147367 | GL10: 26.078821 | GM10: 26.164182 | GN10: 25.789993 | GO10: 25.679719 | GP10: 25.806493 | GQ10: 25.914066 | GR10: 26.306963 | GS10: 26.822472 | GT10: 27.012518 | GU10: 27.315257 | GV10: 27.330007 | GW10: 27.272932 | GX10: 27.33544 | GY10: 27.637538 | GZ10: 28.179976 | HA10: 28.822759 | HB10: 29.311907 | HC10: 29.573204 | HD10: 29.499893 | HE10: 29.311601 | HF10: 29.146562 | HG10: 29.194087 | HH10: 29.206538 | HI10: 29.412949 | HJ10: 29.286276 | HK10: 29.222684 | HL10: 28.712994 | HM10: 28.119041 | HN10: 27.484363 | HO10: 27.01481 | HP10: 26.748745 | HQ10: 26.750963 | HR10: 26.861241 | HS10: 27.263718 | HT10: 27.44042 | HU10: 27.7762 | HV10: 27.731412 | HW10: 27.674811 | HX10: 27.530574 | HY10: 27.382184 | HZ10: 27.301402 | IA10: 27.396496 | IB10: 27.679218 | IC10: 28.085635 | ID10: 28.486875 | IE10: 28.856519 | IF10: 29.169407 | IG10: 29.365682 | IH10: 29.445511 | II10: 29.591011 | IJ10: 29.687271 | IK10: 29.785345 | IL10: 29.858381 | IM10: 29.914222 | IN10: 29.95431 | IO10: 29.978649 | IP10: 29.987239 | IQ10: 29.980081 | IR10: 17.364296 | IS10: 17.901634 | IT10: 18.415799 | IU10: 18.906791 | IV10: 19.37461 | IW10: 19.819258 | IX10: 20.27083 | IY10: 20.645373 | IZ10: 20.91806 | JA10: 21.334414 | JB10: 21.575935 | JC10: 21.782889 | JD10: 22.007518 | JE10: 22.164243 | JF10: 22.315545 | JG10: 22.376362 | JH10: 22.696703 | JI10: 22.943216 | JJ10: 23.102183 | JK10: 23.404241 | JL10: 23.596755 | JM10: 23.716693 | JN10: 23.916348 | JO10: 24.043076 | JP10: 24.102704 | JQ10: 24.217958 | JR10: 24.505983 | JS10: 24.673204 | JT10: 24.742931 | JU10: 24.91266 | JV10: 24.993146 | JW10: 24.996265 | JX10: 25.043014 | JY10: 24.964812 | JZ10: 24.833449 | KA10: 24.735063 | KB10: 24.539422 | KC10: 24.338881 | KD10: 24.010764 | KE10: 23.859677 | KF10: 23.66812 | KG10: 23.591355 | KH10: 23.4641 | KI10: 23.357151 | KJ10: 23.250477 | KK10: 23.204016 | KL10: 23.030777 | KM10: 22.864918 | KN10: 22.579102 | KO10: 22.400174 | KP10: 22.184877 | KQ10: 21.995672 | KR10: 21.722107 | KS10: 21.476853 | KT10: 21.188733 | KU10: 20.894959 | KV10: 20.585643 | KW10: 20.260784 | KX10: 19.920387 | KY10: 19.564449 | KZ10: 14.075032 | LA10: 14.381989 | LB10: 14.634429 | LC10: 14.832352 | LD10: 14.975759 | LE10: 15.064651 | LF10: 14.798717 | LG10: 14.773346 | LH10: 14.886359 | LI10: 14.899384 | LJ10: 15.061275 | LK10: 15.169603 | LL10: 15.225471 | LM10: 15.245765 | LN10: 15.24719 | LO10: 15.229233 | LP10: 15.229719 | LQ10: 15.307941 | LR10: 15.277644 | LS10: 15.3081 | LT10: 15.343026 | LU10: 15.438417 | LV10: 15.497269 | LW10: 15.592533 | LX10: 15.650534 | LY10: 15.730443 | LZ10: 15.805109 | MA10: 15.856698 | MB10: 15.894991 | MC10: 15.928993 | MD10: 15.936563 | ME10: 15.999278 | MF10: 16.020976 | MG10: 16.143972 | MH10: 16.390623 | MI10: 16.691601 | MJ10: 16.950404 | MK10: 17.140502 | ML10: 17.26266 | MM10: 17.293882 | MN10: 17.263608 | MO10: 17.191782 | MP10: 17.069585 | MQ10: 17.008648 | MR10: 17.049254 | MS10: 17.007681 | MT10: 16.830528 | MU10: 16.54863 | MV10: 16.240451 | MW10: 15.921624 | MX10: 15.618081 | MY10: 15.322496 | MZ10: 15.082525 | NA10: 14.877635 | NB10: 14.682671 | NC10: 14.509326 | ND10: 14.341135 | NE10: 14.142172 | NF10: 13.978816 | NG10: 13.856598 | NH10: 13.751136 | NI10: 13.714233 | NJ10: 13.684716 | NK10: 13.609455 | NL10: 13.430455 | NM10: 13.536797 | NN10: 13.660779 | NO10: 13.715737 | NP10: 13.812999 | NQ10: 13.861762 | NR10: 13.851094 | NS10: 13.807331 | NT10: 13.730469 | NU10: 13.620512 | NV10: 13.47746
A11: 9 | B11: H-509_NEG | C11: 0.86428052 | D11: 0.95790567 | E11: 1.0446945 | F11: 1.1246472 | G11: 1.1977634 | H11: 1.2640435 | I11: 1.3095875 | J11: 1.3510939 | K11: 1.4112198 | L11: 1.4663652 | M11: 1.5206353 | N11: 1.5668939 | O11: 1.5940485 | P11: 1.6246562 | Q11: 1.6739572 | R11: 1.7052582 | S11: 1.7221249 | T11: 1.7362675 | U11: 1.7501163 | V11: 1.7738223 | W11: 1.8148479 | X11: 1.8403118 | Y11: 1.8884942 | Z11: 1.9457704 | AA11: 1.9968841 | AB11: 2.039582 | AC11: 2.0925918 | AD11: 2.1546665 | AE11: 2.2223274 | AF11: 2.3196636 | AG11: 2.4309222 | AH11: 2.5605648 | AI11: 2.7491086 | AJ11: 2.9381441 | AK11: 3.1460552 | AL11: 3.3827206 | AM11: 3.6450916 | AN11: 3.9175928 | AO11: 4.1903174 | AP11: 4.4521394 | AQ11: 4.674657 | AR11: 4.8753216 | AS11: 5.0390412 | AT11: 5.1653634 | AU11: 5.2980613 | AV11: 5.4076691 | AW11: 5.48036 | AX11: 5.5543994 | AY11: 5.597697 | AZ11: 5.617029 | BA11: 5.5873942 | BB11: 5.5084113 | BC11: 5.4241216 | BD11: 5.3986427 | BE11: 5.3790385 | BF11: 5.3460601 | BG11: 5.3106039 | BH11: 5.3024264 | BI11: 5.2900065 | BJ11: 5.2942225 | BK11: 5.2837313 | BL11: 5.2836946 | BM11: 5.2906551 | BN11: 5.309852 | BO11: 5.3073105 | BP11: 5.305414 | BQ11: 5.2880261 | BR11: 5.2673689 | BS11: 5.2452812 | BT11: 5.2405967 | BU11: 5.2342432 | BV11: 5.2569347 | BW11: 5.2367313 | BX11: 5.1922324 | BY11: 5.1906652 | BZ11: 5.1349808 | CA11: 5.0518384 | CB11: 4.9650231 | CC11: 4.8796337 | CD11: 4.8129276 | CE11: 4.757942 | CF11: 4.7262364 | CG11: 4.6632603 | CH11: 4.6414005 | CI11: 4.7747429 | CJ11: 4.8477745 | CK11: 4.9387098 | CL11: 5.0886135 | CM11: 5.4028139 | CN11: 5.8473541 | CO11: 6.424325 | CP11: 7.1198219 | CQ11: 7.8471834 | CR11: 8.7753906 | CS11: 9.9731962 | CT11: 10.916019 | CU11: 11.82791 | CV11: 12.707568 | CW11: 13.49929 | CX11: 14.151755 | CY11: 14.732625 | CZ11: 15.215367 | DA11: 15.601534 | DB11: 16.080977 | DC11: 16.602838 | DD11: 16.945954 | DE11: 17.148492 | DF11: 17.381604 | DG11: 17.833165 | DH11: 18.257854 | DI11: 18.588728 | DJ11: 18.816383 | DK11: 18.988818 | DL11: 19.134563 | DM11: 19.210867 | DN11: 19.212655 | DO11: 19.0399 | DP11: 19.089614 | DQ11: 19.391817 | DR11: 19.564998 | DS11: 19.671177 | DT11: 19.775907 | DU11: 19.8703 | DV11: 19.923781 | DW11: 19.982431 | DX11: 20.127033 | DY11: 20.238375 | DZ11: 20.446762 | EA11: 20.646296 | EB11: 20.813882 | EC11: 20.975548 | ED11: 21.101747 | EE11: 21.189982 | EF11: 21.265208 | EG11: 21.370646 | EH11: 21.544012 | EI11: 21.618318 | EJ11: 21.833477 | EK11: 21.970507 | EL11: 22.042095 | EM11: 22.141391 | EN11: 22.288711 | EO11: 22.388744 | EP11: 22.506649 | EQ11: 22.606529 | ER11: 22.729429 | ES11: 22.824226 | ET11: 23.014754 | EU11: 23.124272 | EV11: 23.160221 | EW11: 23.191921 | EX11: 23.401583 | EY11: 23.537841 | EZ11: 23.631466 | FA11: 23.828408 | FB11: 24.008099 | FC11: 24.23741 | FD11: 24.4453 | FE11: 24.615368 | FF11: 24.680689 | FG11: 24.509577 | FH11: 24.380381 | FI11: 24.563185 | FJ11: 24.95614 | FK11: 25.176879 | FL11: 25.508695 | FM11: 26.149246 | FN11: 26.096993 | FO11: 26.019278 | FP11: 26.243032 | FQ11: 25.311069 | FR11: 24.502013 | FS11: 24.631707 | FT11: 24.106724 | FU11: 23.833765 | FV11: 23.675169 | FW11: 23.924734 | FX11: 24.023126 | FY11: 24.130997 | FZ11: 24.648191 | GA11: 24.595045 | GB11: 24.682572 | GC11: 25.274111 | GD11: 24.861343 | GE11: 25.069178 | GF11: 25.122652 | GG11: 25.314042 | GH11: 25.562132 | GI11: 25.5863 | GJ11: 25.712856 | GK11: 26.153521 | GL11: 26.096558 | GM11: 26.138721 | GN11: 25.785419 | GO11: 25.720897 | GP11: 25.904907 | GQ11: 26.064685 | GR11: 26.471178 | GS11: 26.958339 | GT11: 27.096595 | GU11: 27.375948 | GV11: 27.351706 | GW11: 27.308014 | GX11: 27.395466 | GY11: 27.771167 | GZ11: 28.377363 | HA11: 29.016375 | HB11: 29.484855 | HC11: 29.698512 | HD11: 29.602392 | HE11: 29.427155 | HF11: 29.291217 | HG11: 29.365765 | HH11: 29.393886 | HI11: 29.660522 | HJ11: 29.526298 | HK11: 29.480067 | HL11: 28.952478 | HM11: 28.356925 | HN11: 27.762527 | HO11: 27.34558 | HP11: 27.117467 | HQ11: 27.105063 | HR11: 27.205149 | HS11: 27.575543 | HT11: 27.678383 | HU11: 27.989642 | HV11: 27.863278 | HW11: 27.781656 | HX11: 27.636831 | HY11: 27.505272 | HZ11: 27.460115 | IA11: 27.583452 | IB11: 27.888186 | IC11: 28.286504 | ID11: 28.688689 | IE11: 29.046132 | IF11: 29.344678 | IG11: 29.530417 | IH11: 29.589585 | II11: 29.742707 | IJ11: 29.862899 | IK11: 29.980295 | IL11: 30.075893 | IM11: 30.147689 | IN11: 30.203659 | IO11: 30.243804 | IP11: 30.268123 | IQ11: 30.276615 | IR11: 17.285203 | IS11: 17.828737 | IT11: 18.349102 | IU11: 18.846297 | IV11: 19.320323 | IW11: 19.771184 | IX11: 20.234085 | IY11: 20.622793 | IZ11: 20.912102 | JA11: 21.317145 | JB11: 21.577302 | JC11: 21.773202 | JD11: 22.007829 | JE11: 22.152351 | JF11: 22.286263 | JG11: 22.354023 | JH11: 22.639636 | JI11: 22.89246 | JJ11: 23.031018 | JK11: 23.326395 | JL11: 23.542135 | JM11: 23.64764 | JN11: 23.861321 | JO11: 23.988299 | JP11: 24.056197 | JQ11: 24.202928 | JR11: 24.475609 | JS11: 24.645624 | JT11: 24.705578 | JU11: 24.853731 | JV11: 24.928088 | JW11: 24.908984 | JX11: 24.927229 | JY11: 24.842388 | JZ11: 24.704511 | KA11: 24.605933 | KB11: 24.394227 | KC11: 24.18708 | KD11: 23.832397 | KE11: 23.652799 | KF11: 23.461963 | KG11: 23.368583 | KH11: 23.234147 | KI11: 23.154011 | KJ11: 23.043085 | KK11: 23.014987 | KL11: 22.865778 | KM11: 22.707343 | KN11: 22.402427 | KO11: 22.220449 | KP11: 21.991754 | KQ11: 21.777342 | KR11: 21.503214 | KS11: 21.25025 | KT11: 20.936683 | KU11: 20.636108 | KV11: 20.326328 | KW11: 20.007343 | KX11: 19.679153 | KY11: 19.341757 | KZ11: 13.570659 | LA11: 13.945651 | LB11: 14.255627 | LC11: 14.500589 | LD11: 14.680535 | LE11: 14.795464 | LF11: 14.583053 | LG11: 14.521407 | LH11: 14.627041 | LI11: 14.649655 | LJ11: 14.788812 | LK11: 14.891775 | LL11: 14.95826 | LM11: 14.989623 | LN11: 14.989345 | LO11: 14.995143 | LP11: 15.00413 | LQ11: 15.064866 | LR11: 15.049384 | LS11: 15.086394 | LT11: 15.123722 | LU11: 15.212525 | LV11: 15.270323 | LW11: 15.360237 | LX11: 15.411118 | LY11: 15.495188 | LZ11: 15.568961 | MA11: 15.600914 | MB11: 15.650101 | MC11: 15.682206 | MD11: 15.700663 | ME11: 15.757865 | MF11: 15.790423 | MG11: 15.939294 | MH11: 16.188111 | MI11: 16.494014 | MJ11: 16.734665 | MK11: 16.908729 | ML11: 17.028195 | MM11: 17.042614 | MN11: 17.007501 | MO11: 16.922319 | MP11: 16.820291 | MQ11: 16.809672 | MR11: 16.853139 | MS11: 16.829977 | MT11: 16.645734 | MU11: 16.350584 | MV11: 16.027445 | MW11: 15.681204 | MX11: 15.359712 | MY11: 15.060608 | MZ11: 14.816923 | NA11: 14.583218 | NB11: 14.367688 | NC11: 14.204896 | ND11: 14.030232 | NE11: 13.812272 | NF11: 13.683361 | NG11: 13.606799 | NH11: 13.546671 | NI11: 13.538222 | NJ11: 13.501578 | NK11: 13.43565 | NL11: 13.285924 | NM11: 13.397378 | NN11: 13.500611 | NO11: 13.518993 | NP11: 13.57963 | NQ11: 13.643234 | NR11: 13.637595 | NS11: 13.603525 | NT11: 13.541024 | NU11: 13.450091 | NV11: 13.330729
A12: 10 | B12: L-108_NEG
A13: 11 | B13: L-111_NEG
A14: 12 | B14: L-202_NEG | C14: 2.1432079 | D14: 2.2863148 | E14: 2.4226803 | F14: 2.5523046 | G14: 2.6751875 | H14: 2.7913292 | I14: 2.8606775 | J14: 2.9709644 | K14: 3.1123215 | L14: 3.2521862 | M14: 3.3693874 | N14: 3.4662212 | O14: 3.5568687 | P14: 3.6432846 | Q14: 3.7228466 | R14: 3.8138676 | S14: 3.8196396 | T14: 3.8192947 | U14: 3.8544624 | V14: 3.9062706 | W14: 3.9582497 | X14: 3.9899944 | Y14: 4.0938969 | Z14: 4.2000786 | AA14: 4.2953949 | AB14: 4.3647202 | AC14: 4.4350651 | AD14: 4.5129105 | AE14: 4.6501156 | AF14: 4.77145 | AG14: 4.9264797 | AH14: 5.1155411 | AI14: 5.3764751 | AJ14: 5.6074688 | AK14: 5.8614807 | AL14: 6.1248482 | AM14: 6.4262306 | AN14: 6.7563988 | AO14: 7.1149696 | AP14: 7.4014824 | AQ14: 7.709713 | AR14: 8.0002716 | AS14: 8.2332825 | AT14: 8.390818 | AU14: 8.607933 | AV14: 8.7669083 | AW14: 8.8766914 | AX14: 8.9906586 | AY14: 9.0415627 | AZ14: 9.0630325 | BA14: 9.089212 | BB14: 9.0435715 | BC14: 8.9834412 | BD14: 9.0207985 | BE14: 9.0877953 | BF14: 9.1169853 | BG14: 9.1518341 | BH14: 9.1662468 | BI14: 9.1501968 | BJ14: 9.1642838 | BK14: 9.1744049 | BL14: 9.1771378 | BM14: 9.2069946 | BN14: 9.2896255 | BO14: 9.3091293 | BP14: 9.3540848 | BQ14: 9.3680603 | BR14: 9.3476158 | BS14: 9.3204765 | BT14: 9.3035408 | BU14: 9.2792427 | BV14: 9.2956589 | BW14: 9.293042 | BX14: 9.2877937 | BY14: 9.3636398 | BZ14: 9.3583817 | CA14: 9.27509 | CB14: 9.2177246 | CC14: 9.15811 | CD14: 9.1086243 | CE14: 9.0651718 | CF14: 9.0555031 | CG14: 8.9500412 | CH14: 8.951384 | CI14: 9.2029015 | CJ14: 9.2697792 | CK14: 9.3580017 | CL14: 9.5034248 | CM14: 9.8653954 | CN14: 10.340788 | CO14: 10.941041 | CP14: 11.661234 | CQ14: 12.393356 | CR14: 13.39743 | CS14: 14.775708 | CT14: 15.779779 | CU14: 16.776172 | CV14: 17.677481 | CW14: 18.56169 | CX14: 19.228474 | CY14: 19.766402 | CZ14: 20.167657 | DA14: 20.440756 | DB14: 20.857498 | DC14: 21.289766 | DD14: 21.583585 | DE14: 21.758047 | DF14: 21.896173 | DG14: 22.528261 | DH14: 23.190433 | DI14: 23.627419 | DJ14: 23.858366 | DK14: 23.983083 | DL14: 24.124536 | DM14: 24.011092 | DN14: 23.95405 | DO14: 23.673964 | DP14: 23.634929 | DQ14: 24.06937 | DR14: 24.349237 | DS14: 24.367209 | DT14: 24.458292 | DU14: 24.526984 | DV14: 24.504059 | DW14: 24.468512 | DX14: 24.610799 | DY14: 24.842625 | DZ14: 25.189311 | EA14: 25.44039 | EB14: 25.685724 | EC14: 25.790564 | ED14: 25.886871 | EE14: 25.878552 | EF14: 25.8646 | EG14: 25.902515 | EH14: 25.96745 | EI14: 26.099304 | EJ14: 26.276517 | EK14: 26.391974 | EL14: 26.504681 | EM14: 26.549265 | EN14: 26.635678 | EO14: 26.657538 | EP14: 26.846936 | EQ14: 26.952487 | ER14: 27.100909 | ES14: 27.139923 | ET14: 27.221884 | EU14: 27.29173 | EV14: 27.391272 | EW14: 27.43241 | EX14: 27.504166 | EY14: 27.527081 | EZ14: 27.703311 | FA14: 27.996448 | FB14: 28.049734 | FC14: 28.04314 | FD14: 28.173624 | FE14: 28.213708 | FF14: 28.208261 | FG14: 27.78082 | FH14: 27.440863 | FI14: 27.74418 | FJ14: 28.410693 | FK14: 28.911273 | FL14: 29.215414 | FM14: 30.376398 | FN14: 30.096088 | FO14: 29.680066 | FP14: 29.755341 | FQ14: 28.075677 | FR14: 26.839246 | FS14: 26.889581 | FT14: 25.836752 | FU14: 25.852316 | FV14: 25.506293 | FW14: 26.24559 | FX14: 26.425854 | FY14: 26.671896 | FZ14: 27.148563 | GA14: 26.951367 | GB14: 26.649246 | GC14: 27.457602 | GD14: 26.454669 | GE14: 26.919885 | GF14: 26.870276 | GG14: 27.041071 | GH14: 27.431906 | GI14: 27.69425 | GJ14: 27.53526 | GK14: 28.377603 | GL14: 27.987482 | GM14: 28.173526 | GN14: 27.237622 | GO14: 26.870798 | GP14: 26.690298 | GQ14: 26.033124 | GR14: 26.046115 | GS14: 26.510107 | GT14: 26.188428 | GU14: 26.651788 | GV14: 26.591583 | GW14: 26.554187 | GX14: 26.656372 | GY14: 27.053757 | GZ14: 27.627078 | HA14: 28.22655 | HB14: 28.585397 | HC14: 28.697269 | HD14: 28.504187 | HE14: 28.322711 | HF14: 28.245135 | HG14: 28.300732 | HH14: 28.294827 | HI14: 28.55737 | HJ14: 28.427133 | HK14: 28.481421 | HL14: 27.988483 | HM14: 27.507065 | HN14: 27.045605 | HO14: 26.794119 | HP14: 26.677066 | HQ14: 26.628534 | HR14: 26.715942 | HS14: 27.055646 | HT14: 27.092276 | HU14: 27.376825 | HV14: 27.133051 | HW14: 26.999634 | HX14: 26.848596 | HY14: 26.729706 | HZ14: 26.670859 | IA14: 26.754938 | IB14: 27.085297 | IC14: 27.453656 | ID14: 27.808676 | IE14: 28.129462 | IF14: 28.36286 | IG14: 28.488553 | IH14: 28.521426 | II14: 28.595294 | IJ14: 28.659845 | IK14: 28.746198 | IL14: 28.865289 | IM14: 28.932907 | IN14: 28.990875 | IO14: 29.039188 | IP14: 29.077847 | IQ14: 29.106857 | IR14: 17.881436 | IS14: 18.435202 | IT14: 18.967065 | IU14: 19.477029 | IV14: 19.965094 | IW14: 20.431259 | IX14: 20.92417 | IY14: 21.34371 | IZ14: 21.652927 | JA14: 22.035275 | JB14: 22.262997 | JC14: 22.45732 | JD14: 22.674509 | JE14: 22.792529 | JF14: 22.93707 | JG14: 22.970615 | JH14: 23.268689 | JI14: 23.534521 | JJ14: 23.672443 | JK14: 23.947855 | JL14: 24.145776 | JM14: 24.265836 | JN14: 24.480655 | JO14: 24.577057 | JP14: 24.626538 | JQ14: 24.733319 | JR14: 24.97039 | JS14: 25.142001 | JT14: 25.194124 | JU14: 25.376472 | JV14: 25.472357 | JW14: 25.511909 | JX14: 25.560262 | JY14: 25.482251 | JZ14: 25.400389 | KA14: 25.341611 | KB14: 25.16837 | KC14: 24.996857 | KD14: 24.697818 | KE14: 24.572282 | KF14: 24.39884 | KG14: 24.329861 | KH14: 24.188889 | KI14: 24.142252 | KJ14: 24.054297 | KK14: 24.041389 | KL14: 23.894281 | KM14: 23.709195 | KN14: 23.416011 | KO14: 23.22032 | KP14: 22.984302 | KQ14: 22.784656 | KR14: 22.524985 | KS14: 22.302803 | KT14: 21.988535 | KU14: 21.698587 | KV14: 21.400455 | KW14: 21.094131 | KX14: 20.77962 | KY14: 20.456921 | KZ14: 14.956668 | LA14: 15.539577 | LB14: 16.021809 | LC14: 16.403368 | LD14: 16.68425 | LE14: 16.864456 | LF14: 16.698877 | LG14: 16.611122 | LH14: 16.672108 | LI14: 16.627512 | LJ14: 16.761829 | LK14: 16.928711 | LL14: 17.034503 | LM14: 17.158626 | LN14: 17.180461 | LO14: 17.146466 | LP14: 17.164095 | LQ14: 17.233978 | LR14: 17.206796 | LS14: 17.195108 | LT14: 17.16245 | LU14: 17.273615 | LV14: 17.311179 | LW14: 17.456978 | LX14: 17.504753 | LY14: 17.621498 | LZ14: 17.73987 | MA14: 17.796104 | MB14: 17.847336 | MC14: 17.911752 | MD14: 17.878224 | ME14: 17.91619 | MF14: 17.910159 | MG14: 17.999231 | MH14: 18.139731 | MI14: 18.427156 | MJ14: 18.630176 | MK14: 18.811993 | ML14: 19.049982 | MM14: 19.137361 | MN14: 19.114522 | MO14: 19.086913 | MP14: 18.984807 | MQ14: 19.02674 | MR14: 18.960869 | MS14: 18.901939 | MT14: 18.721198 | MU14: 18.441864 | MV14: 18.126753 | MW14: 17.714642 | MX14: 17.379169 | MY14: 17.142964 | MZ14: 16.845505 | NA14: 16.757327 | NB14: 16.512398 | NC14: 16.491357 | ND14: 16.390065 | NE14: 16.158463 | NF14: 15.94548 | NG14: 15.718112 | NH14: 15.657321 | NI14: 15.578485 | NJ14: 15.41837 | NK14: 15.404767 | NL14: 15.247911 | NM14: 15.411215 | NN14: 15.376212 | NO14: 15.356569 | NP14: 15.408057 | NQ14: 15.348071 | NR14: 15.323048 | NS14: 15.293819 | NT14: 15.260379 | NU14: 15.222729 | NV14: 15.180872
A15: 13 | B15: L-215_NEG
A16: 14 | B16: L-305_NEG
A17: 15 | B17: L-315_NEG
A18: 16 | B18: L-406_NEG
A19: 17 | B19: L-417_NEG
A20: 18 | B20: L-503_NEG
A21: 19 | B21: L-511_NEG
A22: 20 | B22: H-102_POS | C22: 0.93831566 | D22: 1.0631231 | E22: 1.1610962 | F22: 1.2322348 | G22: 1.276539 | H22: 1.2940088 | I22: 1.2022235 | J22: 1.1536093 | K22: 1.1708548 | L22: 1.2157338 | M22: 1.3017548 | N22: 1.4042165 | O22: 1.5196578 | P22: 1.678382 | Q22: 1.8822369 | R22: 1.7773892 | S22: 1.7896469 | T22: 1.8085551 | U22: 1.8227459 | V22: 1.8493601 | W22: 1.8966806 | X22: 1.9239756 | Y22: 1.979426 | Z22: 2.039871 | AA22: 2.0994249 | AB22: 2.1441823 | AC22: 2.203692 | AD22: 2.2711155 | AE22: 2.3456979 | AF22: 2.444324 | AG22: 2.5596431 | AH22: 2.6780408 | AI22: 2.8668592 | AJ22: 3.0576127 | AK22: 3.2577934 | AL22: 3.4922457 | AM22: 3.7513132 | AN22: 4.0185327 | AO22: 4.274446 | AP22: 4.5219244 | AQ22: 4.7330237 | AR22: 4.913083 | AS22: 5.0638588 | AT22: 5.1853331 | AU22: 5.3057737 | AV22: 5.4193821 | AW22: 5.4948743 | AX22: 5.5792899 | AY22: 5.6279734 | AZ22: 5.6639909 | BA22: 5.6518014 | BB22: 5.5855088 | BC22: 5.5068143 | BD22: 5.4907854 | BE22: 5.4852623 | BF22: 5.4662971 | BG22: 5.4493097 | BH22: 5.4562187 | BI22: 5.4459478 | BJ22: 5.4588673 | BK22: 5.4602919 | BL22: 5.4700166 | BM22: 5.4755369 | BN22: 5.4994527 | BO22: 5.5035626 | BP22: 5.5089253 | BQ22: 5.4965645 | BR22: 5.475381 | BS22: 5.4554036 | BT22: 5.4519934 | BU22: 5.4641101 | BV22: 5.4994708 | BW22: 5.4807506 | BX22: 5.4376208 | BY22: 5.4280766 | BZ22: 5.3709538 | CA22: 5.2706695 | CB22: 5.1771019 | CC22: 5.0883254 | CD22: 5.0057385 | CE22: 4.9603579 | CF22: 4.9331214 | CG22: 4.8765694 | CH22: 4.8619011 | CI22: 5.0017305 | CJ22: 5.0804524 | CK22: 5.1771091 | CL22: 5.3474336 | CM22: 5.6648949 | CN22: 6.1111873 | CO22: 6.6830121 | CP22: 7.35994 | CQ22: 8.0493797 | CR22: 8.9242287 | CS22: 10.022493 | CT22: 10.855254 | CU22: 11.632226 | CV22: 12.349745 | CW22: 12.966925 | CX22: 13.454092 | CY22: 13.87419 | CZ22: 14.207917 | DA22: 14.46466 | DB22: 14.848572 | DC22: 15.25085 | DD22: 15.534782 | DE22: 15.717764 | DF22: 15.850028 | DG22: 16.184886 | DH22: 16.543244 | DI22: 16.867638 | DJ22: 17.103648 | DK22: 17.310776 | DL22: 17.515912 | DM22: 17.621204 | DN22: 17.679317 | DO22: 17.547639 | DP22: 17.520163 | DQ22: 17.748495 | DR22: 17.908876 | DS22: 18.012716 | DT22: 18.127635 | DU22: 18.284497 | DV22: 18.391671 | DW22: 18.450092 | DX22: 18.567053 | DY22: 18.680076 | DZ22: 18.862267 | EA22: 19.056706 | EB22: 19.224067 | EC22: 19.356062 | ED22: 19.488588 | EE22: 19.635216 | EF22: 19.68781 | EG22: 19.78669 | EH22: 19.919538 | EI22: 19.999758 | EJ22: 20.232452 | EK22: 20.405758 | EL22: 20.488867 | EM22: 20.538928 | EN22: 20.680705 | EO22: 20.798056 | EP22: 20.898585 | EQ22: 21.02153 | ER22: 21.09853 | ES22: 21.19476 | ET22: 21.405245 | EU22: 21.525816 | EV22: 21.546617 | EW22: 21.546104 | EX22: 21.706332 | EY22: 21.861827 | EZ22: 21.934427 | FA22: 22.075104 | FB22: 22.230303 | FC22: 22.408741 | FD22: 22.57951 | FE22: 22.761161 | FF22: 22.856303 | FG22: 22.702171 | FH22: 22.540107 | FI22: 22.658414 | FJ22: 22.961079 | FK22: 23.184584 | FL22: 23.516903 | FM22: 24.093416 | FN22: 23.878794 | FO22: 23.74512 | FP22: 23.992535 | FQ22: 22.917785 | FR22: 21.996962 | FS22: 22.204045 | FT22: 21.609966 | FU22: 21.55946 | FV22: 21.212525 | FW22: 21.455343 | FX22: 21.591549 | FY22: 21.642626 | FZ22: 22.145074 | GA22: 22.124393 | GB22: 22.098918 | GC22: 22.951324 | GD22: 22.302347 | GE22: 22.495548 | GF22: 22.465329 | GG22: 22.654759 | GH22: 22.907311 | GI22: 22.918409 | GJ22: 22.907522 | GK22: 23.550701 | GL22: 23.356832 | GM22: 23.463577 | GN22: 22.825388 | GO22: 22.557277 | GP22: 22.621583 | GQ22: 22.387777 | GR22: 22.567156 | GS22: 22.993236 | GT22: 22.924029 | GU22: 23.391828 | GV22: 23.421973 | GW22: 23.389612 | GX22: 23.417924 | GY22: 23.67632 | GZ22: 24.16829 | HA22: 24.767025 | HB22: 25.214581 | HC22: 25.458992 | HD22: 25.426862 | HE22: 25.294046 | HF22: 25.17073 | HG22: 25.20357 | HH22: 25.257956 | HI22: 25.508338 | HJ22: 25.478473 | HK22: 25.493785 | HL22: 25.077424 | HM22: 24.578755 | HN22: 24.026233 | HO22: 23.581255 | HP22: 23.319182 | HQ22: 23.282628 | HR22: 23.414024 | HS22: 23.765659 | HT22: 23.942369 | HU22: 24.25324 | HV22: 24.226287 | HW22: 24.214695 | HX22: 24.101245 | HY22: 23.979207 | HZ22: 23.924288 | IA22: 24.013785 | IB22: 24.261827 | IC22: 24.586796 | ID22: 24.93742 | IE22: 25.241405 | IF22: 25.516731 | IG22: 25.716907 | IH22: 25.789804 | II22: 25.949189 | IJ22: 26.056441 | IK22: 26.171773 | IL22: 26.24319 | IM22: 26.298908 | IN22: 26.335239 | IO22: 26.352179 | IP22: 26.349728 | IQ22: 26.327888 | IR22: 16.677342 | IS22: 17.143271 | IT22: 17.585952 | IU22: 18.005386 | IV22: 18.401574 | IW22: 18.774513 | IX22: 19.142548 | IY22: 19.445731 | IZ22: 19.653617 | JA22: 20.008401 | JB22: 20.197614 | JC22: 20.364869 | JD22: 20.550108 | JE22: 20.656601 | JF22: 20.767781 | JG22: 20.789931 | JH22: 21.060179 | JI22: 21.26881 | JJ22: 21.405309 | JK22: 21.678586 | JL22: 21.824215 | JM22: 21.922059 | JN22: 22.097359 | JO22: 22.195558 | JP22: 22.252635 | JQ22: 22.349731 | JR22: 22.615636 | JS22: 22.785084 | JT22: 22.865869 | JU22: 23.021947 | JV22: 23.105442 | JW22: 23.121891 | JX22: 23.164219 | JY22: 23.117042 | JZ22: 23.015709 | KA22: 22.94166 | KB22: 22.772558 | KC22: 22.60164 | KD22: 22.292838 | KE22: 22.150216 | KF22: 22.004135 | KG22: 21.930982 | KH22: 21.820993 | KI22: 21.754071 | KJ22: 21.673604 | KK22: 21.679098 | KL22: 21.574577 | KM22: 21.462393 | KN22: 21.215381 | KO22: 21.064269 | KP22: 20.880875 | KQ22: 20.689989 | KR22: 20.4337 | KS22: 20.19466 | KT22: 19.915107 | KU22: 19.649376 | KV22: 19.378827 | KW22: 19.10347 | KX22: 18.823299 | KY22: 18.538314 | KZ22: 13.863139 | LA22: 14.15332 | LB22: 14.396685 | LC22: 14.593236 | LD22: 14.742975 | LE22: 14.8459 | LF22: 14.661682 | LG22: 14.703035 | LH22: 14.786774 | LI22: 14.815768 | LJ22: 14.951046 | LK22: 14.992317 | LL22: 15.008134 | LM22: 14.999471 | LN22: 14.971475 | LO22: 14.951301 | LP22: 14.970436 | LQ22: 15.070997 | LR22: 15.039762 | LS22: 15.049567 | LT22: 15.078102 | LU22: 15.138845 | LV22: 15.147084 | LW22: 15.205047 | LX22: 15.212482 | LY22: 15.268647 | LZ22: 15.350702 | MA22: 15.375057 | MB22: 15.40907 | MC22: 15.418137 | MD22: 15.427699 | ME22: 15.459521 | MF22: 15.473942 | MG22: 15.596967 | MH22: 15.817627 | MI22: 16.084373 | MJ22: 16.309752 | MK22: 16.458523 | ML22: 16.583287 | MM22: 16.574636 | MN22: 16.558965 | MO22: 16.522341 | MP22: 16.454478 | MQ22: 16.394114 | MR22: 16.387765 | MS22: 16.325218 | MT22: 16.122889 | MU22: 15.851471 | MV22: 15.525971 | MW22: 15.150164 | MX22: 14.834171 | MY22: 14.559228 | MZ22: 14.32962 | NA22: 14.11674 | NB22: 13.859948 | NC22: 13.768929 | ND22: 13.613066 | NE22: 13.459492 | NF22: 13.31875 | NG22: 13.228693 | NH22: 13.148472 | NI22: 13.152008 | NJ22: 13.158471 | NK22: 13.125977 | NL22: 12.938616 | NM22: 13.070644 | NN22: 13.08563 | NO22: 13.129933 | NP22: 13.150541 | NQ22: 13.198431 | NR22: 13.176747 | NS22: 13.1301 | NT22: 13.058489 | NU22: 12.961917 | NV22: 12.840384
A23: 21 | B23: H-115_POS | C23: 0.99498857 | D23: 1.0470288 | E23: 1.1008027 | F23: 1.1563104 | G23: 1.2135519 | H23: 1.2725271 | I23: 1.3271948 | J23: 1.381277 | K23: 1.4639328 | L23: 1.5330777 | M23: 1.5862189 | N23: 1.6395933 | O23: 1.6562833 | P23: 1.682199 | Q23: 1.7262636 | R23: 1.7366936 | S23: 1.749315 | T23: 1.7610085 | U23: 1.7762329 | V23: 1.8010364 | W23: 1.8479626 | X23: 1.8807158 | Y23: 1.9448023 | Z23: 2.0147566 | AA23: 2.0689307 | AB23: 2.0976861 | AC23: 2.1545767 | AD23: 2.2080045 | AE23: 2.2692176 | AF23: 2.3624754 | AG23: 2.4723615 | AH23: 2.5850481 | AI23: 2.7583913 | AJ23: 2.9191297 | AK23: 3.0884785 | AL23: 3.2607453 | AM23: 3.4759423 | AN23: 3.6871995 | AO23: 3.9044803 | AP23: 4.1112227 | AQ23: 4.2913595 | AR23: 4.4524823 | AS23: 4.5871121 | AT23: 4.7041838 | AU23: 4.8227491 | AV23: 4.9162933 | AW23: 4.982376 | AX23: 5.0566462 | AY23: 5.0974294 | AZ23: 5.1099592 | BA23: 5.1119687 | BB23: 5.0649808 | BC23: 5.0173518 | BD23: 5.0357184 | BE23: 5.0456069 | BF23: 5.0479411 | BG23: 5.0381295 | BH23: 5.0656912 | BI23: 5.071926 | BJ23: 5.0878205 | BK23: 5.0988288 | BL23: 5.1074095 | BM23: 5.1270799 | BN23: 5.1508517 | BO23: 5.1573885 | BP23: 5.1671413 | BQ23: 5.158768 | BR23: 5.1674677 | BS23: 5.1590169 | BT23: 5.169118 | BU23: 5.168051 | BV23: 5.1905714 | BW23: 5.1787971 | BX23: 5.1454462 | BY23: 5.1537327 | BZ23: 5.1103244 | CA23: 5.0446677 | CB23: 4.9827764 | CC23: 4.9244163 | CD23: 4.8906417 | CE23: 4.8514173 | CF23: 4.8357691 | CG23: 4.8005126 | CH23: 4.7930877 | CI23: 4.9353224 | CJ23: 5.0139453 | CK23: 5.1095019 | CL23: 5.2430777 | CM23: 5.5202169 | CN23: 5.8871238 | CO23: 6.3529476 | CP23: 6.9037559 | CQ23: 7.4703719 | CR23: 8.1804404 | CS23: 9.1339625 | CT23: 9.8223603 | CU23: 10.479135 | CV23: 11.098461 | CW23: 11.625401 | CX23: 12.046545 | CY23: 12.411479 | CZ23: 12.70463 | DA23: 12.944005 | DB23: 13.282525 | DC23: 13.67911 | DD23: 13.931719 | DE23: 14.087591 | DF23: 14.248358 | DG23: 14.580687 | DH23: 14.964842 | DI23: 15.258496 | DJ23: 15.474729 | DK23: 15.636956 | DL23: 15.785701 | DM23: 15.846224 | DN23: 15.818696 | DO23: 15.641787 | DP23: 15.628548 | DQ23: 15.847156 | DR23: 16.001223 | DS23: 16.107744 | DT23: 16.229058 | DU23: 16.333182 | DV23: 16.454922 | DW23: 16.515682 | DX23: 16.665877 | DY23: 16.788618 | DZ23: 16.976057 | EA23: 17.121786 | EB23: 17.254543 | EC23: 17.388604 | ED23: 17.499428 | EE23: 17.609059 | EF23: 17.684759 | EG23: 17.734499 | EH23: 17.873878 | EI23: 17.864349 | EJ23: 18.031844 | EK23: 18.162636 | EL23: 18.216403 | EM23: 18.343848 | EN23: 18.545014 | EO23: 18.685225 | EP23: 18.765583 | EQ23: 18.826054 | ER23: 18.897942 | ES23: 18.887266 | ET23: 19.063763 | EU23: 19.147027 | EV23: 19.118761 | EW23: 19.156358 | EX23: 19.307681 | EY23: 19.412923 | EZ23: 19.475261 | FA23: 19.608947 | FB23: 19.743772 | FC23: 19.834181 | FD23: 20.04761 | FE23: 20.114839 | FF23: 20.109677 | FG23: 19.997545 | FH23: 19.751781 | FI23: 19.905735 | FJ23: 20.278019 | FK23: 20.540889 | FL23: 20.822236 | FM23: 21.409762 | FN23: 21.392933 | FO23: 21.13001 | FP23: 21.348268 | FQ23: 20.543321 | FR23: 19.712761 | FS23: 19.842357 | FT23: 19.412182 | FU23: 19.284156 | FV23: 19.061552 | FW23: 19.313445 | FX23: 19.46642 | FY23: 19.520172 | FZ23: 19.967612 | GA23: 19.976179 | GB23: 20.003283 | GC23: 20.554731 | GD23: 20.092186 | GE23: 20.214962 | GF23: 20.243291 | GG23: 20.392027 | GH23: 20.649063 | GI23: 20.697818 | GJ23: 20.594206 | GK23: 21.165569 | GL23: 21.078066 | GM23: 21.145898 | GN23: 20.69755 | GO23: 20.554982 | GP23: 20.684968 | GQ23: 20.58744 | GR23: 20.730322 | GS23: 21.042109 | GT23: 20.955968 | GU23: 21.304966 | GV23: 21.27906 | GW23: 21.274823 | GX23: 21.359567 | GY23: 21.681295 | GZ23: 22.154952 | HA23: 22.642483 | HB23: 22.975438 | HC23: 23.123944 | HD23: 23.039512 | HE23: 22.927892 | HF23: 22.842695 | HG23: 22.915929 | HH23: 22.952911 | HI23: 23.209712 | HJ23: 23.140199 | HK23: 23.219626 | HL23: 22.863629 | HM23: 22.485687 | HN23: 22.133024 | HO23: 21.933851 | HP23: 21.830041 | HQ23: 21.866219 | HR23: 21.948334 | HS23: 22.239133 | HT23: 22.304499 | HU23: 22.56172 | HV23: 22.398585 | HW23: 22.31931 | HX23: 22.220534 | HY23: 22.159248 | HZ23: 22.162012 | IA23: 22.281105 | IB23: 22.507851 | IC23: 22.837215 | ID23: 23.151673 | IE23: 23.43626 | IF23: 23.641655 | IG23: 23.770108 | IH23: 23.805981 | II23: 23.92212 | IJ23: 24.019705 | IK23: 24.108089 | IL23: 24.190333 | IM23: 24.262469 | IN23: 24.329645 | IO23: 24.391864 | IP23: 24.449123 | IQ23: 24.501424 | IR23: 16.391931 | IS23: 16.844817 | IT23: 17.276928 | IU23: 17.688265 | IV23: 18.078827 | IW23: 18.448612 | IX23: 18.816096 | IY23: 19.150658 | IZ23: 19.36517 | JA23: 19.70102 | JB23: 19.895798 | JC23: 20.021049 | JD23: 20.197275 | JE23: 20.27447 | JF23: 20.350318 | JG23: 20.35198 | JH23: 20.597377 | JI23: 20.813102 | JJ23: 20.917718 | JK23: 21.180998 | JL23: 21.355084 | JM23: 21.430228 | JN23: 21.634886 | JO23: 21.728805 | JP23: 21.768764 | JQ23: 21.869517 | JR23: 22.124031 | JS23: 22.27831 | JT23: 22.340028 | JU23: 22.467008 | JV23: 22.544749 | JW23: 22.537202 | JX23: 22.589871 | JY23: 22.534229 | JZ23: 22.457807 | KA23: 22.412646 | KB23: 22.269614 | KC23: 22.151296 | KD23: 21.882277 | KE23: 21.752591 | KF23: 21.627015 | KG23: 21.582061 | KH23: 21.490798 | KI23: 21.463165 | KJ23: 21.406354 | KK23: 21.395925 | KL23: 21.273769 | KM23: 21.164343 | KN23: 20.925044 | KO23: 20.814634 | KP23: 20.667278 | KQ23: 20.550364 | KR23: 20.364141 | KS23: 20.198938 | KT23: 19.956592 | KU23: 19.721122 | KV23: 19.467499 | KW23: 19.195722 | KX23: 18.905789 | KY23: 18.597702 | KZ23: 17.132126 | LA23: 17.342373 | LB23: 17.441458 | LC23: 17.429382 | LD23: 17.306145 | LE23: 17.071745 | LF23: 15.79438 | LG23: 14.268564 | LH23: 15.463503 | LI23: 15.400306 | LJ23: 15.453783 | LK23: 15.556668 | LL23: 15.601669 | LM23: 15.642779 | LN23: 15.610815 | LO23: 15.581862 | LP23: 15.559408 | LQ23: 15.565228 | LR23: 15.5159 | LS23: 15.506854 | LT23: 15.53435 | LU23: 15.622343 | LV23: 15.651721 | LW23: 15.734345 | LX23: 15.753578 | LY23: 15.785437 | LZ23: 15.827907 | MA23: 15.854914 | MB23: 15.874005 | MC23: 15.900492 | MD23: 15.890979 | ME23: 15.925845 | MF23: 15.972086 | MG23: 16.142994 | MH23: 16.361447 | MI23: 16.651347 | MJ23: 16.882605 | MK23: 17.079494 | ML23: 17.188886 | MM23: 17.243155 | MN23: 17.159205 | MO23: 17.092627 | MP23: 17.028977 | MQ23: 17.003885 | MR23: 16.999492 | MS23: 16.942133 | MT23: 16.735251 | MU23: 16.45117 | MV23: 16.101871 | MW23: 15.7819 | MX23: 15.430588 | MY23: 15.109214 | MZ23: 14.881722 | NA23: 14.67159 | NB23: 14.538461 | NC23: 14.382028 | ND23: 14.272743 | NE23: 14.173685 | NF23: 13.992543 | NG23: 13.929979 | NH23: 13.777662 | NI23: 13.66519 | NJ23: 13.643308 | NK23: 13.643765 | NL23: 13.607115 | NM23: 13.745218 | NN23: 13.98758 | NO23: 14.110053 | NP23: 14.180792 | NQ23: 14.256788 | NR23: 14.258307 | NS23: 14.21011 | NT23: 14.112196 | NU23: 13.964563 | NV23: 13.767214
A24: 22 | B24: H-207_POS | C24: 0.71865546 | D24: 0.89655088 | E24: 1.0388953 | F24: 1.1456888 | G24: 1.2169312 | H24: 1.2526225 | I24: 1.1659485 | J24: 1.1109967 | K24: 1.1146543 | L24: 1.1497926 | M24: 1.2201275 | N24: 1.3308058 | O24: 1.4377451 | P24: 1.5955489 | Q24: 1.8182904 | R24: 1.7409111 | S24: 1.7614796 | T24: 1.7806615 | U24: 1.7817625 | V24: 1.7832809 | W24: 1.8061857 | X24: 1.8290286 | Y24: 1.8737025 | Z24: 1.9267275 | AA24: 1.98778 | AB24: 2.0332632 | AC24: 2.0937089 | AD24: 2.1597298 | AE24: 2.2313586 | AF24: 2.3265167 | AG24: 2.4385096 | AH24: 2.569434 | AI24: 2.7762969 | AJ24: 2.9874331 | AK24: 3.2280857 | AL24: 3.4969579 | AM24: 3.7955929 | AN24: 4.1019688 | AO24: 4.4206944 | AP24: 4.7098853 | AQ24: 4.9497518 | AR24: 5.1582628 | AS24: 5.3474184 | AT24: 5.4829148 | AU24: 5.6264702 | AV24: 5.7395557 | AW24: 5.8153574 | AX24: 5.8830553 | AY24: 5.9133739 | AZ24: 5.9102398 | BA24: 5.855616 | BB24: 5.749318 | BC24: 5.6476474 | BD24: 5.5959983 | BE24: 5.550295 | BF24: 5.4926227 | BG24: 5.4361738 | BH24: 5.4027793 | BI24: 5.37384 | BJ24: 5.3688331 | BK24: 5.3434846 | BL24: 5.3425737 | BM24: 5.3565525 | BN24: 5.3642744 | BO24: 5.3390141 | BP24: 5.3052886 | BQ24: 5.2678107 | BR24: 5.2437801 | BS24: 5.2169544 | BT24: 5.2198884 | BU24: 5.2077647 | BV24: 5.2249762 | BW24: 5.1924498 | BX24: 5.1218696 | BY24: 5.0942728 | BZ24: 5.0032173 | CA24: 4.9029587 | CB24: 4.798239 | CC24: 4.6942225 | CD24: 4.6245028 | CE24: 4.5462826 | CF24: 4.5011743 | CG24: 4.4276932 | CH24: 4.3784651 | CI24: 4.5090561 | CJ24: 4.5682864 | CK24: 4.6520595 | CL24: 4.8146677 | CM24: 5.1577563 | CN24: 5.652229 | CO24: 6.303435 | CP24: 7.1035216 | CQ24: 7.93778 | CR24: 8.9699574 | CS24: 10.292877 | CT24: 11.326822 | CU24: 12.346844 | CV24: 13.33015 | CW24: 14.19805 | CX24: 14.923764 | CY24: 15.556826 | CZ24: 16.082774 | DA24: 16.531595 | DB24: 17.072757 | DC24: 17.626519 | DD24: 18.011342 | DE24: 18.243512 | DF24: 18.520609 | DG24: 18.996447 | DH24: 19.396192 | DI24: 19.677841 | DJ24: 19.867475 | DK24: 20.051933 | DL24: 20.209778 | DM24: 20.291327 | DN24: 20.294917 | DO24: 20.093104 | DP24: 20.162255 | DQ24: 20.427458 | DR24: 20.580168 | DS24: 20.677935 | DT24: 20.779112 | DU24: 20.884811 | DV24: 20.941518 | DW24: 21.043854 | DX24: 21.192788 | DY24: 21.32428 | DZ24: 21.566727 | EA24: 21.782378 | EB24: 22.026974 | EC24: 22.181822 | ED24: 22.291037 | EE24: 22.344108 | EF24: 22.415567 | EG24: 22.537844 | EH24: 22.700763 | EI24: 22.79333 | EJ24: 23.022663 | EK24: 23.174884 | EL24: 23.254965 | EM24: 23.335351 | EN24: 23.468193 | EO24: 23.571406 | EP24: 23.757651 | EQ24: 23.836492 | ER24: 23.921466 | ES24: 24.034835 | ET24: 24.22345 | EU24: 24.301925 | EV24: 24.302501 | EW24: 24.276683 | EX24: 24.464764 | EY24: 24.671761 | EZ24: 24.817741 | FA24: 25.005814 | FB24: 25.18685 | FC24: 25.396458 | FD24: 25.646429 | FE24: 25.787322 | FF24: 25.828194 | FG24: 25.606676 | FH24: 25.483356 | FI24: 25.705882 | FJ24: 26.089785 | FK24: 26.351897 | FL24: 26.638826 | FM24: 27.334175 | FN24: 27.184642 | FO24: 27.054398 | FP24: 27.339759 | FQ24: 26.194416 | FR24: 25.279756 | FS24: 25.502611 | FT24: 24.759126 | FU24: 24.655762 | FV24: 24.420272 | FW24: 24.696255 | FX24: 24.664097 | FY24: 24.725419 | FZ24: 25.062049 | GA24: 24.983014 | GB24: 25.014683 | GC24: 25.863549 | GD24: 25.216876 | GE24: 25.66338 | GF24: 25.881735 | GG24: 26.029886 | GH24: 26.431158 | GI24: 26.514181 | GJ24: 26.543107 | GK24: 27.14771 | GL24: 26.843424 | GM24: 26.800731 | GN24: 26.051991 | GO24: 25.77093 | GP24: 25.831463 | GQ24: 25.658782 | GR24: 26.110511 | GS24: 26.655295 | GT24: 26.79238 | GU24: 27.149536 | GV24: 27.133614 | GW24: 27.070976 | GX24: 27.138481 | GY24: 27.467943 | GZ24: 28.043306 | HA24: 28.706538 | HB24: 29.186096 | HC24: 29.420354 | HD24: 29.357486 | HE24: 29.157635 | HF24: 28.975042 | HG24: 29.027161 | HH24: 28.998341 | HI24: 28.871656 | HJ24: 29.140301 | HK24: 29.43241 | HL24: 29.158068 | HM24: 28.699803 | HN24: 28.117278 | HO24: 27.574126 | HP24: 27.146792 | HQ24: 26.878864 | HR24: 26.586264 | HS24: 26.510941 | HT24: 26.971852 | HU24: 27.32614 | HV24: 27.224944 | HW24: 27.155284 | HX24: 26.994929 | HY24: 26.813129 | HZ24: 26.74603 | IA24: 26.856445 | IB24: 27.135872 | IC24: 27.538686 | ID24: 27.939806 | IE24: 28.310918 | IF24: 28.586657 | IG24: 28.78638 | IH24: 28.851639 | II24: 28.969082 | IJ24: 29.062882 | IK24: 29.154339 | IL24: 29.226791 | IM24: 29.283755 | IN24: 29.328435 | IO24: 29.36084 | IP24: 29.380966 | IQ24: 29.388802 | IR24: 15.734729 | IS24: 16.271072 | IT24: 16.782752 | IU24: 17.269766 | IV24: 17.732111 | IW24: 18.169796 | IX24: 18.609489 | IY24: 18.974507 | IZ24: 19.253727 | JA24: 19.634336 | JB24: 19.884188 | JC24: 20.087467 | JD24: 20.323324 | JE24: 20.480097 | JF24: 20.635905 | JG24: 20.733292 | JH24: 21.065947 | JI24: 21.336281 | JJ24: 21.527527 | JK24: 21.835769 | JL24: 22.061596 | JM24: 22.198112 | JN24: 22.422371 | JO24: 22.575455 | JP24: 22.658421 | JQ24: 22.788256 | JR24: 23.073911 | JS24: 23.234402 | JT24: 23.303722 | JU24: 23.453969 | JV24: 23.520603 | JW24: 23.528517 | JX24: 23.565371 | JY24: 23.512194 | JZ24: 23.385668 | KA24: 23.29002 | KB24: 23.097274 | KC24: 22.903461 | KD24: 22.574245 | KE24: 22.398453 | KF24: 22.206394 | KG24: 22.130124 | KH24: 21.963301 | KI24: 21.867542 | KJ24: 21.735244 | KK24: 21.677023 | KL24: 21.505498 | KM24: 21.354194 | KN24: 21.071447 | KO24: 20.889744 | KP24: 20.688604 | KQ24: 20.494669 | KR24: 20.206032 | KS24: 19.970658 | KT24: 19.655327 | KU24: 19.35575 | KV24: 19.044472 | KW24: 18.721497 | KX24: 18.386824 | KY24: 18.040452 | KZ24: 11.925942 | LA24: 12.357159 | LB24: 12.710699 | LC24: 12.986552 | LD24: 13.184724 | LE24: 13.305217 | LF24: 13.127948 | LG24: 13.007242 | LH24: 13.005694 | LI24: 13.005766 | LJ24: 13.13667 | LK24: 13.21529 | LL24: 13.268216 | LM24: 13.301028 | LN24: 13.318204 | LO24: 13.32817 | LP24: 13.355627 | LQ24: 13.407308 | LR24: 13.415833 | LS24: 13.488121 | LT24: 13.521836 | LU24: 13.618217 | LV24: 13.723556 | LW24: 13.82512 | LX24: 13.887387 | LY24: 13.946805 | LZ24: 14.014619 | MA24: 14.044777 | MB24: 14.113081 | MC24: 14.199606 | MD24: 14.225567 | ME24: 14.350725 | MF24: 14.437994 | MG24: 14.596591 | MH24: 14.866507 | MI24: 15.128187 | MJ24: 15.341106 | MK24: 15.51796 | ML24: 15.631506 | MM24: 15.70608 | MN24: 15.681613 | MO24: 15.634251 | MP24: 15.551445 | MQ24: 15.571602 | MR24: 15.595091 | MS24: 15.570951 | MT24: 15.347189 | MU24: 15.068561 | MV24: 14.674125 | MW24: 14.333171 | MX24: 14.029326 | MY24: 13.736779 | MZ24: 13.523934 | NA24: 13.312676 | NB24: 13.100212 | NC24: 12.988364 | ND24: 12.7899 | NE24: 12.572474 | NF24: 12.38603 | NG24: 12.297838 | NH24: 12.291041 | NI24: 12.241308 | NJ24: 12.182105 | NK24: 12.113918 | NL24: 11.923255 | NM24: 11.984317 | NN24: 12.055425 | NO24: 12.065477 | NP24: 12.214898 | NQ24: 12.315537 | NR24: 12.302603 | NS24: 12.249719 | NT24: 12.156882 | NU24: 12.024097 | NV24: 11.851358
A25: 23 | B25: H-306_POS | C25: 1.05369 | D25: 1.2521492 | E25: 1.4110505 | F25: 1.5303937 | G25: 1.6101791 | H25: 1.6504066 | I25: 1.5546375 | J25: 1.5023034 | K25: 1.5270794 | L25: 1.5719368 | M25: 1.6836964 | N25: 1.7891705 | O25: 1.9455418 | P25: 2.1515366 | Q25: 2.4067394 | R25: 2.2746506 | S25: 2.2868587 | T25: 2.296034 | U25: 2.3085775 | V25: 2.3424316 | W25: 2.3898869 | X25: 2.4195866 | Y25: 2.4758141 | Z25: 2.5452988 | AA25: 2.612064 | AB25: 2.6682842 | AC25: 2.7333836 | AD25: 2.799934 | AE25: 2.8804447 | AF25: 3.0001968 | AG25: 3.1379911 | AH25: 3.3102329 | AI25: 3.5542049 | AJ25: 3.8153652 | AK25: 4.1084724 | AL25: 4.449958 | AM25: 4.8263779 | AN25: 5.1974022 | AO25: 5.5958855 | AP25: 5.9563747 | AQ25: 6.2824028 | AR25: 6.5620987 | AS25: 6.779438 | AT25: 6.956958 | AU25: 7.1469666 | AV25: 7.2936005 | AW25: 7.3929451 | AX25: 7.4723404 | AY25: 7.5176315 | AZ25: 7.5026443 | BA25: 7.4391815 | BB25: 7.2997177 | BC25: 7.1379929 | BD25: 7.0675461 | BE25: 7.0005714 | BF25: 6.8945236 | BG25: 6.8107666 | BH25: 6.7634583 | BI25: 6.7127495 | BJ25: 6.7067009 | BK25: 6.680558 | BL25: 6.6759804 | BM25: 6.6741791 | BN25: 6.6989281 | BO25: 6.6684967 | BP25: 6.63349 | BQ25: 6.5884499 | BR25: 6.5374512 | BS25: 6.4847008 | BT25: 6.4589905 | BU25: 6.4152206 | BV25: 6.417099 | BW25: 6.3713955 | BX25: 6.2909504 | BY25: 6.271096 | BZ25: 6.1899109 | CA25: 6.0775242 | CB25: 5.9614655 | CC25: 5.8406109 | CD25: 5.745126 | CE25: 5.6699795 | CF25: 5.6314835 | CG25: 5.5527939 | CH25: 5.5100121 | CI25: 5.6847862 | CJ25: 5.7686344 | CK25: 5.8606434 | CL25: 6.0246712 | CM25: 6.3998852 | CN25: 6.9850334 | CO25: 7.7791374 | CP25: 8.7786728 | CQ25: 9.8530563 | CR25: 11.218523 | CS25: 12.989362 | CT25: 14.405984 | CU25: 15.820265 | CV25: 17.204517 | CW25: 18.477014 | CX25: 19.604861 | CY25: 20.654578 | CZ25: 21.533134 | DA25: 22.249597 | DB25: 23.054083 | DC25: 23.873535 | DD25: 24.384895 | DE25: 24.709723 | DF25: 25.046022 | DG25: 25.664236 | DH25: 26.194394 | DI25: 26.585114 | DJ25: 26.835059 | DK25: 27.051285 | DL25: 27.204306 | DM25: 27.303113 | DN25: 27.331805 | DO25: 27.127798 | DP25: 27.189764 | DQ25: 27.555075 | DR25: 27.691214 | DS25: 27.758984 | DT25: 27.833984 | DU25: 27.902014 | DV25: 27.891577 | DW25: 27.940222 | DX25: 28.147699 | DY25: 28.270978 | DZ25: 28.487418 | EA25: 28.749475 | EB25: 28.961197 | EC25: 29.132019 | ED25: 29.279303 | EE25: 29.41507 | EF25: 29.46557 | EG25: 29.560889 | EH25: 29.780313 | EI25: 29.836469 | EJ25: 30.092822 | EK25: 30.259839 | EL25: 30.319138 | EM25: 30.384671 | EN25: 30.632901 | EO25: 30.778641 | EP25: 30.898535 | EQ25: 30.946399 | ER25: 31.014087 | ES25: 31.047366 | ET25: 31.19404 | EU25: 31.265588 | EV25: 31.300153 | EW25: 31.305988 | EX25: 31.614008 | EY25: 31.840814 | EZ25: 32.029178 | FA25: 32.250549 | FB25: 32.488486 | FC25: 32.811145 | FD25: 33.040344 | FE25: 33.30025 | FF25: 33.331512 | FG25: 33.127069 | FH25: 33.114651 | FI25: 33.366949 | FJ25: 33.741473 | FK25: 33.78226 | FL25: 34.163763 | FM25: 34.740863 | FN25: 34.465308 | FO25: 34.335297 | FP25: 34.511948 | FQ25: 33.408777 | FR25: 32.587689 | FS25: 32.617746 | FT25: 31.76149 | FU25: 31.286307 | FV25: 31.156888 | FW25: 31.361078 | FX25: 31.442728 | FY25: 31.660443 | FZ25: 32.291107 | GA25: 32.295813 | GB25: 32.517395 | GC25: 33.186462 | GD25: 32.675647 | GE25: 32.912036 | GF25: 33.09108 | GG25: 33.385239 | GH25: 33.686102 | GI25: 33.712177 | GJ25: 33.927368 | GK25: 34.418344 | GL25: 34.283624 | GM25: 34.246796 | GN25: 33.75412 | GO25: 33.550946 | GP25: 33.815607 | GQ25: 34.037177 | GR25: 34.589734 | GS25: 35.278687 | GT25: 35.586847 | GU25: 35.863126 | GV25: 35.832178 | GW25: 35.710187 | GX25: 35.775586 | GY25: 36.178021 | GZ25: 36.888098 | HA25: 37.678741 | HB25: 38.250687 | HC25: 38.521628 | HD25: 38.386761 | HE25: 38.124368 | HF25: 37.895746 | HG25: 37.891351 | HH25: 37.850562 | HI25: 38.122888 | HJ25: 37.913058 | HK25: 37.830396 | HL25: 37.134167 | HM25: 36.312891 | HN25: 35.487714 | HO25: 34.895081 | HP25: 34.548682 | HQ25: 34.48822 | HR25: 34.559866 | HS25: 35.024957 | HT25: 35.152917 | HU25: 35.535358 | HV25: 35.370236 | HW25: 35.236224 | HX25: 35.001758 | HY25: 34.79357 | HZ25: 34.685745 | IA25: 34.80672 | IB25: 35.145648 | IC25: 35.606052 | ID25: 36.058862 | IE25: 36.439679 | IF25: 36.754776 | IG25: 36.94408 | IH25: 36.958987 | II25: 37.084802 | IJ25: 37.162384 | IK25: 37.286938 | IL25: 37.376959 | IM25: 37.427875 | IN25: 37.459631 | IO25: 37.472217 | IP25: 37.465637 | IQ25: 37.43989 | IR25: 21.222939 | IS25: 21.85443 | IT25: 22.455972 | IU25: 23.027571 | IV25: 23.569221 | IW25: 24.080923 | IX25: 24.594437 | IY25: 25.005811 | IZ25: 25.329787 | JA25: 25.805933 | JB25: 26.106741 | JC25: 26.327533 | JD25: 26.589209 | JE25: 26.782944 | JF25: 26.940979 | JG25: 27.026846 | JH25: 27.374573 | JI25: 27.681342 | JJ25: 27.862561 | JK25: 28.195593 | JL25: 28.438983 | JM25: 28.550659 | JN25: 28.773602 | JO25: 28.918756 | JP25: 28.980182 | JQ25: 29.126489 | JR25: 29.467401 | JS25: 29.697388 | JT25: 29.793274 | JU25: 30.019757 | JV25: 30.155469 | JW25: 30.204163 | JX25: 30.281842 | JY25: 30.224011 | JZ25: 30.095691 | KA25: 30.001599 | KB25: 29.783014 | KC25: 29.554138 | KD25: 29.161688 | KE25: 28.972583 | KF25: 28.757159 | KG25: 28.686407 | KH25: 28.504663 | KI25: 28.375653 | KJ25: 28.223676 | KK25: 28.148355 | KL25: 27.906775 | KM25: 27.657556 | KN25: 27.250198 | KO25: 26.978568 | KP25: 26.689105 | KQ25: 26.427597 | KR25: 26.080762 | KS25: 25.793036 | KT25: 25.448843 | KU25: 25.103313 | KV25: 24.746909 | KW25: 24.379636 | KX25: 24.001489 | KY25: 23.612471 | KZ25: 17.491711 | LA25: 17.812646 | LB25: 18.085927 | LC25: 18.311551 | LD25: 18.489522 | LE25: 18.619836 | LF25: 18.333591 | LG25: 18.333195 | LH25: 18.621722 | LI25: 18.747977 | LJ25: 19.051344 | LK25: 19.212039 | LL25: 19.273331 | LM25: 19.29415 | LN25: 19.280638 | LO25: 19.240506 | LP25: 19.204607 | LQ25: 19.295786 | LR25: 19.271075 | LS25: 19.360814 | LT25: 19.424216 | LU25: 19.544189 | LV25: 19.637965 | LW25: 19.791373 | LX25: 19.891943 | LY25: 20.035498 | LZ25: 20.176767 | MA25: 20.316765 | MB25: 20.413574 | MC25: 20.489954 | MD25: 20.455933 | ME25: 20.49447 | MF25: 20.527534 | MG25: 20.617551 | MH25: 20.905185 | MI25: 21.290979 | MJ25: 21.572546 | MK25: 21.811063 | ML25: 21.911307 | MM25: 21.965607 | MN25: 21.871771 | MO25: 21.784558 | MP25: 21.623886 | MQ25: 21.524146 | MR25: 21.64968 | MS25: 21.688728 | MT25: 21.527621 | MU25: 21.265738 | MV25: 20.978574 | MW25: 20.736703 | MX25: 20.432526 | MY25: 20.168208 | MZ25: 19.868311 | NA25: 19.611612 | NB25: 19.391376 | NC25: 19.125998 | ND25: 18.97395 | NE25: 18.73219 | NF25: 18.516379 | NG25: 18.413086 | NH25: 18.308539 | NI25: 18.284749 | NJ25: 18.276978 | NK25: 18.223274 | NL25: 18.044121 | NM25: 18.149278 | NN25: 18.311862 | NO25: 18.329388 | NP25: 18.398526 | NQ25: 18.415842 | NR25: 18.376237 | NS25: 18.29735 | NT25: 18.179178 | NU25: 18.021721 | NV25: 17.824982
A26: 24 | B26: H-411_POS | C26: 0.70493513 | D26: 0.78270212 | E26: 0.85586748 | F26: 0.92443123 | G26: 0.98839322 | H26: 1.0477536 | I26: 1.0815719 | J26: 1.1285727 | K26: 1.2055399 | L26: 1.2575217 | M26: 1.306234 | N26: 1.3367542 | O26: 1.3649463 | P26: 1.4021982 | Q26: 1.4525326 | R26: 1.4852655 | S26: 1.500736 | T26: 1.5190591 | U26: 1.5314794 | V26: 1.5569498 | W26: 1.5892142 | X26: 1.6131026 | Y26: 1.6621148 | Z26: 1.7113726 | AA26: 1.7639128 | AB26: 1.8048959 | AC26: 1.8537153 | AD26: 1.9189971 | AE26: 1.9809297 | AF26: 2.0714606 | AG26: 2.1714878 | AH26: 2.2961527 | AI26: 2.4866143 | AJ26: 2.6767073 | AK26: 2.8904994 | AL26: 3.1263574 | AM26: 3.3917133 | AN26: 3.6687707 | AO26: 3.9308603 | AP26: 4.1811844 | AQ26: 4.3889726 | AR26: 4.5746343 | AS26: 4.7365142 | AT26: 4.8580319 | AU26: 4.9798604 | AV26: 5.0747317 | AW26: 5.137422 | AX26: 5.19713 | AY26: 5.2201332 | AZ26: 5.2237834 | BA26: 5.1806001 | BB26: 5.0950686 | BC26: 5.0118929 | BD26: 4.9751854 | BE26: 4.948511 | BF26: 4.9086467 | BG26: 4.8731984 | BH26: 4.8559805 | BI26: 4.8336441 | BJ26: 4.8306673 | BK26: 4.8152367 | BL26: 4.8171769 | BM26: 4.8202107 | BN26: 4.8337329 | BO26: 4.8209941 | BP26: 4.8070375 | BQ26: 4.7891918 | BR26: 4.7668197 | BS26: 4.7424841 | BT26: 4.737359 | BU26: 4.7340362 | BV26: 4.7542803 | BW26: 4.7300381 | BX26: 4.6806308 | BY26: 4.6382933 | BZ26: 4.5659471 | CA26: 4.474239 | CB26: 4.387306 | CC26: 4.2935093 | CD26: 4.2238789 | CE26: 4.1649263 | CF26: 4.1322255 | CG26: 4.0758577 | CH26: 4.0405761 | CI26: 4.1371764 | CJ26: 4.2079907 | CK26: 4.2958271 | CL26: 4.462794 | CM26: 4.7860468 | CN26: 5.2476541 | CO26: 5.8351249 | CP26: 6.5453903 | CQ26: 7.2780543 | CR26: 8.1808725 | CS26: 9.3284479 | CT26: 10.221757 | CU26: 11.070585 | CV26: 11.908113 | CW26: 12.663591 | CX26: 13.289738 | CY26: 13.852473 | CZ26: 14.327737 | DA26: 14.683511 | DB26: 15.163955 | DC26: 15.653809 | DD26: 15.966934 | DE26: 16.142614 | DF26: 16.334348 | DG26: 16.753214 | DH26: 17.173177 | DI26: 17.511388 | DJ26: 17.749515 | DK26: 17.928871 | DL26: 18.099743 | DM26: 18.169573 | DN26: 18.181026 | DO26: 17.986126 | DP26: 17.995641 | DQ26: 18.259355 | DR26: 18.433287 | DS26: 18.532985 | DT26: 18.657886 | DU26: 18.777556 | DV26: 18.839925 | DW26: 18.904707 | DX26: 19.057817 | DY26: 19.159108 | DZ26: 19.363588 | EA26: 19.543227 | EB26: 19.708414 | EC26: 19.877084 | ED26: 20.004288 | EE26: 20.10514 | EF26: 20.175471 | EG26: 20.251189 | EH26: 20.406134 | EI26: 20.470623 | EJ26: 20.703493 | EK26: 20.847129 | EL26: 20.913441 | EM26: 20.999926 | EN26: 21.109079 | EO26: 21.184228 | EP26: 21.278399 | EQ26: 21.332104 | ER26: 21.456351 | ES26: 21.570437 | ET26: 21.788453 | EU26: 21.92518 | EV26: 21.996386 | EW26: 22.056066 | EX26: 22.208834 | EY26: 22.270399 | EZ26: 22.348565 | FA26: 22.491382 | FB26: 22.68504 | FC26: 22.901757 | FD26: 23.099548 | FE26: 23.288782 | FF26: 23.393267 | FG26: 23.244823 | FH26: 23.013444 | FI26: 23.106135 | FJ26: 23.464589 | FK26: 23.636792 | FL26: 23.941977 | FM26: 24.557479 | FN26: 24.461343 | FO26: 24.357076 | FP26: 24.632484 | FQ26: 23.778262 | FR26: 22.938182 | FS26: 23.069527 | FT26: 22.574845 | FU26: 22.303447 | FV26: 22.095036 | FW26: 22.288587 | FX26: 22.335172 | FY26: 22.446523 | FZ26: 22.960572 | GA26: 22.922233 | GB26: 22.909212 | GC26: 23.570922 | GD26: 23.168204 | GE26: 23.400095 | GF26: 23.50402 | GG26: 23.678203 | GH26: 23.99974 | GI26: 24.099089 | GJ26: 24.187137 | GK26: 24.602972 | GL26: 24.4525 | GM26: 24.494359 | GN26: 24.04172 | GO26: 23.934355 | GP26: 24.073462 | GQ26: 24.127603 | GR26: 24.522051 | GS26: 25.015236 | GT26: 25.141507 | GU26: 25.445928 | GV26: 25.425083 | GW26: 25.393674 | GX26: 25.485012 | GY26: 25.846759 | GZ26: 26.407574 | HA26: 26.995066 | HB26: 27.416864 | HC26: 27.602449 | HD26: 27.503134 | HE26: 27.342835 | HF26: 27.195925 | HG26: 27.286449 | HH26: 27.34633 | HI26: 27.638527 | HJ26: 27.532003 | HK26: 27.49248 | HL26: 26.981065 | HM26: 26.379685 | HN26: 25.774465 | HO26: 25.324934 | HP26: 25.031471 | HQ26: 24.95513 | HR26: 24.99772 | HS26: 25.326366 | HT26: 25.409521 | HU26: 25.699824 | HV26: 25.582759 | HW26: 25.50798 | HX26: 25.377621 | HY26: 25.253813 | HZ26: 25.206181 | IA26: 25.298643 | IB26: 25.576483 | IC26: 25.955508 | ID26: 26.340008 | IE26: 26.677912 | IF26: 26.961539 | IG26: 27.138804 | IH26: 27.199749 | II26: 27.352649 | IJ26: 27.454034 | IK26: 27.553137 | IL26: 27.639803 | IM26: 27.695245 | IN26: 27.732321 | IO26: 27.751025 | IP26: 27.751356 | IQ26: 27.733318 | IR26: 15.689426 | IS26: 16.154415 | IT26: 16.603266 | IU26: 17.035976 | IV26: 17.452545 | IW26: 17.852973 | IX26: 18.265146 | IY26: 18.623707 | IZ26: 18.881756 | JA26: 19.265168 | JB26: 19.503205 | JC26: 19.668334 | JD26: 19.883592 | JE26: 20.008635 | JF26: 20.139411 | JG26: 20.196511 | JH26: 20.464997 | JI26: 20.695264 | JJ26: 20.820845 | JK26: 21.113858 | JL26: 21.303419 | JM26: 21.417681 | JN26: 21.641892 | JO26: 21.764796 | JP26: 21.838994 | JQ26: 21.953222 | JR26: 22.17438 | JS26: 22.314288 | JT26: 22.34868 | JU26: 22.496481 | JV26: 22.562026 | JW26: 22.560363 | JX26: 22.595206 | JY26: 22.52361 | JZ26: 22.405506 | KA26: 22.304401 | KB26: 22.100154 | KC26: 21.900273 | KD26: 21.569729 | KE26: 21.425512 | KF26: 21.244357 | KG26: 21.151347 | KH26: 21.026053 | KI26: 20.941249 | KJ26: 20.842463 | KK26: 20.815366 | KL26: 20.67328 | KM26: 20.52521 | KN26: 20.27642 | KO26: 20.134273 | KP26: 19.936254 | KQ26: 19.760445 | KR26: 19.522189 | KS26: 19.29494 | KT26: 19.024456 | KU26: 18.753728 | KV26: 18.469098 | KW26: 18.170563 | KX26: 17.858126 | KY26: 17.531787 | KZ26: 12.142577 | LA26: 12.507332 | LB26: 12.807471 | LC26: 13.042994 | LD26: 13.213899 | LE26: 13.320188 | LF26: 13.140307 | LG26: 13.070048 | LH26: 13.126487 | LI26: 13.059788 | LJ26: 13.199745 | LK26: 13.289369 | LL26: 13.301907 | LM26: 13.343718 | LN26: 13.324552 | LO26: 13.346149 | LP26: 13.389668 | LQ26: 13.466038 | LR26: 13.460205 | LS26: 13.495805 | LT26: 13.538021 | LU26: 13.603577 | LV26: 13.646254 | LW26: 13.72655 | LX26: 13.767713 | LY26: 13.861255 | LZ26: 13.925238 | MA26: 13.948421 | MB26: 13.996694 | MC26: 14.039653 | MD26: 14.055946 | ME26: 14.12727 | MF26: 14.1548 | MG26: 14.276194 | MH26: 14.561796 | MI26: 14.820585 | MJ26: 15.020251 | MK26: 15.212631 | ML26: 15.370684 | MM26: 15.406317 | MN26: 15.388273 | MO26: 15.313755 | MP26: 15.155563 | MQ26: 15.108891 | MR26: 15.122065 | MS26: 14.993352 | MT26: 14.817706 | MU26: 14.565261 | MV26: 14.28884 | MW26: 13.974178 | MX26: 13.724943 | MY26: 13.418722 | MZ26: 13.209268 | NA26: 13.076613 | NB26: 12.880633 | NC26: 12.723491 | ND26: 12.597117 | NE26: 12.3792 | NF26: 12.22706 | NG26: 12.139455 | NH26: 12.042858 | NI26: 12.01629 | NJ26: 12.000325 | NK26: 11.927832 | NL26: 11.795133 | NM26: 11.882134 | NN26: 11.975367 | NO26: 12.023191 | NP26: 12.073091 | NQ26: 12.133249 | NR26: 12.107231 | NS26: 12.043995 | NT26: 11.943542 | NU26: 11.80587 | NV26: 11.630982
A27: 25 | B27: H-502_POS | C27: 0.75234604 | D27: 0.87162368 | E27: 0.96485678 | F27: 1.0320453 | G27: 1.0731891 | H27: 1.0882884 | I27: 1.0164825 | J27: 0.97295263 | K27: 0.96998024 | L27: 0.98784531 | M27: 1.0431173 | N27: 1.1205983 | O27: 1.2226565 | P27: 1.3526801 | Q27: 1.5171034 | R27: 1.4403125 | S27: 1.4467784 | T27: 1.4609502 | U27: 1.4656902 | V27: 1.4914922 | W27: 1.5294486 | X27: 1.5423732 | Y27: 1.5915099 | Z27: 1.6261597 | AA27: 1.6798618 | AB27: 1.7207336 | AC27: 1.7627796 | AD27: 1.820329 | AE27: 1.8717189 | AF27: 1.9549719 | AG27: 2.0405733 | AH27: 2.1415176 | AI27: 2.300237 | AJ27: 2.4595879 | AK27: 2.6436373 | AL27: 2.8396041 | AM27: 3.0696434 | AN27: 3.3198359 | AO27: 3.5696038 | AP27: 3.8169568 | AQ27: 4.0203086 | AR27: 4.1948963 | AS27: 4.3375015 | AT27: 4.443261 | AU27: 4.5329395 | AV27: 4.6127934 | AW27: 4.6727091 | AX27: 4.7442551 | AY27: 4.787913 | AZ27: 4.8060036 | BA27: 4.781442 | BB27: 4.7124761 | BC27: 4.6271663 | BD27: 4.6041294 | BE27: 4.5724004 | BF27: 4.5325758 | BG27: 4.4912012 | BH27: 4.4783783 | BI27: 4.4520306 | BJ27: 4.4424625 | BK27: 4.4261275 | BL27: 4.4273991 | BM27: 4.4344033 | BN27: 4.4685313 | BO27: 4.4718073 | BP27: 4.4766083 | BQ27: 4.4673826 | BR27: 4.44708 | BS27: 4.4272881 | BT27: 4.417077 | BU27: 4.4082981 | BV27: 4.4361966 | BW27: 4.4065323 | BX27: 4.3614739 | BY27: 4.3537699 | BZ27: 4.3015065 | CA27: 4.2109222 | CB27: 4.1223818 | CC27: 4.0448214 | CD27: 3.9838681 | CE27: 3.9448369 | CF27: 3.9340693 | CG27: 3.8795056 | CH27: 3.8712349 | CI27: 3.9800991 | CJ27: 4.0366592 | CK27: 4.0940238 | CL27: 4.2013202 | CM27: 4.4662887 | CN27: 4.8528663 | CO27: 5.3566301 | CP27: 5.9864688 | CQ27: 6.6428553 | CR27: 7.5076582 | CS27: 8.5721809 | CT27: 9.4381917 | CU27: 10.277773 | CV27: 11.080663 | CW27: 11.810284 | CX27: 12.397152 | CY27: 12.924182 | CZ27: 13.38033 | DA27: 13.733863 | DB27: 14.189028 | DC27: 14.675646 | DD27: 15.005039 | DE27: 15.265318 | DF27: 15.481218 | DG27: 15.836665 | DH27: 16.133013 | DI27: 16.385817 | DJ27: 16.563597 | DK27: 16.698059 | DL27: 16.824287 | DM27: 16.939045 | DN27: 16.988573 | DO27: 16.932058 | DP27: 16.954237 | DQ27: 17.157718 | DR27: 17.273131 | DS27: 17.35945 | DT27: 17.420773 | DU27: 17.489143 | DV27: 17.531777 | DW27: 17.628513 | DX27: 17.792538 | DY27: 17.906491 | DZ27: 18.063236 | EA27: 18.24134 | EB27: 18.401293 | EC27: 18.499395 | ED27: 18.558679 | EE27: 18.604628 | EF27: 18.651211 | EG27: 18.781704 | EH27: 18.943322 | EI27: 18.990184 | EJ27: 19.192929 | EK27: 19.34672 | EL27: 19.456094 | EM27: 19.558962 | EN27: 19.675244 | EO27: 19.731133 | EP27: 19.811412 | EQ27: 19.891144 | ER27: 19.987644 | ES27: 20.003126 | ET27: 20.142887 | EU27: 20.25119 | EV27: 20.361026 | EW27: 20.359782 | EX27: 20.469325 | EY27: 20.560855 | EZ27: 20.634238 | FA27: 20.753479 | FB27: 20.933163 | FC27: 21.035411 | FD27: 21.171973 | FE27: 21.338097 | FF27: 21.443295 | FG27: 21.298887 | FH27: 21.272012 | FI27: 21.426341 | FJ27: 21.759857 | FK27: 21.97208 | FL27: 22.289768 | FM27: 22.650357 | FN27: 22.665978 | FO27: 22.719428 | FP27: 22.986304 | FQ27: 22.391588 | FR27: 21.772001 | FS27: 21.874239 | FT27: 21.403632 | FU27: 21.208035 | FV27: 21.056854 | FW27: 21.129181 | FX27: 21.258243 | FY27: 21.398607 | FZ27: 21.835541 | GA27: 21.859322 | GB27: 21.937271 | GC27: 22.46051 | GD27: 22.120405 | GE27: 22.374142 | GF27: 22.386295 | GG27: 22.52359 | GH27: 22.689963 | GI27: 22.741375 | GJ27: 22.988617 | GK27: 23.330419 | GL27: 23.357307 | GM27: 23.424199 | GN27: 23.195485 | GO27: 23.156803 | GP27: 23.267202 | GQ27: 23.494517 | GR27: 23.894741 | GS27: 24.436683 | GT27: 24.729833 | GU27: 24.907415 | GV27: 24.906545 | GW27: 24.858376 | GX27: 24.909582 | GY27: 25.189065 | GZ27: 25.69359 | HA27: 26.305383 | HB27: 26.764181 | HC27: 27.010013 | HD27: 26.944489 | HE27: 26.742859 | HF27: 26.553431 | HG27: 26.629859 | HH27: 26.695421 | HI27: 26.92868 | HJ27: 26.862968 | HK27: 26.759786 | HL27: 26.278327 | HM27: 25.694194 | HN27: 25.029863 | HO27: 24.479899 | HP27: 24.138892 | HQ27: 24.097066 | HR27: 24.192079 | HS27: 24.580946 | HT27: 24.768846 | HU27: 25.046943 | HV27: 25.066171 | HW27: 25.028727 | HX27: 24.897825 | HY27: 24.745527 | HZ27: 24.644023 | IA27: 24.694734 | IB27: 24.941337 | IC27: 25.301654 | ID27: 25.668084 | IE27: 26.010505 | IF27: 26.304827 | IG27: 26.476244 | IH27: 26.581075 | II27: 26.722263 | IJ27: 26.799684 | IK27: 26.883206 | IL27: 26.927149 | IM27: 26.968572 | IN27: 26.994629 | IO27: 27.005324 | IP27: 27.000658 | IQ27: 26.980623 | IR27: 14.816335 | IS27: 15.293376 | IT27: 15.750276 | IU27: 16.187039 | IV27: 16.603661 | IW27: 17.000144 | IX27: 17.412016 | IY27: 17.740007 | IZ27: 17.969779 | JA27: 18.356628 | JB27: 18.585261 | JC27: 18.779897 | JD27: 18.994873 | JE27: 19.150046 | JF27: 19.295183 | JG27: 19.352458 | JH27: 19.632919 | JI27: 19.831923 | JJ27: 19.949799 | JK27: 20.229928 | JL27: 20.405287 | JM27: 20.522783 | JN27: 20.712055 | JO27: 20.842066 | JP27: 20.903888 | JQ27: 20.994778 | JR27: 21.26475 | JS27: 21.4161 | JT27: 21.465078 | JU27: 21.607744 | JV27: 21.684689 | JW27: 21.704274 | JX27: 21.762 | JY27: 21.714903 | JZ27: 21.608368 | KA27: 21.510727 | KB27: 21.346297 | KC27: 21.148834 | KD27: 20.83002 | KE27: 20.665709 | KF27: 20.491323 | KG27: 20.425585 | KH27: 20.320523 | KI27: 20.208757 | KJ27: 20.107512 | KK27: 20.041372 | KL27: 19.883521 | KM27: 19.721554 | KN27: 19.454305 | KO27: 19.283808 | KP27: 19.08847 | KQ27: 18.91384 | KR27: 18.653056 | KS27: 18.402454 | KT27: 18.135298 | KU27: 17.863541 | KV27: 17.581336 | KW27: 17.288684 | KX27: 16.985586 | KY27: 16.672038 | KZ27: 11.218908 | LA27: 11.470684 | LB27: 11.692388 | LC27: 11.88402 | LD27: 12.045583 | LE27: 12.177073 | LF27: 12.098244 | LG27: 12.237415 | LH27: 12.307393 | LI27: 12.383967 | LJ27: 12.509527 | LK27: 12.59995 | LL27: 12.646571 | LM27: 12.651062 | LN27: 12.652818 | LO27: 12.633727 | LP27: 12.65965 | LQ27: 12.755888 | LR27: 12.720986 | LS27: 12.711539 | LT27: 12.765835 | LU27: 12.843226 | LV27: 12.91206 | LW27: 13.002619 | LX27: 13.076953 | LY27: 13.189563 | LZ27: 13.283997 | MA27: 13.347519 | MB27: 13.388263 | MC27: 13.448871 | MD27: 13.482018 | ME27: 13.542492 | MF27: 13.532093 | MG27: 13.629201 | MH27: 13.842854 | MI27: 14.159498 | MJ27: 14.404375 | MK27: 14.576335 | ML27: 14.719591 | MM27: 14.784668 | MN27: 14.748589 | MO27: 14.673204 | MP27: 14.505578 | MQ27: 14.406353 | MR27: 14.35773 | MS27: 14.380746 | MT27: 14.233198 | MU27: 13.958676 | MV27: 13.749168 | MW27: 13.484125 | MX27: 13.270345 | MY27: 13.036115 | MZ27: 12.747394 | NA27: 12.525711 | NB27: 12.240754 | NC27: 12.0839 | ND27: 11.817618 | NE27: 11.526086 | NF27: 11.473333 | NG27: 11.392453 | NH27: 11.419906 | NI27: 11.424208 | NJ27: 11.420442 | NK27: 11.428538 | NL27: 11.293989 | NM27: 11.38998 | NN27: 11.386527 | NO27: 11.377029 | NP27: 11.50009 | NQ27: 11.478556 | NR27: 11.463979 | NS27: 11.431112 | NT27: 11.379952 | NU27: 11.310501 | NV27: 11.222761
A28: 26 | B28: L-108_POS
A29: 27 | B29: L-111_POS
A30: 28 | B30: L-215_POS
A31: 29 | B31: L-305_POS
A32: 30 | B32: L-406_POS
A33: 31 | B33: L-417_POS
A34: 32 | B34: L-503_POS
A35: 33 | B35: L-511_POS

Sheet 2
B1: PlotID | C1: 0.40534 | D1: 0.40853 | E1: 0.41173 | F1: 0.41492 | G1: 0.41811 | H1: 0.4213 | I1: 0.42449 | J1: 0.4277 | K1: 0.4309 | L1: 0.43411 | M1: 0.43732 | N1: 0.44053 | O1: 0.44374 | P1: 0.44695 | Q1: 0.45015 | R1: 0.45336 | S1: 0.45657 | T1: 0.45978 | U1: 0.46299 | V1: 0.46619 | W1: 0.4694 | X1: 0.47261 | Y1: 0.47582 | Z1: 0.47903 | AA1: 0.4822 | AB1: 0.48534 | AC1: 0.48848 | AD1: 0.49162 | AE1: 0.49475 | AF1: 0.49789 | AG1: 0.50103 | AH1: 0.50417 | AI1: 0.50731 | AJ1: 0.51045 | AK1: 0.51359 | AL1: 0.51673 | AM1: 0.51986 | AN1: 0.52307 | AO1: 0.52631 | AP1: 0.52954 | AQ1: 0.53277 | AR1: 0.53601 | AS1: 0.53924 | AT1: 0.54247 | AU1: 0.54571 | AV1: 0.54894 | AW1: 0.55218 | AX1: 0.55541 | AY1: 0.55864 | AZ1: 0.56188 | BA1: 0.56511 | BB1: 0.56835 | BC1: 0.57158 | BD1: 0.57481 | BE1: 0.57805 | BF1: 0.58128 | BG1: 0.58449 | BH1: 0.58766 | BI1: 0.59083 | BJ1: 0.59401 | BK1: 0.59718 | BL1: 0.60035 | BM1: 0.60353 | BN1: 0.6067 | BO1: 0.60987 | BP1: 0.61304 | BQ1: 0.61622 | BR1: 0.61939 | BS1: 0.62256 | BT1: 0.62574 | BU1: 0.62891 | BV1: 0.63208 | BW1: 0.63526 | BX1: 0.63843 | BY1: 0.6416 | BZ1: 0.64477 | CA1: 0.64795 | CB1: 0.65112 | CC1: 0.65429 | CD1: 0.65747 | CE1: 0.66064 | CF1: 0.66381 | CG1: 0.66699 | CH1: 0.67016 | CI1: 0.67333 | CJ1: 0.6765 | CK1: 0.67968 | CL1: 0.68287 | CM1: 0.68608 | CN1: 0.68929 | CO1: 0.6925 | CP1: 0.69571 | CQ1: 0.69892 | CR1: 0.70213 | CS1: 0.70534 | CT1: 0.70854 | CU1: 0.71175 | CV1: 0.71496 | CW1: 0.71817 | CX1: 0.72138 | CY1: 0.72459 | CZ1: 0.7278 | DA1: 0.73101 | DB1: 0.73422 | DC1: 0.73743 | DD1: 0.74063 | DE1: 0.74384 | DF1: 0.74705 | DG1: 0.75026 | DH1: 0.75347 | DI1: 0.75668 | DJ1: 0.75989 | DK1: 0.7631 | DL1: 0.7663 | DM1: 0.76951 | DN1: 0.77271 | DO1: 0.77592 | DP1: 0.77912 | DQ1: 0.78233 | DR1: 0.78553 | DS1: 0.78874 | DT1: 0.79194 | DU1: 0.79515 | DV1: 0.79835 | DW1: 0.80156 | DX1: 0.80476 | DY1: 0.80797 | DZ1: 0.81118 | EA1: 0.81438 | EB1: 0.81758 | EC1: 0.82077 | ED1: 0.82396 | EE1: 0.82714 | EF1: 0.83033 | EG1: 0.83352 | EH1: 0.83671 | EI1: 0.8399 | EJ1: 0.84308 | EK1: 0.84627 | EL1: 0.84946 | EM1: 0.85265 | EN1: 0.85584 | EO1: 0.85903 | EP1: 0.86221 | EQ1: 0.8654 | ER1: 0.86859 | ES1: 0.87178 | ET1: 0.87496 | EU1: 0.87815 | EV1: 0.88134 | EW1: 0.88453 | EX1: 0.88771 | EY1: 0.8909 | EZ1: 0.89409 | FA1: 0.89728 | FB1: 0.90047 | FC1: 0.90365 | FD1: 0.90684 | FE1: 0.91003 | FF1: 0.91322 | FG1: 0.91641 | FH1: 0.91959 | FI1: 0.92278 | FJ1: 0.92597 | FK1: 0.92916 | FL1: 0.93235 | FM1: 0.93553 | FN1: 0.93872 | FO1: 0.94191 | FP1: 0.9451 | FQ1: 0.9483 | FR1: 0.95056 | FS1: 0.95149 | FT1: 0.95468 | FU1: 0.95601 | FV1: 0.95787 | FW1: 0.96106 | FX1: 0.96147 | FY1: 0.96426 | FZ1: 0.96692 | GA1: 0.96745 | GB1: 0.97064 | GC1: 0.97237 | GD1: 0.97383 | GE1: 0.97702 | GF1: 0.97782 | GG1: 0.98022 | GH1: 0.98327 | GI1: 0.98341 | GJ1: 0.9866 | GK1: 0.98873 | GL1: 0.98979 | GM1: 0.99298 | GN1: 0.99418 | GO1: 0.99618 | GP1: 0.99963 | GQ1: 1.00508 | GR1: 1.01053 | GS1: 1.01599 | GT1: 1.02144 | GU1: 1.02689 | GV1: 1.03235 | GW1: 1.0378 | GX1: 1.04325 | GY1: 1.0487 | GZ1: 1.05416 | HA1: 1.05961 | HB1: 1.06506 | HC1: 1.07052 | HD1: 1.07597 | HE1: 1.08142 | HF1: 1.08687 | HG1: 1.09232 | HH1: 1.09777 | HI1: 1.10323 | HJ1: 1.1087 | HK1: 1.11416 | HL1: 1.11963 | HM1: 1.1251 | HN1: 1.13057 | HO1: 1.13603 | HP1: 1.1415 | HQ1: 1.14697 | HR1: 1.15243 | HS1: 1.1579 | HT1: 1.16337 | HU1: 1.16884 | HV1: 1.1743 | HW1: 1.17977 | HX1: 1.18524 | HY1: 1.1907 | HZ1: 1.19616 | IA1: 1.20164 | IB1: 1.2071 | IC1: 1.21256 | ID1: 1.21803 | IE1: 1.2235 | IF1: 1.22896 | IG1: 1.23443 | IH1: 1.2399 | II1: 1.24536 | IJ1: 1.25083 | IK1: 1.25628 | IL1: 1.26171 | IM1: 1.26715 | IN1: 1.27258 | IO1: 1.27801 | IP1: 1.28344 | IQ1: 1.28888 | IR1: 1.50086 | IS1: 1.50631 | IT1: 1.51176 | IU1: 1.51722 | IV1: 1.52267 | IW1: 1.52813 | IX1: 1.53358 | IY1: 1.53902 | IZ1: 1.54448 | JA1: 1.54993 | JB1: 1.55538 | JC1: 1.56084 | JD1: 1.56629 | JE1: 1.57174 | JF1: 1.5772 | JG1: 1.58265 | JH1: 1.58811 | JI1: 1.59358 | JJ1: 1.59904 | JK1: 1.60451 | JL1: 1.60998 | JM1: 1.61544 | JN1: 1.62091 | JO1: 1.62638 | JP1: 1.63183 | JQ1: 1.63731 | JR1: 1.64277 | JS1: 1.64823 | JT1: 1.6537 | JU1: 1.65916 | JV1: 1.66463 | JW1: 1.6701 | JX1: 1.67556 | JY1: 1.68103 | JZ1: 1.68649 | KA1: 1.69196 | KB1: 1.69743 | KC1: 1.70289 | KD1: 1.70836 | KE1: 1.71383 | KF1: 1.71929 | KG1: 1.72476 | KH1: 1.73022 | KI1: 1.73569 | KJ1: 1.74116 | KK1: 1.74662 | KL1: 1.75208 | KM1: 1.75756 | KN1: 1.76301 | KO1: 1.76848 | KP1: 1.77394 | KQ1: 1.77941 | KR1: 1.78488 | KS1: 1.79034 | KT1: 1.79581 | KU1: 1.80128 | KV1: 1.80674 | KW1: 1.81221 | KX1: 1.81767 | KY1: 1.82314 | KZ1: 1.99257 | LA1: 1.99804 | LB1: 2.0035 | LC1: 2.00895 | LD1: 2.0144 | LE1: 2.01984 | LF1: 2.02529 | LG1: 2.03074 | LH1: 2.03618 | LI1: 2.04163 | LJ1: 2.04708 | LK1: 2.05252 | LL1: 2.05797 | LM1: 2.0634 | LN1: 2.06882 | LO1: 2.07425 | LP1: 2.07967 | LQ1: 2.0851 | LR1: 2.09053 | LS1: 2.09596 | LT1: 2.10138 | LU1: 2.10681 | LV1: 2.11224 | LW1: 2.11767 | LX1: 2.1231 | LY1: 2.12853 | LZ1: 2.13396 | MA1: 2.13938 | MB1: 2.14481 | MC1: 2.15024 | MD1: 2.15567 | ME1: 2.1611 | MF1: 2.16653 | MG1: 2.17195 | MH1: 2.17738 | MI1: 2.18281 | MJ1: 2.18824 | MK1: 2.19367 | ML1: 2.19912 | MM1: 2.20461 | MN1: 2.2101 | MO1: 2.21559 | MP1: 2.22109 | MQ1: 2.22658 | MR1: 2.23208 | MS1: 2.23757 | MT1: 2.24306 | MU1: 2.24856 | MV1: 2.25405 | MW1: 2.25955 | MX1: 2.26504 | MY1: 2.27053 | MZ1: 2.27603 | NA1: 2.28152 | NB1: 2.28702 | NC1: 2.29251 | ND1: 2.298 | NE1: 2.30349 | NF1: 2.30898 | NG1: 2.31446 | NH1: 2.3199 | NI1: 2.32534 | NJ1: 2.33077 | NK1: 2.33621 | NL1: 2.34165 | NM1: 2.34708 | NN1: 2.35252 | NO1: 2.35795 | NP1: 2.36339 | NQ1: 2.36883 | NR1: 2.37426 | NS1: 2.3797 | NT1: 2.38514 | NU1: 2.39057 | NV1: 2.39601
A2: 0 | B2: H-102_NEG
A3: 1 | B3: H-115_NEG | C3: 0.77355372 | D3: 0.85290322 | E3: 0.92672558 | F3: 0.99502079 | G3: 1.0577888 | H3: 1.1150297 | I3: 1.1467119 | J3: 1.1918627 | K3: 1.2554684 | L3: 1.3148716 | M3: 1.3694184 | N3: 1.4132304 | O3: 1.4391219 | P3: 1.4689311 | Q3: 1.5104042 | R3: 1.5390248 | S3: 1.5457785 | T3: 1.5714815 | U3: 1.5906973 | V3: 1.6194856 | W3: 1.6602737 | X3: 1.6876061 | Y3: 1.7388468 | Z3: 1.7951399 | AA3: 1.8430753 | AB3: 1.8812694 | AC3: 1.9254774 | AD3: 1.983038 | AE3: 2.0500937 | AF3: 2.1414107 | AG3: 2.2368415 | AH3: 2.354885 | AI3: 2.5334447 | AJ3: 2.7028208 | AK3: 2.8830157 | AL3: 3.0825643 | AM3: 3.3076836 | AN3: 3.5378379 | AO3: 3.7740207 | AP3: 3.9916926 | AQ3: 4.1738305 | AR3: 4.347001 | AS3: 4.4847768 | AT3: 4.5854206 | AU3: 4.6921722 | AV3: 4.790094 | AW3: 4.8539234 | AX3: 4.9205824 | AY3: 4.9677407 | AZ3: 4.9908705 | BA3: 4.9748916 | BB3: 4.9196927 | BC3: 4.8551048 | BD3: 4.8485984 | BE3: 4.8419861 | BF3: 4.8258462 | BG3: 4.8008383 | BH3: 4.8030197 | BI3: 4.7948251 | BJ3: 4.7934201 | BK3: 4.7866725 | BL3: 4.7942909 | BM3: 4.8073343 | BN3: 4.8349702 | BO3: 4.8346173 | BP3: 4.838767 | BQ3: 4.827715 | BR3: 4.8163689 | BS3: 4.7976173 | BT3: 4.7930327 | BU3: 4.7957782 | BV3: 4.8268467 | BW3: 4.8123244 | BX3: 4.7727694 | BY3: 4.7799792 | BZ3: 4.7380477 | CA3: 4.6655106 | CB3: 4.5969619 | CC3: 4.523975 | CD3: 4.4698076 | CE3: 4.4324367 | CF3: 4.4105688 | CG3: 4.3488414 | CH3: 4.3329824 | CI3: 4.4699711 | CJ3: 4.5411871 | CK3: 4.6246099 | CL3: 4.768167 | CM3: 5.0402047 | CN3: 5.4224792 | CO3: 5.9016769 | CP3: 6.4608274 | CQ3: 7.0442756 | CR3: 7.7882627 | CS3: 8.7585348 | CT3: 9.4960906 | CU3: 10.187042 | CV3: 10.850705 | CW3: 11.432178 | CX3: 11.894085 | CY3: 12.29347 | CZ3: 12.608695 | DA3: 12.870464 | DB3: 13.207709 | DC3: 13.606775 | DD3: 13.860209 | DE3: 13.989603 | DF3: 14.136675 | DG3: 14.516822 | DH3: 14.904129 | DI3: 15.203973 | DJ3: 15.415806 | DK3: 15.596038 | DL3: 15.736823 | DM3: 15.80244 | DN3: 15.77935 | DO3: 15.590708 | DP3: 15.582403 | DQ3: 15.828042 | DR3: 15.98289 | DS3: 16.06792 | DT3: 16.182646 | DU3: 16.30082 | DV3: 16.371244 | DW3: 16.430882 | DX3: 16.569147 | DY3: 16.657606 | DZ3: 16.83778 | EA3: 17.001045 | EB3: 17.162345 | EC3: 17.297365 | ED3: 17.423779 | EE3: 17.536495 | EF3: 17.594055 | EG3: 17.663054 | EH3: 17.787072 | EI3: 17.806481 | EJ3: 17.979937 | EK3: 18.100237 | EL3: 18.164991 | EM3: 18.245266 | EN3: 18.416758 | EO3: 18.553789 | EP3: 18.663902 | EQ3: 18.739624 | ER3: 18.845221 | ES3: 18.937357 | ET3: 19.090606 | EU3: 19.187277 | EV3: 19.180811 | EW3: 19.178359 | EX3: 19.319473 | EY3: 19.393563 | EZ3: 19.420847 | FA3: 19.544342 | FB3: 19.682872 | FC3: 19.876232 | FD3: 20.050484 | FE3: 20.240665 | FF3: 20.292191 | FG3: 20.138981 | FH3: 20.024362 | FI3: 20.105759 | FJ3: 20.458208 | FK3: 20.669983 | FL3: 20.951633 | FM3: 21.559067 | FN3: 21.436085 | FO3: 21.353732 | FP3: 21.523703 | FQ3: 20.662979 | FR3: 19.952308 | FS3: 19.998322 | FT3: 19.535334 | FU3: 19.413167 | FV3: 19.285556 | FW3: 19.564063 | FX3: 19.672158 | FY3: 19.746034 | FZ3: 20.12486 | GA3: 20.111063 | GB3: 20.117274 | GC3: 20.664869 | GD3: 20.196936 | GE3: 20.472815 | GF3: 20.480193 | GG3: 20.544842 | GH3: 20.76461 | GI3: 20.796194 | GJ3: 20.840923 | GK3: 21.34333 | GL3: 21.214651 | GM3: 21.273222 | GN3: 20.836125 | GO3: 20.726243 | GP3: 20.732386 | GQ3: 20.610026 | GR3: 20.849062 | GS3: 21.273474 | GT3: 21.294262 | GU3: 21.592449 | GV3: 21.575381 | GW3: 21.56245 | GX3: 21.664805 | GY3: 21.97183 | GZ3: 22.431083 | HA3: 22.908846 | HB3: 23.233447 | HC3: 23.388533 | HD3: 23.307941 | HE3: 23.200973 | HF3: 23.140192 | HG3: 23.206419 | HH3: 23.183843 | HI3: 23.402096 | HJ3: 23.301204 | HK3: 23.39245 | HL3: 23.033976 | HM3: 22.655442 | HN3: 22.32292 | HO3: 22.134378 | HP3: 22.048323 | HQ3: 22.032126 | HR3: 22.057524 | HS3: 22.347685 | HT3: 22.389408 | HU3: 22.665931 | HV3: 22.490932 | HW3: 22.412673 | HX3: 22.319742 | HY3: 22.244768 | HZ3: 22.228139 | IA3: 22.343915 | IB3: 22.609895 | IC3: 22.946222 | ID3: 23.267974 | IE3: 23.566415 | IF3: 23.802853 | IG3: 23.955956 | IH3: 23.995956 | II3: 24.11172 | IJ3: 24.21234 | IK3: 24.328261 | IL3: 24.436128 | IM3: 24.513506 | IN3: 24.578505 | IO3: 24.631127 | IP3: 24.671365 | IQ3: 24.699221 | IR3: 15.526077 | IS3: 15.951893 | IT3: 16.360751 | IU3: 16.752648 | IV3: 17.127584 | IW3: 17.48556 | IX3: 17.847692 | IY3: 18.16186 | IZ3: 18.385905 | JA3: 18.707945 | JB3: 18.905943 | JC3: 19.059223 | JD3: 19.235244 | JE3: 19.339713 | JF3: 19.431902 | JG3: 19.467641 | JH3: 19.712258 | JI3: 19.916419 | JJ3: 20.032841 | JK3: 20.290042 | JL3: 20.480406 | JM3: 20.588803 | JN3: 20.776923 | JO3: 20.888078 | JP3: 20.938137 | JQ3: 21.059759 | JR3: 21.29497 | JS3: 21.434895 | JT3: 21.492195 | JU3: 21.640883 | JV3: 21.698206 | JW3: 21.701764 | JX3: 21.733806 | JY3: 21.660909 | JZ3: 21.557695 | KA3: 21.505652 | KB3: 21.325428 | KC3: 21.168453 | KD3: 20.882807 | KE3: 20.750702 | KF3: 20.588749 | KG3: 20.558861 | KH3: 20.457306 | KI3: 20.412141 | KJ3: 20.362629 | KK3: 20.405121 | KL3: 20.28349 | KM3: 20.203758 | KN3: 19.99392 | KO3: 19.89219 | KP3: 19.753165 | KQ3: 19.640111 | KR3: 19.431182 | KS3: 19.256782 | KT3: 19.015736 | KU3: 18.775608 | KV3: 18.517057 | KW3: 18.240085 | KX3: 17.944691 | KY3: 17.630873 | KZ3: 12.961942 | LA3: 13.401336 | LB3: 13.753933 | LC3: 14.019732 | LD3: 14.198733 | LE3: 14.290936 | LF3: 14.059445 | LG3: 13.894472 | LH3: 13.94834 | LI3: 13.844963 | LJ3: 13.891893 | LK3: 13.975036 | LL3: 14.018555 | LM3: 14.056483 | LN3: 14.045038 | LO3: 14.053009 | LP3: 14.019464 | LQ3: 14.049629 | LR3: 13.975603 | LS3: 13.991023 | LT3: 14.022295 | LU3: 14.087345 | LV3: 14.147645 | LW3: 14.22015 | LX3: 14.25596 | LY3: 14.323177 | LZ3: 14.370337 | MA3: 14.386962 | MB3: 14.393429 | MC3: 14.433906 | MD3: 14.414814 | ME3: 14.445009 | MF3: 14.494395 | MG3: 14.619122 | MH3: 14.841488 | MI3: 15.117354 | MJ3: 15.326237 | MK3: 15.527982 | ML3: 15.681947 | MM3: 15.716022 | MN3: 15.648414 | MO3: 15.568845 | MP3: 15.465632 | MQ3: 15.434117 | MR3: 15.448106 | MS3: 15.357685 | MT3: 15.180034 | MU3: 14.942449 | MV3: 14.633808 | MW3: 14.265447 | MX3: 13.957941 | MY3: 13.704363 | MZ3: 13.467002 | NA3: 13.335663 | NB3: 13.181382 | NC3: 13.02303 | ND3: 12.86734 | NE3: 12.665769 | NF3: 12.557918 | NG3: 12.459601 | NH3: 12.382481 | NI3: 12.375474 | NJ3: 12.344897 | NK3: 12.346131 | NL3: 12.214314 | NM3: 12.252926 | NN3: 12.340862 | NO3: 12.427343 | NP3: 12.529685 | NQ3: 12.602733 | NR3: 12.631573 | NS3: 12.638997 | NT3: 12.625004 | NU3: 12.589595 | NV3: 12.532768
A4: 2 | B4: H-207_NEG
A5: 3 | B5: H-217_NEG | C5: 0.72162653 | D5: 0.80649906 | E5: 0.88466784 | F5: 0.95613285 | G5: 1.0208942 | H5: 1.0789517 | I5: 1.107304 | J5: 1.1481827 | K5: 1.2066409 | L5: 1.2608157 | M5: 1.3114364 | N5: 1.3538611 | O5: 1.3866462 | P5: 1.4232419 | Q5: 1.469532 | R5: 1.502491 | S5: 1.5182697 | T5: 1.5398678 | U5: 1.5576167 | V5: 1.5840075 | W5: 1.6203821 | X5: 1.6452857 | Y5: 1.6921291 | Z5: 1.7471514 | AA5: 1.7965217 | AB5: 1.8376939 | AC5: 1.8874661 | AD5: 1.9478739 | AE5: 2.0140687 | AF5: 2.1088922 | AG5: 2.2094073 | AH5: 2.3291803 | AI5: 2.5028966 | AJ5: 2.6711709 | AK5: 2.8481684 | AL5: 3.0453456 | AM5: 3.2605771 | AN5: 3.4802341 | AO5: 3.7001108 | AP5: 3.9101746 | AQ5: 4.0889184 | AR5: 4.2515958 | AS5: 4.3867634 | AT5: 4.4890205 | AU5: 4.5966587 | AV5: 4.6872973 | AW5: 4.7483892 | AX5: 4.8163532 | AY5: 4.8675403 | AZ5: 4.8961547 | BA5: 4.8878444 | BB5: 4.8360315 | BC5: 4.7804882 | BD5: 4.7765257 | BE5: 4.7769132 | BF5: 4.7608335 | BG5: 4.7434497 | BH5: 4.7473643 | BI5: 4.74548 | BJ5: 4.7513063 | BK5: 4.7455115 | BL5: 4.7504421 | BM5: 4.7596779 | BN5: 4.7846443 | BO5: 4.7917139 | BP5: 4.7980569 | BQ5: 4.7948095 | BR5: 4.7837397 | BS5: 4.7677771 | BT5: 4.765269 | BU5: 4.7627063 | BV5: 4.7869225 | BW5: 4.7688314 | BX5: 4.7325768 | BY5: 4.7331359 | BZ5: 4.6887097 | CA5: 4.6173188 | CB5: 4.5403903 | CC5: 4.461912 | CD5: 4.4022611 | CE5: 4.3585793 | CF5: 4.335623 | CG5: 4.2813986 | CH5: 4.2661007 | CI5: 4.3935841 | CJ5: 4.4665669 | CK5: 4.5554603 | CL5: 4.6973496 | CM5: 4.974686 | CN5: 5.3592689 | CO5: 5.8436513 | CP5: 6.4106083 | CQ5: 6.9827715 | CR5: 7.7051642 | CS5: 8.6442378 | CT5: 9.3394342 | CU5: 9.9993406 | CV5: 10.615274 | CW5: 11.153075 | CX5: 11.574207 | CY5: 11.934694 | CZ5: 12.218499 | DA5: 12.429938 | DB5: 12.732764 | DC5: 13.09232 | DD5: 13.314321 | DE5: 13.438061 | DF5: 13.567557 | DG5: 13.910848 | DH5: 14.264373 | DI5: 14.543116 | DJ5: 14.737162 | DK5: 14.883251 | DL5: 15.00841 | DM5: 15.079263 | DN5: 15.085043 | DO5: 14.929895 | DP5: 14.93763 | DQ5: 15.183054 | DR5: 15.337254 | DS5: 15.428581 | DT5: 15.522096 | DU5: 15.610171 | DV5: 15.667889 | DW5: 15.727154 | DX5: 15.861834 | DY5: 15.951121 | DZ5: 16.119356 | EA5: 16.279447 | EB5: 16.416879 | EC5: 16.541551 | ED5: 16.64865 | EE5: 16.739852 | EF5: 16.802935 | EG5: 16.890688 | EH5: 17.044194 | EI5: 17.092191 | EJ5: 17.27056 | EK5: 17.382276 | EL5: 17.438649 | EM5: 17.509523 | EN5: 17.635784 | EO5: 17.723708 | EP5: 17.812263 | EQ5: 17.893275 | ER5: 17.993876 | ES5: 18.057262 | ET5: 18.213078 | EU5: 18.307273 | EV5: 18.321833 | EW5: 18.319279 | EX5: 18.46104 | EY5: 18.559047 | EZ5: 18.620896 | FA5: 18.765583 | FB5: 18.89556 | FC5: 19.091681 | FD5: 19.284913 | FE5: 19.447789 | FF5: 19.501966 | FG5: 19.341675 | FH5: 19.183144 | FI5: 19.286255 | FJ5: 19.620619 | FK5: 19.808138 | FL5: 20.04609 | FM5: 20.584413 | FN5: 20.484037 | FO5: 20.361185 | FP5: 20.52181 | FQ5: 19.701674 | FR5: 18.985284 | FS5: 19.122889 | FT5: 18.752846 | FU5: 18.644361 | FV5: 18.524009 | FW5: 18.81665 | FX5: 18.901147 | FY5: 18.958388 | FZ5: 19.309841 | GA5: 19.238298 | GB5: 19.22336 | GC5: 19.736931 | GD5: 19.332556 | GE5: 19.534856 | GF5: 19.602096 | GG5: 19.783512 | GH5: 20.003098 | GI5: 20.05088 | GJ5: 20.086089 | GK5: 20.501733 | GL5: 20.379641 | GM5: 20.367049 | GN5: 20.035942 | GO5: 19.963008 | GP5: 20.101317 | GQ5: 20.121375 | GR5: 20.393645 | GS5: 20.769603 | GT5: 20.796407 | GU5: 21.028969 | GV5: 20.973671 | GW5: 20.901609 | GX5: 21.02865 | GY5: 21.332025 | GZ5: 21.7997 | HA5: 22.297833 | HB5: 22.632447 | HC5: 22.78646 | HD5: 22.701493 | HE5: 22.583741 | HF5: 22.50599 | HG5: 22.550336 | HH5: 22.535851 | HI5: 22.747948 | HJ5: 22.630322 | HK5: 22.667708 | HL5: 22.28515 | HM5: 21.861891 | HN5: 21.468042 | HO5: 21.223748 | HP5: 21.091591 | HQ5: 21.075252 | HR5: 21.12495 | HS5: 21.408667 | HT5: 21.460954 | HU5: 21.728856 | HV5: 21.599093 | HW5: 21.534073 | HX5: 21.446759 | HY5: 21.37923 | HZ5: 21.367179 | IA5: 21.48225 | IB5: 21.729066 | IC5: 22.051495 | ID5: 22.362861 | IE5: 22.646501 | IF5: 22.877186 | IG5: 23.016337 | IH5: 23.061832 | II5: 23.181594 | IJ5: 23.283663 | IK5: 23.398188 | IL5: 23.487244 | IM5: 23.554446 | IN5: 23.608865 | IO5: 23.650498 | IP5: 23.679347 | IQ5: 23.695413 | IR5: 14.64081 | IS5: 15.071951 | IT5: 15.482606 | IU5: 15.872774 | IV5: 16.242453 | IW5: 16.591646 | IX5: 16.937403 | IY5: 17.232259 | IZ5: 17.434402 | JA5: 17.758804 | JB5: 17.93704 | JC5: 18.084472 | JD5: 18.261782 | JE5: 18.352022 | JF5: 18.449983 | JG5: 18.475907 | JH5: 18.716518 | JI5: 18.896812 | JJ5: 19.002995 | JK5: 19.256116 | JL5: 19.413159 | JM5: 19.524242 | JN5: 19.698803 | JO5: 19.80932 | JP5: 19.880339 | JQ5: 19.988703 | JR5: 20.226552 | JS5: 20.36388 | JT5: 20.411994 | JU5: 20.542637 | JV5: 20.600239 | JW5: 20.592576 | JX5: 20.616238 | JY5: 20.562838 | JZ5: 20.462805 | KA5: 20.401142 | KB5: 20.253709 | KC5: 20.108585 | KD5: 19.838122 | KE5: 19.716562 | KF5: 19.566646 | KG5: 19.508986 | KH5: 19.4185 | KI5: 19.360251 | KJ5: 19.283361 | KK5: 19.306368 | KL5: 19.189632 | KM5: 19.08804 | KN5: 18.881565 | KO5: 18.768007 | KP5: 18.620523 | KQ5: 18.500911 | KR5: 18.302558 | KS5: 18.121066 | KT5: 17.890075 | KU5: 17.659364 | KV5: 17.413555 | KW5: 17.152644 | KX5: 16.876632 | KY5: 16.58552 | KZ5: 12.174304 | LA5: 12.537851 | LB5: 12.834509 | LC5: 13.064281 | LD5: 13.227163 | LE5: 13.323158 | LF5: 13.135693 | LG5: 13.053129 | LH5: 13.121814 | LI5: 13.062211 | LJ5: 13.130817 | LK5: 13.192173 | LL5: 13.221413 | LM5: 13.224342 | LN5: 13.21647 | LO5: 13.205332 | LP5: 13.191534 | LQ5: 13.224129 | LR5: 13.183776 | LS5: 13.164056 | LT5: 13.208991 | LU5: 13.292412 | LV5: 13.352398 | LW5: 13.433704 | LX5: 13.473175 | LY5: 13.524727 | LZ5: 13.569145 | MA5: 13.563044 | MB5: 13.568042 | MC5: 13.551182 | MD5: 13.589819 | ME5: 13.630133 | MF5: 13.660622 | MG5: 13.78271 | MH5: 13.986578 | MI5: 14.249316 | MJ5: 14.454636 | MK5: 14.59997 | ML5: 14.722067 | MM5: 14.748771 | MN5: 14.723935 | MO5: 14.653014 | MP5: 14.573245 | MQ5: 14.553947 | MR5: 14.581508 | MS5: 14.516864 | MT5: 14.319634 | MU5: 14.041762 | MV5: 13.74242 | MW5: 13.429002 | MX5: 13.144985 | MY5: 12.875229 | MZ5: 12.67717 | NA5: 12.534342 | NB5: 12.401944 | NC5: 12.247839 | ND5: 12.081483 | NE5: 11.915249 | NF5: 11.790771 | NG5: 11.715266 | NH5: 11.653885 | NI5: 11.623612 | NJ5: 11.617365 | NK5: 11.60759 | NL5: 11.49175 | NM5: 11.560169 | NN5: 11.613924 | NO5: 11.663492 | NP5: 11.736688 | NQ5: 11.810102 | NR5: 11.818397 | NS5: 11.804627 | NT5: 11.768792 | NU5: 11.710891 | NV5: 11.630924
A6: 4 | B6: H-306_NEG
A7: 5 | B7: H-312_NEG | C7: 0.75404713 | D7: 0.8290754 | E7: 0.90087181 | F7: 0.96943626 | G7: 1.0347688 | H7: 1.0968695 | I7: 1.1378879 | J7: 1.1877923 | K7: 1.2599843 | L7: 1.3267974 | M7: 1.3922729 | N7: 1.447531 | O7: 1.4835964 | P7: 1.5212112 | Q7: 1.5722586 | R7: 1.6055787 | S7: 1.6244857 | T7: 1.6429813 | U7: 1.6571377 | V7: 1.6817837 | W7: 1.7188762 | X7: 1.7443227 | Y7: 1.7914885 | Z7: 1.8462988 | AA7: 1.9017372 | AB7: 1.9442412 | AC7: 1.998296 | AD7: 2.0585312 | AE7: 2.1262503 | AF7: 2.2153006 | AG7: 2.3197285 | AH7: 2.44716 | AI7: 2.6292359 | AJ7: 2.8058429 | AK7: 3.0013606 | AL7: 3.215901 | AM7: 3.4558577 | AN7: 3.7044934 | AO7: 3.9506049 | AP7: 4.1833349 | AQ7: 4.3885077 | AR7: 4.57493 | AS7: 4.7236769 | AT7: 4.8368942 | AU7: 4.9555698 | AV7: 5.047989 | AW7: 5.1107123 | AX7: 5.1787424 | AY7: 5.2230608 | AZ7: 5.2461594 | BA7: 5.2304718 | BB7: 5.1742337 | BC7: 5.1095528 | BD7: 5.1055371 | BE7: 5.1017088 | BF7: 5.0802405 | BG7: 5.0597707 | BH7: 5.0612089 | BI7: 5.0537879 | BJ7: 5.0604621 | BK7: 5.0538371 | BL7: 5.0600894 | BM7: 5.0721018 | BN7: 5.0985077 | BO7: 5.0998976 | BP7: 5.1023907 | BQ7: 5.0957134 | BR7: 5.0815683 | BS7: 5.0621458 | BT7: 5.0604703 | BU7: 5.0577242 | BV7: 5.0853986 | BW7: 5.0743767 | BX7: 5.0355112 | BY7: 5.0395501 | BZ7: 4.9895963 | CA7: 4.9169108 | CB7: 4.835508 | CC7: 4.7535445 | CD7: 4.6917639 | CE7: 4.6434186 | CF7: 4.6181261 | CG7: 4.5612201 | CH7: 4.5426535 | CI7: 4.6776137 | CJ7: 4.7473018 | CK7: 4.836181 | CL7: 4.981299 | CM7: 5.2733301 | CN7: 5.6839603 | CO7: 6.1943948 | CP7: 6.8064026 | CQ7: 7.4260151 | CR7: 8.2062038 | CS7: 9.2279644 | CT7: 10.002295 | CU7: 10.748797 | CV7: 11.465372 | CW7: 12.104071 | CX7: 12.615967 | CY7: 13.048522 | CZ7: 13.412739 | DA7: 13.680205 | DB7: 14.037129 | DC7: 14.448973 | DD7: 14.721499 | DE7: 14.865823 | DF7: 15.031567 | DG7: 15.464313 | DH7: 15.873531 | DI7: 16.179214 | DJ7: 16.404097 | DK7: 16.557982 | DL7: 16.678604 | DM7: 16.728231 | DN7: 16.699821 | DO7: 16.487064 | DP7: 16.488653 | DQ7: 16.788502 | DR7: 16.953362 | DS7: 17.046711 | DT7: 17.158107 | DU7: 17.26195 | DV7: 17.326079 | DW7: 17.386719 | DX7: 17.512213 | DY7: 17.604376 | DZ7: 17.783873 | EA7: 17.959222 | EB7: 18.078976 | EC7: 18.197564 | ED7: 18.305276 | EE7: 18.384982 | EF7: 18.444582 | EG7: 18.526895 | EH7: 18.676788 | EI7: 18.749895 | EJ7: 18.941941 | EK7: 19.058234 | EL7: 19.097197 | EM7: 19.167775 | EN7: 19.3069 | EO7: 19.399187 | EP7: 19.492427 | EQ7: 19.560098 | ER7: 19.656606 | ES7: 19.734881 | ET7: 19.893671 | EU7: 20.005879 | EV7: 20.016773 | EW7: 20.01793 | EX7: 20.196222 | EY7: 20.312962 | EZ7: 20.373282 | FA7: 20.501357 | FB7: 20.637269 | FC7: 20.82624 | FD7: 21.010507 | FE7: 21.167639 | FF7: 21.208919 | FG7: 21.025579 | FH7: 20.842081 | FI7: 20.962714 | FJ7: 21.328251 | FK7: 21.514996 | FL7: 21.830356 | FM7: 22.45792 | FN7: 22.367382 | FO7: 22.255822 | FP7: 22.434439 | FQ7: 21.582146 | FR7: 20.821546 | FS7: 20.925698 | FT7: 20.568681 | FU7: 20.426317 | FV7: 20.387942 | FW7: 20.724563 | FX7: 20.791757 | FY7: 20.856707 | FZ7: 21.257657 | GA7: 21.176595 | GB7: 21.182911 | GC7: 21.627395 | GD7: 21.241728 | GE7: 21.443805 | GF7: 21.47981 | GG7: 21.624811 | GH7: 21.827471 | GI7: 21.8256 | GJ7: 21.882305 | GK7: 22.287126 | GL7: 22.196389 | GM7: 22.20034 | GN7: 21.873113 | GO7: 21.844774 | GP7: 21.99445 | GQ7: 22.083744 | GR7: 22.402204 | GS7: 22.771421 | GT7: 22.806472 | GU7: 23.033644 | GV7: 22.994368 | GW7: 22.976825 | GX7: 23.102383 | GY7: 23.467505 | GZ7: 23.990347 | HA7: 24.509826 | HB7: 24.844056 | HC7: 24.963049 | HD7: 24.835065 | HE7: 24.706936 | HF7: 24.643886 | HG7: 24.718329 | HH7: 24.723365 | HI7: 24.997978 | HJ7: 24.882008 | HK7: 24.942834 | HL7: 24.538431 | HM7: 24.11968 | HN7: 23.734353 | HO7: 23.530755 | HP7: 23.426107 | HQ7: 23.408693 | HR7: 23.445329 | HS7: 23.750758 | HT7: 23.752519 | HU7: 24.001647 | HV7: 23.783633 | HW7: 23.683586 | HX7: 23.566661 | HY7: 23.493665 | HZ7: 23.490344 | IA7: 23.613265 | IB7: 23.883546 | IC7: 24.229864 | ID7: 24.557067 | IE7: 24.852022 | IF7: 25.06831 | IG7: 25.213569 | IH7: 25.23432 | II7: 25.342475 | IJ7: 25.436173 | IK7: 25.534932 | IL7: 25.635972 | IM7: 25.700357 | IN7: 25.752993 | IO7: 25.793885 | IP7: 25.823032 | IQ7: 25.840429 | IR7: 16.094033 | IS7: 16.564987 | IT7: 17.015537 | IU7: 17.445687 | IV7: 17.855436 | IW7: 18.244783 | IX7: 18.640745 | IY7: 18.989824 | IZ7: 19.214589 | JA7: 19.56061 | JB7: 19.75488 | JC7: 19.90242 | JD7: 20.107326 | JE7: 20.21387 | JF7: 20.320656 | JG7: 20.348575 | JH7: 20.603558 | JI7: 20.805727 | JJ7: 20.906015 | JK7: 21.165449 | JL7: 21.333302 | JM7: 21.41207 | JN7: 21.629077 | JO7: 21.739668 | JP7: 21.795479 | JQ7: 21.916745 | JR7: 22.152817 | JS7: 22.293863 | JT7: 22.346718 | JU7: 22.483718 | JV7: 22.537231 | JW7: 22.520003 | JX7: 22.571018 | JY7: 22.507947 | JZ7: 22.407949 | KA7: 22.350628 | KB7: 22.169825 | KC7: 22.01407 | KD7: 21.713607 | KE7: 21.578211 | KF7: 21.422361 | KG7: 21.378551 | KH7: 21.268438 | KI7: 21.219605 | KJ7: 21.137364 | KK7: 21.14394 | KL7: 21.011851 | KM7: 20.886927 | KN7: 20.630844 | KO7: 20.490729 | KP7: 20.306274 | KQ7: 20.151236 | KR7: 19.914317 | KS7: 19.715846 | KT7: 19.452783 | KU7: 19.200618 | KV7: 18.938471 | KW7: 18.666347 | KX7: 18.384242 | KY7: 18.092158 | KZ7: 13.238325 | LA7: 13.663736 | LB7: 14.017797 | LC7: 14.30051 | LD7: 14.511873 | LE7: 14.651887 | LF7: 14.543479 | LG7: 14.477848 | LH7: 14.576317 | LI7: 14.520379 | LJ7: 14.585858 | LK7: 14.686797 | LL7: 14.733973 | LM7: 14.765475 | LN7: 14.774106 | LO7: 14.77601 | LP7: 14.773703 | LQ7: 14.814266 | LR7: 14.781489 | LS7: 14.78185 | LT7: 14.801658 | LU7: 14.893098 | LV7: 14.933658 | LW7: 15.02231 | LX7: 15.069809 | LY7: 15.142223 | LZ7: 15.21657 | MA7: 15.240732 | MB7: 15.264808 | MC7: 15.277353 | MD7: 15.276459 | ME7: 15.312023 | MF7: 15.343522 | MG7: 15.477415 | MH7: 15.711902 | MI7: 15.985908 | MJ7: 16.231281 | MK7: 16.317569 | ML7: 16.377123 | MM7: 16.356623 | MN7: 16.294584 | MO7: 16.22324 | MP7: 16.161501 | MQ7: 16.158307 | MR7: 16.21442 | MS7: 16.199212 | MT7: 16.072151 | MU7: 15.757246 | MV7: 15.489471 | MW7: 15.197941 | MX7: 14.953985 | MY7: 14.688513 | MZ7: 14.477516 | NA7: 14.273421 | NB7: 14.105789 | NC7: 13.918319 | ND7: 13.742033 | NE7: 13.570861 | NF7: 13.483904 | NG7: 13.430128 | NH7: 13.394834 | NI7: 13.320132 | NJ7: 13.295488 | NK7: 13.270863 | NL7: 13.169853 | NM7: 13.250633 | NN7: 13.34111 | NO7: 13.417099 | NP7: 13.503608 | NQ7: 13.605694 | NR7: 13.628908 | NS7: 13.622631 | NT7: 13.586866 | NU7: 13.521613 | NV7: 13.426871
A8: 6 | B8: H-405_NEG
A9: 7 | B9: H-411_NEG
A10: 8 | B10: H-502_NEG
A11: 9 | B11: H-509_NEG
A12: 10 | B12: L-108_NEG | C12: 0.97093881 | D12: 1.042828 | E12: 1.111743 | F12: 1.1776836 | G12: 1.2406503 | H12: 1.3006428 | I12: 1.3335579 | J12: 1.382594 | K12: 1.4597829 | L12: 1.5274148 | M12: 1.5846177 | N12: 1.6355025 | O12: 1.6652576 | P12: 1.6975058 | Q12: 1.7415511 | R12: 1.7687167 | S12: 1.7833817 | T12: 1.7930552 | U12: 1.8047427 | V12: 1.8338253 | W12: 1.8798152 | X12: 1.9044702 | Y12: 1.9537268 | Z12: 2.0095774 | AA12: 2.0651242 | AB12: 2.1096807 | AC12: 2.1618765 | AD12: 2.2171414 | AE12: 2.2781132 | AF12: 2.3710224 | AG12: 2.473479 | AH12: 2.5749314 | AI12: 2.7342598 | AJ12: 2.8863628 | AK12: 3.0429296 | AL12: 3.2210255 | AM12: 3.4152309 | AN12: 3.6194873 | AO12: 3.8165024 | AP12: 4.0176632 | AQ12: 4.1902064 | AR12: 4.3417485 | AS12: 4.470274 | AT12: 4.5681411 | AU12: 4.6656415 | AV12: 4.7537139 | AW12: 4.8182484 | AX12: 4.8893245 | AY12: 4.9363047 | AZ12: 4.9783333 | BA12: 4.9857019 | BB12: 4.9539272 | BC12: 4.9166899 | BD12: 4.9340937 | BE12: 4.948388 | BF12: 4.9497472 | BG12: 4.948294 | BH12: 4.957334 | BI12: 4.9540175 | BJ12: 4.9686623 | BK12: 4.9720802 | BL12: 4.989911 | BM12: 5.013646 | BN12: 5.050237 | BO12: 5.0673469 | BP12: 5.0841429 | BQ12: 5.0860453 | BR12: 5.0827943 | BS12: 5.0673553 | BT12: 5.0765608 | BU12: 5.0828017 | BV12: 5.1227488 | BW12: 5.121247 | BX12: 5.0985171 | BY12: 5.1151086 | BZ12: 5.0792664 | CA12: 5.0140545 | CB12: 4.9477877 | CC12: 4.8790061 | CD12: 4.8338232 | CE12: 4.8015353 | CF12: 4.7967429 | CG12: 4.757097 | CH12: 4.7594412 | CI12: 4.9068736 | CJ12: 4.9853283 | CK12: 5.0668554 | CL12: 5.191615 | CM12: 5.4415077 | CN12: 5.7817145 | CO12: 6.2000035 | CP12: 6.7009721 | CQ12: 7.1993847 | CR12: 7.870355 | CS12: 8.7366579 | CT12: 9.3788428 | CU12: 9.9922287 | CV12: 10.567869 | CW12: 11.07273 | CX12: 11.468878 | CY12: 11.79515 | CZ12: 12.061538 | DA12: 12.250505 | DB12: 12.538099 | DC12: 12.848963 | DD12: 13.042802 | DE12: 13.196063 | DF12: 13.295295 | DG12: 13.559864 | DH12: 13.868838 | DI12: 14.13644 | DJ12: 14.343228 | DK12: 14.508868 | DL12: 14.659169 | DM12: 14.740758 | DN12: 14.777441 | DO12: 14.68368 | DP12: 14.655188 | DQ12: 14.829157 | DR12: 14.973395 | DS12: 15.074045 | DT12: 15.167493 | DU12: 15.268662 | DV12: 15.336187 | DW12: 15.390516 | DX12: 15.51916 | DY12: 15.626114 | DZ12: 15.791345 | EA12: 15.933094 | EB12: 16.072543 | EC12: 16.186238 | ED12: 16.28103 | EE12: 16.375717 | EF12: 16.435517 | EG12: 16.518689 | EH12: 16.664633 | EI12: 16.746385 | EJ12: 16.902183 | EK12: 17.004059 | EL12: 17.06021 | EM12: 17.121942 | EN12: 17.246794 | EO12: 17.341616 | EP12: 17.429511 | EQ12: 17.503991 | ER12: 17.590565 | ES12: 17.657129 | ET12: 17.783601 | EU12: 17.876027 | EV12: 17.912048 | EW12: 17.934921 | EX12: 18.082264 | EY12: 18.186838 | EZ12: 18.233821 | FA12: 18.343674 | FB12: 18.46322 | FC12: 18.622451 | FD12: 18.786019 | FE12: 18.936549 | FF12: 19.012795 | FG12: 18.914249 | FH12: 18.783009 | FI12: 18.871719 | FJ12: 19.122981 | FK12: 19.290073 | FL12: 19.513465 | FM12: 20.037441 | FN12: 20.027344 | FO12: 20.035626 | FP12: 20.336244 | FQ12: 19.673718 | FR12: 19.038164 | FS12: 19.185314 | FT12: 18.712341 | FU12: 18.548887 | FV12: 18.318294 | FW12: 18.510347 | FX12: 18.604133 | FY12: 18.686519 | FZ12: 19.084855 | GA12: 19.050728 | GB12: 19.094037 | GC12: 19.628839 | GD12: 19.16918 | GE12: 19.378593 | GF12: 19.395827 | GG12: 19.533393 | GH12: 19.782098 | GI12: 19.783216 | GJ12: 19.813096 | GK12: 20.244589 | GL12: 20.192501 | GM12: 20.244162 | GN12: 19.86857 | GO12: 19.764847 | GP12: 19.817922 | GQ12: 19.796786 | GR12: 20.052451 | GS12: 20.375989 | GT12: 20.41569 | GU12: 20.696418 | GV12: 20.696395 | GW12: 20.642007 | GX12: 20.675111 | GY12: 20.895406 | GZ12: 21.295664 | HA12: 21.779567 | HB12: 22.150708 | HC12: 22.357878 | HD12: 22.313789 | HE12: 22.197779 | HF12: 22.098447 | HG12: 22.138716 | HH12: 22.148017 | HI12: 22.332543 | HJ12: 22.247717 | HK12: 22.274985 | HL12: 21.942203 | HM12: 21.573386 | HN12: 21.207454 | HO12: 20.984692 | HP12: 20.912308 | HQ12: 21.019967 | HR12: 21.20704 | HS12: 21.605989 | HT12: 21.791925 | HU12: 22.121218 | HV12: 22.098941 | HW12: 22.080909 | HX12: 21.993401 | HY12: 21.899097 | HZ12: 21.845272 | IA12: 21.925745 | IB12: 22.152874 | IC12: 22.463263 | ID12: 22.767253 | IE12: 23.055429 | IF12: 23.297807 | IG12: 23.449724 | IH12: 23.504908 | II12: 23.613985 | IJ12: 23.688257 | IK12: 23.771076 | IL12: 23.832775 | IM12: 23.888444 | IN12: 23.93572 | IO12: 23.974607 | IP12: 24.005098 | IQ12: 24.027202 | IR12: 17.218393 | IS12: 17.656164 | IT12: 18.071845 | IU12: 18.465433 | IV12: 18.836931 | IW12: 19.186337 | IX12: 19.540113 | IY12: 19.828091 | IZ12: 20.010121 | JA12: 20.331871 | JB12: 20.486635 | JC12: 20.608479 | JD12: 20.7529 | JE12: 20.833097 | JF12: 20.915751 | JG12: 20.915777 | JH12: 21.164299 | JI12: 21.351152 | JJ12: 21.452453 | JK12: 21.692032 | JL12: 21.834504 | JM12: 21.918074 | JN12: 22.080514 | JO12: 22.17584 | JP12: 22.212785 | JQ12: 22.29942 | JR12: 22.557807 | JS12: 22.705974 | JT12: 22.761719 | JU12: 22.919393 | JV12: 23.000216 | JW12: 23.022233 | JX12: 23.094021 | JY12: 23.060181 | JZ12: 22.976973 | KA12: 22.937035 | KB12: 22.8057 | KC12: 22.67067 | KD12: 22.407315 | KE12: 22.313109 | KF12: 22.18212 | KG12: 22.166447 | KH12: 22.103837 | KI12: 22.06455 | KJ12: 22.021945 | KK12: 22.049175 | KL12: 21.946245 | KM12: 21.845314 | KN12: 21.619639 | KO12: 21.491968 | KP12: 21.329304 | KQ12: 21.190781 | KR12: 20.970595 | KS12: 20.785361 | KT12: 20.561507 | KU12: 20.335331 | KV12: 20.098204 | KW12: 19.850129 | KX12: 19.591101 | KY12: 19.321126 | KZ12: 16.032479 | LA12: 16.338568 | LB12: 16.587844 | LC12: 16.780305 | LD12: 16.915952 | LE12: 16.994787 | LF12: 16.715207 | LG12: 16.675806 | LH12: 16.777683 | LI12: 16.743323 | LJ12: 16.886493 | LK12: 16.957758 | LL12: 16.973426 | LM12: 16.949942 | LN12: 16.910836 | LO12: 16.863981 | LP12: 16.843187 | LQ12: 16.894009 | LR12: 16.809966 | LS12: 16.801075 | LT12: 16.793127 | LU12: 16.849538 | LV12: 16.863976 | LW12: 16.920769 | LX12: 16.945096 | LY12: 17.003709 | LZ12: 17.060442 | MA12: 17.082126 | MB12: 17.088518 | MC12: 17.089301 | MD12: 17.077441 | ME12: 17.110321 | MF12: 17.120443 | MG12: 17.221598 | MH12: 17.449041 | MI12: 17.76308 | MJ12: 17.996838 | MK12: 18.172678 | ML12: 18.257271 | MM12: 18.24795 | MN12: 18.193829 | MO12: 18.089979 | MP12: 17.959044 | MQ12: 17.891703 | MR12: 17.941876 | MS12: 17.919706 | MT12: 17.717413 | MU12: 17.448212 | MV12: 17.120854 | MW12: 16.779212 | MX12: 16.496451 | MY12: 16.239867 | MZ12: 16.045983 | NA12: 15.859941 | NB12: 15.715814 | NC12: 15.554284 | ND12: 15.391564 | NE12: 15.192846 | NF12: 15.00563 | NG12: 14.889335 | NH12: 14.819139 | NI12: 14.831945 | NJ12: 14.838698 | NK12: 14.810833 | NL12: 14.719132 | NM12: 14.870077 | NN12: 15.005531 | NO12: 15.072026 | NP12: 15.167965 | NQ12: 15.219993 | NR12: 15.221886 | NS12: 15.190209 | NT12: 15.124964 | NU12: 15.026153 | NV12: 14.89377
A13: 11 | B13: L-111_NEG | C13: 1.122428 | D13: 1.2217255 | E13: 1.3146127 | F13: 1.4010898 | G13: 1.4811566 | H13: 1.554813 | I13: 1.5981078 | J13: 1.650668 | K13: 1.7371284 | L13: 1.8049598 | M13: 1.863511 | N13: 1.913829 | O13: 1.9485952 | P13: 1.9937607 | Q13: 2.039701 | R13: 2.0780146 | S13: 2.093235 | T13: 2.1093275 | U13: 2.1179756 | V13: 2.1431413 | W13: 2.1850627 | X13: 2.2093756 | Y13: 2.2676076 | Z13: 2.3289152 | AA13: 2.3900369 | AB13: 2.4406761 | AC13: 2.5008428 | AD13: 2.5672967 | AE13: 2.6339446 | AF13: 2.7322182 | AG13: 2.8405837 | AH13: 2.9584892 | AI13: 3.1453583 | AJ13: 3.321572 | AK13: 3.5118202 | AL13: 3.7277811 | AM13: 3.9666765 | AN13: 4.2158114 | AO13: 4.4583322 | AP13: 4.6990164 | AQ13: 4.9058694 | AR13: 5.0949906 | AS13: 5.2502623 | AT13: 5.3678095 | AU13: 5.4983689 | AV13: 5.6106581 | AW13: 5.6854557 | AX13: 5.7692556 | AY13: 5.8191323 | AZ13: 5.8610319 | BA13: 5.8534937 | BB13: 5.7969758 | BC13: 5.7274407 | BD13: 5.7298063 | BE13: 5.7382216 | BF13: 5.7226885 | BG13: 5.7057471 | BH13: 5.713621 | BI13: 5.7132891 | BJ13: 5.7277894 | BK13: 5.7242068 | BL13: 5.7367588 | BM13: 5.7538096 | BN13: 5.7939782 | BO13: 5.8066591 | BP13: 5.8142275 | BQ13: 5.8185363 | BR13: 5.8117484 | BS13: 5.7977535 | BT13: 5.7923975 | BU13: 5.7905273 | BV13: 5.8286558 | BW13: 5.8190493 | BX13: 5.7928309 | BY13: 5.8166346 | BZ13: 5.7822005 | CA13: 5.7198949 | CB13: 5.6465872 | CC13: 5.5694556 | CD13: 5.5045951 | CE13: 5.4584584 | CF13: 5.4399805 | CG13: 5.3818356 | CH13: 5.3740097 | CI13: 5.5364572 | CJ13: 5.621102 | CK13: 5.7111203 | CL13: 5.8467976 | CM13: 6.1235976 | CN13: 6.5078427 | CO13: 7.0025772 | CP13: 7.5913998 | CQ13: 8.2011376 | CR13: 9.0164013 | CS13: 10.078052 | CT13: 10.890275 | CU13: 11.671337 | CV13: 12.427073 | CW13: 13.084872 | CX13: 13.613687 | CY13: 14.064925 | CZ13: 14.427334 | DA13: 14.715088 | DB13: 15.0962 | DC13: 15.505939 | DD13: 15.765504 | DE13: 15.970618 | DF13: 16.121755 | DG13: 16.418268 | DH13: 16.75052 | DI13: 17.047506 | DJ13: 17.273772 | DK13: 17.453048 | DL13: 17.616483 | DM13: 17.715041 | DN13: 17.769383 | DO13: 17.672012 | DP13: 17.645061 | DQ13: 17.847822 | DR13: 17.98026 | DS13: 18.070207 | DT13: 18.162946 | DU13: 18.241672 | DV13: 18.303335 | DW13: 18.357954 | DX13: 18.495357 | DY13: 18.600007 | DZ13: 18.773341 | EA13: 18.947304 | EB13: 19.074326 | EC13: 19.199751 | ED13: 19.312922 | EE13: 19.404854 | EF13: 19.489735 | EG13: 19.570528 | EH13: 19.714048 | EI13: 19.771021 | EJ13: 19.941903 | EK13: 20.056207 | EL13: 20.11158 | EM13: 20.168762 | EN13: 20.294 | EO13: 20.390231 | EP13: 20.485951 | EQ13: 20.558254 | ER13: 20.649978 | ES13: 20.721041 | ET13: 20.879842 | EU13: 20.978809 | EV13: 21.012964 | EW13: 21.013938 | EX13: 21.170118 | EY13: 21.274211 | EZ13: 21.336689 | FA13: 21.453678 | FB13: 21.607729 | FC13: 21.804792 | FD13: 21.971769 | FE13: 22.112942 | FF13: 22.181705 | FG13: 22.054816 | FH13: 21.880124 | FI13: 21.944034 | FJ13: 22.272003 | FK13: 22.408199 | FL13: 22.723786 | FM13: 23.296598 | FN13: 23.156011 | FO13: 23.052811 | FP13: 23.331976 | FQ13: 22.43895 | FR13: 21.631588 | FS13: 21.82138 | FT13: 21.286125 | FU13: 21.140652 | FV13: 20.899313 | FW13: 21.097549 | FX13: 21.201954 | FY13: 21.26038 | FZ13: 21.7071 | GA13: 21.654636 | GB13: 21.668626 | GC13: 22.38738 | GD13: 21.80266 | GE13: 22.042402 | GF13: 22.073216 | GG13: 22.219661 | GH13: 22.494099 | GI13: 22.550862 | GJ13: 22.600243 | GK13: 23.170125 | GL13: 23.042064 | GM13: 23.106193 | GN13: 22.538814 | GO13: 22.31885 | GP13: 22.330178 | GQ13: 22.121727 | GR13: 22.297994 | GS13: 22.675071 | GT13: 22.665843 | GU13: 23.02262 | GV13: 23.001114 | GW13: 22.918314 | GX13: 22.923336 | GY13: 23.168155 | GZ13: 23.606248 | HA13: 24.128868 | HB13: 24.534761 | HC13: 24.75564 | HD13: 24.706872 | HE13: 24.568003 | HF13: 24.433097 | HG13: 24.452881 | HH13: 24.434422 | HI13: 24.624432 | HJ13: 24.513332 | HK13: 24.520947 | HL13: 24.142348 | HM13: 23.712649 | HN13: 23.279793 | HO13: 23.018972 | HP13: 22.930269 | HQ13: 23.047561 | HR13: 23.264495 | HS13: 23.71232 | HT13: 23.939777 | HU13: 24.326205 | HV13: 24.312972 | HW13: 24.295759 | HX13: 24.184872 | HY13: 24.07099 | HZ13: 24.010728 | IA13: 24.080926 | IB13: 24.318129 | IC13: 24.638787 | ID13: 24.955959 | IE13: 25.252233 | IF13: 25.494865 | IG13: 25.644284 | IH13: 25.691546 | II13: 25.813038 | IJ13: 25.887059 | IK13: 25.966095 | IL13: 26.024996 | IM13: 26.075149 | IN13: 26.114669 | IO13: 26.143552 | IP13: 26.161799 | IQ13: 26.169412 | IR13: 18.363162 | IS13: 18.850949 | IT13: 19.309831 | IU13: 19.739804 | IV13: 20.140869 | IW13: 20.513026 | IX13: 20.865682 | IY13: 21.161462 | IZ13: 21.349904 | JA13: 21.685561 | JB13: 21.857666 | JC13: 21.987975 | JD13: 22.148941 | JE13: 22.228915 | JF13: 22.322358 | JG13: 22.33268 | JH13: 22.597393 | JI13: 22.792157 | JJ13: 22.892307 | JK13: 23.139325 | JL13: 23.269797 | JM13: 23.339122 | JN13: 23.489998 | JO13: 23.571371 | JP13: 23.611024 | JQ13: 23.712268 | JR13: 23.986468 | JS13: 24.147903 | JT13: 24.221521 | JU13: 24.395749 | JV13: 24.488748 | JW13: 24.525193 | JX13: 24.602632 | JY13: 24.571498 | JZ13: 24.491576 | KA13: 24.441264 | KB13: 24.295224 | KC13: 24.144762 | KD13: 23.864354 | KE13: 23.761867 | KF13: 23.627666 | KG13: 23.615234 | KH13: 23.538319 | KI13: 23.491518 | KJ13: 23.431973 | KK13: 23.44402 | KL13: 23.318683 | KM13: 23.18866 | KN13: 22.932167 | KO13: 22.781117 | KP13: 22.598383 | KQ13: 22.446133 | KR13: 22.204294 | KS13: 22.006134 | KT13: 21.765181 | KU13: 21.521604 | KV13: 21.266902 | KW13: 21.001075 | KX13: 20.724124 | KY13: 20.436046 | KZ13: 16.995175 | LA13: 17.334146 | LB13: 17.608455 | LC13: 17.818099 | LD13: 17.963083 | LE13: 18.043405 | LF13: 17.683561 | LG13: 17.621347 | LH13: 17.786457 | LI13: 17.764971 | LJ13: 17.945738 | LK13: 18.023377 | LL13: 18.046377 | LM13: 18.029999 | LN13: 17.974738 | LO13: 17.919543 | LP13: 17.873815 | LQ13: 17.933694 | LR13: 17.855425 | LS13: 17.857654 | LT13: 17.86214 | LU13: 17.91852 | LV13: 17.959662 | LW13: 18.037404 | LX13: 18.084038 | LY13: 18.161884 | LZ13: 18.230034 | MA13: 18.258653 | MB13: 18.280671 | MC13: 18.30591 | MD13: 18.302995 | ME13: 18.336755 | MF13: 18.350565 | MG13: 18.460178 | MH13: 18.701005 | MI13: 18.985491 | MJ13: 19.16804 | MK13: 19.302924 | ML13: 19.365433 | MM13: 19.362275 | MN13: 19.284462 | MO13: 19.191513 | MP13: 19.084159 | MQ13: 19.075081 | MR13: 19.169824 | MS13: 19.150426 | MT13: 18.980129 | MU13: 18.731635 | MV13: 18.424063 | MW13: 18.123002 | MX13: 17.839635 | MY13: 17.568473 | MZ13: 17.366724 | NA13: 17.186068 | NB13: 17.016366 | NC13: 16.855872 | ND13: 16.712889 | NE13: 16.509774 | NF13: 16.313729 | NG13: 16.229207 | NH13: 16.156294 | NI13: 16.173249 | NJ13: 16.193911 | NK13: 16.132407 | NL13: 16.008592 | NM13: 16.145175 | NN13: 16.299592 | NO13: 16.321583 | NP13: 16.315762 | NQ13: 16.353642 | NR13: 16.326704 | NS13: 16.26932 | NT13: 16.181486 | NU13: 16.063202 | NV13: 15.914471
A14: 12 | B14: L-202_NEG | C14: 0.94549412 | D14: 1.0281552 | E14: 1.1072282 | F14: 1.1827135 | G14: 1.2546106 | H14: 1.3229199 | I14: 1.367519 | J14: 1.4287427 | K14: 1.5078681 | L14: 1.5770017 | M14: 1.6438188 | N14: 1.6977867 | O14: 1.7310421 | P14: 1.7687428 | Q14: 1.8192989 | R14: 1.854756 | S14: 1.8707021 | T14: 1.8910427 | U14: 1.9052197 | V14: 1.9326658 | W14: 1.9774841 | X14: 2.0060883 | Y14: 2.0579692 | Z14: 2.1221921 | AA14: 2.1811656 | AB14: 2.2295488 | AC14: 2.2836876 | AD14: 2.3436967 | AE14: 2.4047086 | AF14: 2.4954207 | AG14: 2.5994499 | AH14: 2.7138549 | AI14: 2.8810853 | AJ14: 3.0444898 | AK14: 3.2223198 | AL14: 3.4160623 | AM14: 3.6367495 | AN14: 3.8668421 | AO14: 4.095506 | AP14: 4.320022 | AQ14: 4.5170879 | AR14: 4.6940313 | AS14: 4.8382357 | AT14: 4.9533731 | AU14: 5.0735313 | AV14: 5.1733041 | AW14: 5.2420998 | AX14: 5.3166891 | AY14: 5.3636356 | AZ14: 5.3944323 | BA14: 5.387304 | BB14: 5.3375261 | BC14: 5.279632 | BD14: 5.2826606 | BE14: 5.2874607 | BF14: 5.2788867 | BG14: 5.2632623 | BH14: 5.2671954 | BI14: 5.2628601 | BJ14: 5.2741633 | BK14: 5.2703302 | BL14: 5.2784037 | BM14: 5.2947194 | BN14: 5.3235952 | BO14: 5.3334134 | BP14: 5.3439346 | BQ14: 5.3434106 | BR14: 5.3320521 | BS14: 5.3180061 | BT14: 5.3189479 | BU14: 5.3172958 | BV14: 5.3475368 | BW14: 5.3378926 | BX14: 5.3027013 | BY14: 5.3134514 | BZ14: 5.2721083 | CA14: 5.2066402 | CB14: 5.1324698 | CC14: 5.0626376 | CD14: 5.0106714 | CE14: 4.9724677 | CF14: 4.9579655 | CG14: 4.9036912 | CH14: 4.8954112 | CI14: 5.0446863 | CJ14: 5.1237614 | CK14: 5.2045885 | CL14: 5.327947 | CM14: 5.5886184 | CN14: 5.9516747 | CO14: 6.4126486 | CP14: 6.9716956 | CQ14: 7.5429171 | CR14: 8.3084621 | CS14: 9.3273152 | CT14: 10.103495 | CU14: 10.854755 | CV14: 11.575259 | CW14: 12.209215 | CX14: 12.719119 | CY14: 13.152968 | CZ14: 13.509392 | DA14: 13.776762 | DB14: 14.139445 | DC14: 14.548291 | DD14: 14.800935 | DE14: 14.95915 | DF14: 15.120969 | DG14: 15.486582 | DH14: 15.85291 | DI14: 16.140813 | DJ14: 16.355031 | DK14: 16.514865 | DL14: 16.647284 | DM14: 16.708807 | DN14: 16.704278 | DO14: 16.552078 | DP14: 16.568457 | DQ14: 16.815673 | DR14: 16.95972 | DS14: 17.041907 | DT14: 17.130261 | DU14: 17.205517 | DV14: 17.240458 | DW14: 17.275752 | DX14: 17.404532 | DY14: 17.509869 | DZ14: 17.699041 | EA14: 17.873709 | EB14: 18.030138 | EC14: 18.165825 | ED14: 18.283388 | EE14: 18.370588 | EF14: 18.431897 | EG14: 18.501602 | EH14: 18.639889 | EI14: 18.691764 | EJ14: 18.863448 | EK14: 18.972757 | EL14: 19.020251 | EM14: 19.082518 | EN14: 19.223732 | EO14: 19.325579 | EP14: 19.423518 | EQ14: 19.491243 | ER14: 19.576303 | ES14: 19.654311 | ET14: 19.80787 | EU14: 19.897154 | EV14: 19.915727 | EW14: 19.93398 | EX14: 20.119728 | EY14: 20.248187 | EZ14: 20.318555 | FA14: 20.467885 | FB14: 20.601348 | FC14: 20.803102 | FD14: 20.964539 | FE14: 21.091268 | FF14: 21.113202 | FG14: 20.94084 | FH14: 20.789281 | FI14: 20.948095 | FJ14: 21.349374 | FK14: 21.58374 | FL14: 21.896834 | FM14: 22.558408 | FN14: 22.431731 | FO14: 22.273292 | FP14: 22.444365 | FQ14: 21.515965 | FR14: 20.693743 | FS14: 20.814137 | FT14: 20.301223 | FU14: 20.132413 | FV14: 19.927122 | FW14: 20.215623 | FX14: 20.293204 | FY14: 20.361004 | FZ14: 20.799236 | GA14: 20.751313 | GB14: 20.745612 | GC14: 21.337896 | GD14: 20.824894 | GE14: 21.047007 | GF14: 21.054543 | GG14: 21.189912 | GH14: 21.427085 | GI14: 21.492555 | GJ14: 21.541522 | GK14: 22.066494 | GL14: 21.96213 | GM14: 22.013333 | GN14: 21.538697 | GO14: 21.376806 | GP14: 21.407123 | GQ14: 21.271971 | GR14: 21.482479 | GS14: 21.862747 | GT14: 21.849492 | GU14: 22.156172 | GV14: 22.129207 | GW14: 22.073189 | GX14: 22.127104 | GY14: 22.406597 | GZ14: 22.871549 | HA14: 23.372893 | HB14: 23.734065 | HC14: 23.899456 | HD14: 23.823189 | HE14: 23.694979 | HF14: 23.592702 | HG14: 23.631394 | HH14: 23.625958 | HI14: 23.835054 | HJ14: 23.717808 | HK14: 23.740743 | HL14: 23.363085 | HM14: 22.947258 | HN14: 22.565475 | HO14: 22.345137 | HP14: 22.270177 | HQ14: 22.327262 | HR14: 22.456319 | HS14: 22.80546 | HT14: 22.913094 | HU14: 23.218387 | HV14: 23.11891 | HW14: 23.062939 | HX14: 22.960726 | HY14: 22.880462 | HZ14: 22.863805 | IA14: 22.965082 | IB14: 23.205684 | IC14: 23.526595 | ID14: 23.8479 | IE14: 24.132836 | IF14: 24.361775 | IG14: 24.508749 | IH14: 24.540542 | II14: 24.661437 | IJ14: 24.757828 | IK14: 24.85297 | IL14: 24.931392 | IM14: 24.982168 | IN14: 25.018597 | IO14: 25.040674 | IP14: 25.048402 | IQ14: 25.041778 | IR14: 16.332267 | IS14: 16.800773 | IT14: 17.246001 | IU14: 17.667954 | IV14: 18.066629 | IW14: 18.442028 | IX14: 18.816872 | IY14: 19.132757 | IZ14: 19.358115 | JA14: 19.683083 | JB14: 19.883819 | JC14: 20.028502 | JD14: 20.206241 | JE14: 20.308157 | JF14: 20.389846 | JG14: 20.415762 | JH14: 20.644095 | JI14: 20.829403 | JJ14: 20.923008 | JK14: 21.150056 | JL14: 21.317741 | JM14: 21.39927 | JN14: 21.576664 | JO14: 21.67956 | JP14: 21.716069 | JQ14: 21.83637 | JR14: 22.075785 | JS14: 22.219899 | JT14: 22.282835 | JU14: 22.428841 | JV14: 22.499971 | JW14: 22.506463 | JX14: 22.548939 | JY14: 22.494114 | JZ14: 22.401542 | KA14: 22.355321 | KB14: 22.200043 | KC14: 22.064633 | KD14: 21.796559 | KE14: 21.687077 | KF14: 21.535971 | KG14: 21.491907 | KH14: 21.39782 | KI14: 21.349362 | KJ14: 21.273104 | KK14: 21.26976 | KL14: 21.150487 | KM14: 21.035864 | KN14: 20.786486 | KO14: 20.645974 | KP14: 20.458434 | KQ14: 20.295623 | KR14: 20.071345 | KS14: 19.874039 | KT14: 19.615934 | KU14: 19.372938 | KV14: 19.122994 | KW14: 18.8661 | KX14: 18.602259 | KY14: 18.331465 | KZ14: 14.193351 | LA14: 14.587689 | LB14: 14.910675 | LC14: 15.162308 | LD14: 15.342591 | LE14: 15.451521 | LF14: 15.236617 | LG14: 15.148969 | LH14: 15.238834 | LI14: 15.204761 | LJ14: 15.328019 | LK14: 15.400261 | LL14: 15.441652 | LM14: 15.460867 | LN14: 15.444648 | LO14: 15.431686 | LP14: 15.414192 | LQ14: 15.462879 | LR14: 15.418097 | LS14: 15.409598 | LT14: 15.408387 | LU14: 15.471285 | LV14: 15.51034 | LW14: 15.595364 | LX14: 15.632524 | LY14: 15.71501 | LZ14: 15.78609 | MA14: 15.812055 | MB14: 15.849369 | MC14: 15.869564 | MD14: 15.858054 | ME14: 15.89399 | MF14: 15.9133 | MG14: 16.044948 | MH14: 16.267037 | MI14: 16.536629 | MJ14: 16.727601 | MK14: 16.868246 | ML14: 16.968279 | MM14: 16.961128 | MN14: 16.888284 | MO14: 16.809871 | MP14: 16.707948 | MQ14: 16.693441 | MR14: 16.734007 | MS14: 16.702441 | MT14: 16.535241 | MU14: 16.307572 | MV14: 16.050514 | MW14: 15.729438 | MX14: 15.437137 | MY14: 15.170393 | MZ14: 14.957354 | NA14: 14.758509 | NB14: 14.570901 | NC14: 14.429998 | ND14: 14.281672 | NE14: 14.12855 | NF14: 14.014253 | NG14: 13.903446 | NH14: 13.837682 | NI14: 13.820101 | NJ14: 13.790539 | NK14: 13.749733 | NL14: 13.635589 | NM14: 13.73491 | NN14: 13.869969 | NO14: 13.94529 | NP14: 14.019362 | NQ14: 14.041939 | NR14: 14.029847 | NS14: 13.985721 | NT14: 13.909562 | NU14: 13.801371 | NV14: 13.661146
A15: 13 | B15: L-215_NEG | C15: 1.0754517 | D15: 1.1392528 | E15: 1.200923 | F15: 1.2604626 | G15: 1.3178714 | H15: 1.3731495 | I15: 1.4116142 | J15: 1.4542043 | K15: 1.5268696 | L15: 1.584745 | M15: 1.6391806 | N15: 1.6820469 | O15: 1.7101186 | P15: 1.7413203 | Q15: 1.7875444 | R15: 1.8163581 | S15: 1.8300676 | T15: 1.845261 | U15: 1.8547953 | V15: 1.8821552 | W15: 1.9257108 | X15: 1.9536296 | Y15: 2.0088766 | Z15: 2.0697996 | AA15: 2.1284218 | AB15: 2.1748268 | AC15: 2.2267754 | AD15: 2.2911797 | AE15: 2.3562177 | AF15: 2.4521473 | AG15: 2.5607482 | AH15: 2.6728875 | AI15: 2.8542492 | AJ15: 3.0317206 | AK15: 3.2209459 | AL15: 3.4358192 | AM15: 3.6696438 | AN15: 3.9138565 | AO15: 4.1516202 | AP15: 4.3834604 | AQ15: 4.5804913 | AR15: 4.7547839 | AS15: 4.9023228 | AT15: 5.0175306 | AU15: 5.1382151 | AV15: 5.2508363 | AW15: 5.3209124 | AX15: 5.4005619 | AY15: 5.4523362 | AZ15: 5.4847688 | BA15: 5.477823 | BB15: 5.4283381 | BC15: 5.3657171 | BD15: 5.3677376 | BE15: 5.3704447 | BF15: 5.3613121 | BG15: 5.3454076 | BH15: 5.3561183 | BI15: 5.3511759 | BJ15: 5.3621324 | BK15: 5.3579207 | BL15: 5.3673361 | BM15: 5.3799546 | BN15: 5.4107489 | BO15: 5.4152136 | BP15: 5.424824 | BQ15: 5.4249439 | BR15: 5.4203212 | BS15: 5.4062075 | BT15: 5.413524 | BU15: 5.4186139 | BV15: 5.4561138 | BW15: 5.4507477 | BX15: 5.4220451 | BY15: 5.4295052 | BZ15: 5.3894678 | CA15: 5.3193591 | CB15: 5.2420284 | CC15: 5.1630655 | CD15: 5.1054268 | CE15: 5.067585 | CF15: 5.0493694 | CG15: 4.9987627 | CH15: 4.9944499 | CI15: 5.144729 | CJ15: 5.2340845 | CK15: 5.3253621 | CL15: 5.4666245 | CM15: 5.7471322 | CN15: 6.1385929 | CO15: 6.6368364 | CP15: 7.2209031 | CQ15: 7.8131507 | CR15: 8.6062918 | CS15: 9.6169732 | CT15: 10.395178 | CU15: 11.128705 | CV15: 11.835634 | CW15: 12.452477 | CX15: 12.958217 | CY15: 13.397996 | CZ15: 13.746076 | DA15: 14.009624 | DB15: 14.377964 | DC15: 14.767292 | DD15: 15.026548 | DE15: 15.229755 | DF15: 15.32772 | DG15: 15.586587 | DH15: 15.926249 | DI15: 16.231233 | DJ15: 16.455092 | DK15: 16.640988 | DL15: 16.804551 | DM15: 16.913633 | DN15: 16.971083 | DO15: 16.877574 | DP15: 16.809574 | DQ15: 16.993758 | DR15: 17.142893 | DS15: 17.231176 | DT15: 17.31431 | DU15: 17.389081 | DV15: 17.43077 | DW15: 17.465498 | DX15: 17.576479 | DY15: 17.674509 | DZ15: 17.846402 | EA15: 18.023208 | EB15: 18.162134 | EC15: 18.274489 | ED15: 18.388131 | EE15: 18.47327 | EF15: 18.528327 | EG15: 18.598268 | EH15: 18.743902 | EI15: 18.806661 | EJ15: 18.976755 | EK15: 19.104176 | EL15: 19.169887 | EM15: 19.227932 | EN15: 19.361978 | EO15: 19.443032 | EP15: 19.524547 | EQ15: 19.602815 | ER15: 19.707855 | ES15: 19.763612 | ET15: 19.901429 | EU15: 19.997782 | EV15: 20.040039 | EW15: 20.042938 | EX15: 20.178046 | EY15: 20.279794 | EZ15: 20.338145 | FA15: 20.468025 | FB15: 20.61913 | FC15: 20.782167 | FD15: 20.95634 | FE15: 21.09025 | FF15: 21.16959 | FG15: 21.032973 | FH15: 20.840849 | FI15: 20.914619 | FJ15: 21.255097 | FK15: 21.469903 | FL15: 21.845168 | FM15: 22.471406 | FN15: 22.467928 | FO15: 22.408221 | FP15: 22.708573 | FQ15: 21.855802 | FR15: 21.026093 | FS15: 21.133718 | FT15: 20.572003 | FU15: 20.356487 | FV15: 20.092933 | FW15: 20.252333 | FX15: 20.325699 | FY15: 20.359879 | FZ15: 20.810021 | GA15: 20.773681 | GB15: 20.810255 | GC15: 21.477493 | GD15: 20.975661 | GE15: 21.169714 | GF15: 21.184809 | GG15: 21.328253 | GH15: 21.554712 | GI15: 21.635402 | GJ15: 21.731145 | GK15: 22.263402 | GL15: 22.188357 | GM15: 22.284237 | GN15: 21.826905 | GO15: 21.611165 | GP15: 21.62749 | GQ15: 21.467966 | GR15: 21.65095 | GS15: 22.054254 | GT15: 22.085652 | GU15: 22.411714 | GV15: 22.39724 | GW15: 22.337661 | GX15: 22.345747 | GY15: 22.564033 | GZ15: 22.992963 | HA15: 23.501829 | HB15: 23.899301 | HC15: 24.123255 | HD15: 24.075257 | HE15: 23.926603 | HF15: 23.788042 | HG15: 23.820027 | HH15: 23.809906 | HI15: 23.97472 | HJ15: 23.891142 | HK15: 23.875568 | HL15: 23.51536 | HM15: 23.0866 | HN15: 22.647039 | HO15: 22.375455 | HP15: 22.299219 | HQ15: 22.427094 | HR15: 22.638743 | HS15: 23.078768 | HT15: 23.336671 | HU15: 23.709214 | HV15: 23.737428 | HW15: 23.722497 | HX15: 23.627088 | HY15: 23.523064 | HZ15: 23.455953 | IA15: 23.53226 | IB15: 23.760632 | IC15: 24.092857 | ID15: 24.423833 | IE15: 24.72641 | IF15: 24.987132 | IG15: 25.158336 | IH15: 25.217181 | II15: 25.336561 | IJ15: 25.401769 | IK15: 25.485754 | IL15: 25.535457 | IM15: 25.583887 | IN15: 25.622552 | IO15: 25.651447 | IP15: 25.670576 | IQ15: 25.679935 | IR15: 18.374097 | IS15: 18.86029 | IT15: 19.320286 | IU15: 19.754083 | IV15: 20.161687 | IW15: 20.543092 | IX15: 20.927019 | IY15: 21.231503 | IZ15: 21.436758 | JA15: 21.78465 | JB15: 21.95122 | JC15: 22.089044 | JD15: 22.248356 | JE15: 22.319882 | JF15: 22.404239 | JG15: 22.407151 | JH15: 22.667704 | JI15: 22.858982 | JJ15: 22.962595 | JK15: 23.227828 | JL15: 23.379361 | JM15: 23.46491 | JN15: 23.623524 | JO15: 23.704208 | JP15: 23.745316 | JQ15: 23.842835 | JR15: 24.11131 | JS15: 24.266805 | JT15: 24.319513 | JU15: 24.496567 | JV15: 24.601483 | JW15: 24.624832 | JX15: 24.703562 | JY15: 24.666747 | JZ15: 24.59375 | KA15: 24.557834 | KB15: 24.419054 | KC15: 24.27097 | KD15: 23.993168 | KE15: 23.899498 | KF15: 23.76456 | KG15: 23.737225 | KH15: 23.672027 | KI15: 23.613622 | KJ15: 23.570074 | KK15: 23.596118 | KL15: 23.484561 | KM15: 23.367364 | KN15: 23.130179 | KO15: 22.984795 | KP15: 22.800322 | KQ15: 22.651783 | KR15: 22.418822 | KS15: 22.210741 | KT15: 21.975855 | KU15: 21.735215 | KV15: 21.483942 | KW15: 21.222038 | KX15: 20.949506 | KY15: 20.66634 | KZ15: 17.379308 | LA15: 17.666283 | LB15: 17.899734 | LC15: 18.079661 | LD15: 18.206065 | LE15: 18.278944 | LF15: 17.935556 | LG15: 17.899613 | LH15: 18.057245 | LI15: 18.077162 | LJ15: 18.258738 | LK15: 18.336002 | LL15: 18.355459 | LM15: 18.32653 | LN15: 18.268781 | LO15: 18.199618 | LP15: 18.150795 | LQ15: 18.190106 | LR15: 18.108668 | LS15: 18.111567 | LT15: 18.11852 | LU15: 18.177233 | LV15: 18.223015 | LW15: 18.286399 | LX15: 18.314623 | LY15: 18.382355 | LZ15: 18.431219 | MA15: 18.450869 | MB15: 18.477773 | MC15: 18.481193 | MD15: 18.465893 | ME15: 18.494136 | MF15: 18.50825 | MG15: 18.602022 | MH15: 18.840968 | MI15: 19.147649 | MJ15: 19.359883 | MK15: 19.521423 | ML15: 19.603339 | MM15: 19.59196 | MN15: 19.527132 | MO15: 19.426462 | MP15: 19.310976 | MQ15: 19.309204 | MR15: 19.365698 | MS15: 19.353648 | MT15: 19.159831 | MU15: 18.891809 | MV15: 18.557215 | MW15: 18.239823 | MX15: 17.955241 | MY15: 17.692062 | MZ15: 17.464599 | NA15: 17.271868 | NB15: 17.057749 | NC15: 16.921561 | ND15: 16.75686 | NE15: 16.565978 | NF15: 16.417878 | NG15: 16.367128 | NH15: 16.308337 | NI15: 16.301277 | NJ15: 16.260813 | NK15: 16.195321 | NL15: 16.027244 | NM15: 16.177769 | NN15: 16.315411 | NO15: 16.37327 | NP15: 16.439703 | NQ15: 16.517777 | NR15: 16.497908 | NS15: 16.433938 | NT15: 16.325871 | NU15: 16.173703 | NV15: 15.977435
A16: 14 | B16: L-305_NEG | C16: 1.0401904 | D16: 1.1246828 | E16: 1.2058657 | F16: 1.2837392 | G16: 1.358303 | H16: 1.4295572 | I16: 1.4743582 | J16: 1.5386728 | K16: 1.6201562 | L16: 1.6915565 | M16: 1.761892 | N16: 1.8172121 | O16: 1.8349253 | P16: 1.8628699 | Q16: 1.9070755 | R16: 1.9436388 | S16: 1.9599337 | T16: 1.9827246 | U16: 1.9943157 | V16: 2.02246 | W16: 2.0636655 | X16: 2.0847401 | Y16: 2.1295689 | Z16: 2.1881699 | AA16: 2.2454044 | AB16: 2.2978233 | AC16: 2.3560259 | AD16: 2.4268886 | AE16: 2.5009232 | AF16: 2.5985194 | AG16: 2.7187243 | AH16: 2.8468647 | AI16: 3.04972 | AJ16: 3.2433972 | AK16: 3.4550649 | AL16: 3.7011582 | AM16: 3.9708691 | AN16: 4.2463344 | AO16: 4.5125225 | AP16: 4.7716706 | AQ16: 5.000412 | AR16: 5.2003375 | AS16: 5.3744668 | AT16: 5.5056396 | AU16: 5.642704 | AV16: 5.7622626 | AW16: 5.8376601 | AX16: 5.9100083 | AY16: 5.9500902 | AZ16: 5.9674216 | BA16: 5.9446078 | BB16: 5.8736093 | BC16: 5.7874964 | BD16: 5.7705924 | BE16: 5.7557208 | BF16: 5.7272217 | BG16: 5.6941987 | BH16: 5.6882078 | BI16: 5.6743995 | BJ16: 5.6801007 | BK16: 5.6734312 | BL16: 5.6818216 | BM16: 5.6870174 | BN16: 5.718213 | BO16: 5.7208025 | BP16: 5.7201911 | BQ16: 5.7092474 | BR16: 5.6871732 | BS16: 5.6622505 | BT16: 5.6601994 | BU16: 5.6516248 | BV16: 5.6796993 | BW16: 5.660022 | BX16: 5.6208007 | BY16: 5.6180716 | BZ16: 5.5577089 | CA16: 5.4803919 | CB16: 5.3909425 | CC16: 5.3089628 | CD16: 5.2450504 | CE16: 5.1920358 | CF16: 5.166346 | CG16: 5.1003299 | CH16: 5.086623 | CI16: 5.2271104 | CJ16: 5.296481 | CK16: 5.3834077 | CL16: 5.5308892 | CM16: 5.8317932 | CN16: 6.2766443 | CO16: 6.8332643 | CP16: 7.5137294 | CQ16: 8.2118111 | CR16: 9.1352675 | CS16: 10.313708 | CT16: 11.217293 | CU16: 12.091595 | CV16: 12.918126 | CW16: 13.655768 | CX16: 14.26227 | CY16: 14.779528 | CZ16: 15.200432 | DA16: 15.536774 | DB16: 15.968343 | DC16: 16.445188 | DD16: 16.750927 | DE16: 16.949782 | DF16: 17.133414 | DG16: 17.541354 | DH16: 17.930454 | DI16: 18.246433 | DJ16: 18.464675 | DK16: 18.639444 | DL16: 18.77515 | DM16: 18.85552 | DN16: 18.858302 | DO16: 18.687809 | DP16: 18.700986 | DQ16: 18.967373 | DR16: 19.100549 | DS16: 19.208319 | DT16: 19.302171 | DU16: 19.377335 | DV16: 19.42044 | DW16: 19.475673 | DX16: 19.590947 | DY16: 19.693135 | DZ16: 19.88358 | EA16: 20.052065 | EB16: 20.20479 | EC16: 20.372166 | ED16: 20.461005 | EE16: 20.520146 | EF16: 20.575366 | EG16: 20.676656 | EH16: 20.841072 | EI16: 20.930279 | EJ16: 21.148431 | EK16: 21.268277 | EL16: 21.328956 | EM16: 21.404729 | EN16: 21.48423 | EO16: 21.531801 | EP16: 21.606016 | EQ16: 21.674242 | ER16: 21.789534 | ES16: 21.887866 | ET16: 22.098872 | EU16: 22.21651 | EV16: 22.264313 | EW16: 22.320242 | EX16: 22.500642 | EY16: 22.608357 | EZ16: 22.649573 | FA16: 22.781878 | FB16: 22.930868 | FC16: 23.09215 | FD16: 23.306581 | FE16: 23.470144 | FF16: 23.538548 | FG16: 23.376493 | FH16: 23.210125 | FI16: 23.316001 | FJ16: 23.708514 | FK16: 23.963307 | FL16: 24.279585 | FM16: 25.02829 | FN16: 24.844375 | FO16: 24.59405 | FP16: 24.850746 | FQ16: 23.7106 | FR16: 22.772218 | FS16: 22.961242 | FT16: 22.409089 | FU16: 22.227548 | FV16: 21.904429 | FW16: 22.155407 | FX16: 22.178384 | FY16: 22.108838 | FZ16: 22.587349 | GA16: 22.642901 | GB16: 22.773537 | GC16: 23.663255 | GD16: 23.032262 | GE16: 23.25777 | GF16: 23.316333 | GG16: 23.367935 | GH16: 23.624179 | GI16: 23.645389 | GJ16: 23.605949 | GK16: 24.462876 | GL16: 24.323879 | GM16: 24.35823 | GN16: 23.614574 | GO16: 23.335679 | GP16: 23.28686 | GQ16: 22.870169 | GR16: 22.968206 | GS16: 23.348407 | GT16: 23.19049 | GU16: 23.664431 | GV16: 23.64919 | GW16: 23.611268 | GX16: 23.673716 | GY16: 23.978204 | GZ16: 24.460686 | HA16: 25.001382 | HB16: 25.382572 | HC16: 25.55148 | HD16: 25.459941 | HE16: 25.291567 | HF16: 25.173319 | HG16: 25.204856 | HH16: 25.182284 | HI16: 25.386254 | HJ16: 25.251534 | HK16: 25.261352 | HL16: 24.828676 | HM16: 24.368072 | HN16: 23.940179 | HO16: 23.684704 | HP16: 23.602199 | HQ16: 23.642952 | HR16: 23.757893 | HS16: 24.107447 | HT16: 24.211897 | HU16: 24.504793 | HV16: 24.378742 | HW16: 24.327986 | HX16: 24.216764 | HY16: 24.138823 | HZ16: 24.126498 | IA16: 24.223803 | IB16: 24.483817 | IC16: 24.822649 | ID16: 25.16128 | IE16: 25.464536 | IF16: 25.704088 | IG16: 25.872752 | IH16: 25.915781 | II16: 26.050871 | IJ16: 26.150621 | IK16: 26.249307 | IL16: 26.336211 | IM16: 26.389332 | IN16: 26.425142 | IO16: 26.443644 | IP16: 26.44484 | IQ16: 26.428727 | IR16: 16.49153 | IS16: 16.967101 | IT16: 17.422031 | IU16: 17.85632 | IV16: 18.269968 | IW16: 18.662974 | IX16: 19.071943 | IY16: 19.399699 | IZ16: 19.630168 | JA16: 19.980467 | JB16: 20.197079 | JC16: 20.362753 | JD16: 20.561809 | JE16: 20.679258 | JF16: 20.784293 | JG16: 20.843674 | JH16: 21.121777 | JI16: 21.34179 | JJ16: 21.472463 | JK16: 21.727045 | JL16: 21.915194 | JM16: 22.019936 | JN16: 22.216638 | JO16: 22.335143 | JP16: 22.378702 | JQ16: 22.503788 | JR16: 22.769817 | JS16: 22.926228 | JT16: 23.000743 | JU16: 23.132718 | JV16: 23.210804 | JW16: 23.220559 | JX16: 23.275096 | JY16: 23.218356 | JZ16: 23.1283 | KA16: 23.065361 | KB16: 22.892769 | KC16: 22.56503 | KD16: 22.478319 | KE16: 22.484576 | KF16: 22.450925 | KG16: 22.469197 | KH16: 22.387454 | KI16: 22.301107 | KJ16: 22.174751 | KK16: 22.057247 | KL16: 21.752286 | KM16: 21.422703 | KN16: 21.331792 | KO16: 21.190872 | KP16: 21.031241 | KQ16: 20.873373 | KR16: 20.639826 | KS16: 20.441972 | KT16: 20.190177 | KU16: 19.934914 | KV16: 19.663734 | KW16: 19.376635 | KX16: 19.073618 | KY16: 18.754683 | KZ16: 13.887957 | LA16: 14.222497 | LB16: 14.502962 | LC16: 14.729352 | LD16: 14.90167 | LE16: 15.019913 | LF16: 14.879566 | LG16: 14.894764 | LH16: 14.938705 | LI16: 14.963738 | LJ16: 15.071449 | LK16: 15.165753 | LL16: 15.205357 | LM16: 15.202783 | LN16: 15.181806 | LO16: 15.168515 | LP16: 15.163394 | LQ16: 15.223024 | LR16: 15.203218 | LS16: 15.231234 | LT16: 15.265455 | LU16: 15.348442 | LV16: 15.389911 | LW16: 15.479603 | LX16: 15.516606 | LY16: 15.595742 | LZ16: 15.666605 | MA16: 15.710415 | MB16: 15.75289 | MC16: 15.820549 | MD16: 15.841799 | ME16: 15.877635 | MF16: 15.915136 | MG16: 16.035924 | MH16: 16.253346 | MI16: 16.569384 | MJ16: 16.778916 | MK16: 16.973696 | ML16: 17.070178 | MM16: 17.108557 | MN16: 17.038794 | MO16: 16.924771 | MP16: 16.826546 | MQ16: 16.795246 | MR16: 16.791287 | MS16: 16.761426 | MT16: 16.516394 | MU16: 16.196422 | MV16: 15.84096 | MW16: 15.498062 | MX16: 15.238627 | MY16: 15.042466 | MZ16: 14.880254 | NA16: 14.758323 | NB16: 14.556944 | NC16: 14.380318 | ND16: 14.181167 | NE16: 13.929179 | NF16: 13.757937 | NG16: 13.627544 | NH16: 13.567831 | NI16: 13.577686 | NJ16: 13.515188 | NK16: 13.446023 | NL16: 13.292462 | NM16: 13.341576 | NN16: 13.461426 | NO16: 13.486806 | NP16: 13.630212 | NQ16: 13.720233 | NR16: 13.711177 | NS16: 13.664287 | NT16: 13.579566 | NU16: 13.457013 | NV16: 13.296628
A17: 15 | B17: L-315_NEG | C17: 1.0608032 | D17: 1.1345771 | E17: 1.2049561 | F17: 1.2719404 | G17: 1.3355299 | H17: 1.3957247 | I17: 1.4386677 | J17: 1.4894262 | K17: 1.5572638 | L17: 1.6177156 | M17: 1.671075 | N17: 1.7094506 | O17: 1.7359182 | P17: 1.7723113 | Q17: 1.8165523 | R17: 1.8490799 | S17: 1.8659928 | T17: 1.8854712 | U17: 1.9000477 | V17: 1.927892 | W17: 1.971768 | X17: 1.9884687 | Y17: 2.0390532 | Z17: 2.1003415 | AA17: 2.1563929 | AB17: 2.2034163 | AC17: 2.2586065 | AD17: 2.3228438 | AE17: 2.3893882 | AF17: 2.482393 | AG17: 2.586459 | AH17: 2.6942335 | AI17: 2.8677172 | AJ17: 3.0332881 | AK17: 3.2065416 | AL17: 3.4007489 | AM17: 3.6192087 | AN17: 3.8471462 | AO17: 4.0719615 | AP17: 4.2934903 | AQ17: 4.4820121 | AR17: 4.6493459 | AS17: 4.7929252 | AT17: 4.9017661 | AU17: 5.0186811 | AV17: 5.1192572 | AW17: 5.1862439 | AX17: 5.264631 | AY17: 5.3220275 | AZ17: 5.3606415 | BA17: 5.35432 | BB17: 5.3086439 | BC17: 5.2604359 | BD17: 5.2697002 | BE17: 5.2812053 | BF17: 5.2754059 | BG17: 5.2682261 | BH17: 5.2836729 | BI17: 5.28702 | BJ17: 5.2997589 | BK17: 5.297766 | BL17: 5.3150896 | BM17: 5.3368607 | BN17: 5.3747068 | BO17: 5.39037 | BP17: 5.4102467 | BQ17: 5.4154587 | BR17: 5.4120407 | BS17: 5.3933187 | BT17: 5.3955405 | BU17: 5.3999307 | BV17: 5.4402226 | BW17: 5.4388804 | BX17: 5.4241142 | BY17: 5.4473839 | BZ17: 5.4249856 | CA17: 5.3674905 | CB17: 5.2992336 | CC17: 5.2233113 | CD17: 5.1730799 | CE17: 5.1370512 | CF17: 5.1269776 | CG17: 5.0787855 | CH17: 5.0841686 | CI17: 5.242133 | CJ17: 5.334149 | CK17: 5.420226 | CL17: 5.5487388 | CM17: 5.8107245 | CN17: 6.1756543 | CO17: 6.629449 | CP17: 7.1731208 | CQ17: 7.7244846 | CR17: 8.4698982 | CS17: 9.4203851 | CT17: 10.146572 | CU17: 10.834176 | CV17: 11.495111 | CW17: 12.075823 | CX17: 12.546191 | CY17: 12.939274 | CZ17: 13.254737 | DA17: 13.495869 | DB17: 13.839445 | DC17: 14.203027 | DD17: 14.444504 | DE17: 14.637912 | DF17: 14.74328 | DG17: 15.013218 | DH17: 15.334394 | DI17: 15.595038 | DJ17: 15.793312 | DK17: 15.962437 | DL17: 16.123335 | DM17: 16.235089 | DN17: 16.28782 | DO17: 16.205913 | DP17: 16.160695 | DQ17: 16.360293 | DR17: 16.503887 | DS17: 16.589244 | DT17: 16.678388 | DU17: 16.755639 | DV17: 16.808863 | DW17: 16.859941 | DX17: 16.962447 | DY17: 17.06165 | DZ17: 17.233131 | EA17: 17.400077 | EB17: 17.540867 | EC17: 17.679459 | ED17: 17.785651 | EE17: 17.864177 | EF17: 17.921181 | EG17: 17.990323 | EH17: 18.124954 | EI17: 18.197598 | EJ17: 18.370719 | EK17: 18.487052 | EL17: 18.558317 | EM17: 18.630114 | EN17: 18.76375 | EO17: 18.847015 | EP17: 18.933027 | EQ17: 18.990047 | ER17: 19.071245 | ES17: 19.123596 | ET17: 19.250634 | EU17: 19.34222 | EV17: 19.365069 | EW17: 19.374122 | EX17: 19.528107 | EY17: 19.654737 | EZ17: 19.7195 | FA17: 19.82945 | FB17: 19.957703 | FC17: 20.127219 | FD17: 20.293374 | FE17: 20.447135 | FF17: 20.502483 | FG17: 20.37149 | FH17: 20.20566 | FI17: 20.29812 | FJ17: 20.631186 | FK17: 20.82176 | FL17: 21.179238 | FM17: 21.784101 | FN17: 21.752263 | FO17: 21.704524 | FP17: 21.986178 | FQ17: 21.173802 | FR17: 20.365036 | FS17: 20.464382 | FT17: 19.936349 | FU17: 19.72011 | FV17: 19.484456 | FW17: 19.648117 | FX17: 19.718042 | FY17: 19.775563 | FZ17: 20.227397 | GA17: 20.218776 | GB17: 20.27356 | GC17: 20.89939 | GD17: 20.380371 | GE17: 20.571533 | GF17: 20.588619 | GG17: 20.717913 | GH17: 20.971841 | GI17: 21.023252 | GJ17: 21.101345 | GK17: 21.6225 | GL17: 21.559117 | GM17: 21.599073 | GN17: 21.139967 | GO17: 20.955017 | GP17: 20.965434 | GQ17: 20.82179 | GR17: 21.041827 | GS17: 21.399697 | GT17: 21.425193 | GU17: 21.729542 | GV17: 21.712457 | GW17: 21.647725 | GX17: 21.663766 | GY17: 21.876162 | GZ17: 22.282695 | HA17: 22.781185 | HB17: 23.167712 | HC17: 23.384929 | HD17: 23.35175 | HE17: 23.21077 | HF17: 23.078585 | HG17: 23.102801 | HH17: 23.08417 | HI17: 23.251173 | HJ17: 23.146975 | HK17: 23.146005 | HL17: 22.802482 | HM17: 22.402239 | HN17: 22.010991 | HO17: 21.760858 | HP17: 21.692688 | HQ17: 21.814357 | HR17: 22.010202 | HS17: 22.431728 | HT17: 22.645647 | HU17: 23.006049 | HV17: 23.016503 | HW17: 23.0031 | HX17: 22.916556 | HY17: 22.814876 | HZ17: 22.765089 | IA17: 22.836973 | IB17: 23.048595 | IC17: 23.358516 | ID17: 23.667925 | IE17: 23.959913 | IF17: 24.200954 | IG17: 24.364988 | IH17: 24.424663 | II17: 24.554435 | IJ17: 24.65118 | IK17: 24.727857 | IL17: 24.797682 | IM17: 24.846715 | IN17: 24.881818 | IO17: 24.902998 | IP17: 24.910252 | IQ17: 24.903582 | IR17: 17.785835 | IS17: 18.25609 | IT17: 18.699653 | IU17: 19.116523 | IV17: 19.506701 | IW17: 19.870183 | IX17: 20.220071 | IY17: 20.501844 | IZ17: 20.691018 | JA17: 21.029681 | JB17: 21.197309 | JC17: 21.342255 | JD17: 21.51399 | JE17: 21.598467 | JF17: 21.689414 | JG17: 21.691855 | JH17: 21.948107 | JI17: 22.128915 | JJ17: 22.238556 | JK17: 22.497469 | JL17: 22.634931 | JM17: 22.722887 | JN17: 22.879364 | JO17: 22.967098 | JP17: 23.005415 | JQ17: 23.106005 | JR17: 23.369856 | JS17: 23.529966 | JT17: 23.607128 | JU17: 23.781895 | JV17: 23.866255 | JW17: 23.889106 | JX17: 23.945007 | JY17: 23.914337 | JZ17: 23.833832 | KA17: 23.792964 | KB17: 23.655803 | KC17: 23.514836 | KD17: 23.250109 | KE17: 23.165359 | KF17: 23.029445 | KG17: 23.011714 | KH17: 22.93932 | KI17: 22.888096 | KJ17: 22.838076 | KK17: 22.868452 | KL17: 22.752446 | KM17: 22.63746 | KN17: 22.411898 | KO17: 22.28918 | KP17: 22.120026 | KQ17: 21.988286 | KR17: 21.764086 | KS17: 21.569336 | KT17: 21.343942 | KU17: 21.109475 | KV17: 20.861411 | KW17: 20.59974 | KX17: 20.324472 | KY17: 20.035599 | KZ17: 16.613113 | LA17: 16.911148 | LB17: 17.153236 | LC17: 17.339373 | LD17: 17.469558 | LE17: 17.543792 | LF17: 17.223321 | LG17: 17.168238 | LH17: 17.321106 | LI17: 17.330867 | LJ17: 17.490691 | LK17: 17.576381 | LL17: 17.598219 | LM17: 17.587066 | LN17: 17.533914 | LO17: 17.469025 | LP17: 17.427157 | LQ17: 17.477892 | LR17: 17.412096 | LS17: 17.426654 | LT17: 17.415782 | LU17: 17.476483 | LV17: 17.503749 | LW17: 17.565264 | LX17: 17.58708 | LY17: 17.646007 | LZ17: 17.703411 | MA17: 17.738471 | MB17: 17.763477 | MC17: 17.774167 | MD17: 17.753601 | ME17: 17.779295 | MF17: 17.805586 | MG17: 17.900851 | MH17: 18.130529 | MI17: 18.426941 | MJ17: 18.632915 | MK17: 18.791918 | ML17: 18.903715 | MM17: 18.922494 | MN17: 18.867301 | MO17: 18.776332 | MP17: 18.690593 | MQ17: 18.652599 | MR17: 18.720886 | MS17: 18.713872 | MT17: 18.493587 | MU17: 18.208664 | MV17: 17.917912 | MW17: 17.55875 | MX17: 17.263022 | MY17: 16.981774 | MZ17: 16.763106 | NA17: 16.598097 | NB17: 16.427376 | NC17: 16.278035 | ND17: 16.092161 | NE17: 15.904606 | NF17: 15.73914 | NG17: 15.65072 | NH17: 15.604113 | NI17: 15.574906 | NJ17: 15.567375 | NK17: 15.553808 | NL17: 15.417681 | NM17: 15.529202 | NN17: 15.639498 | NO17: 15.67485 | NP17: 15.748521 | NQ17: 15.852283 | NR17: 15.845452 | NS17: 15.798837 | NT17: 15.712437 | NU17: 15.586252 | NV17: 15.420282
